symbol	globalScore	gwasCredibleSets	geneBurden	eva	genomicsEngland	gene2Phenotype	uniprotLiterature	uniprotVariants	orphanet	clingen
FLG	0.7940161929289102	0.8920802344837696	0.9492441888203167	0.6991204172533643	0.3039653988058105	No data	0.607930797611621	No data	No data	No data
IL13	0.687652449852909	0.8635344850333382	No data	No data	No data	No data	No data	No data	No data	No data
IL6R	0.6422463612288438	0.861233031897989	No data	No data	0.7599134970145264	No data	No data	No data	No data	No data
IL7R	0.5241209257539916	0.8596927648889584	No data	No data	No data	No data	No data	No data	No data	No data
PRKCQ	0.5230185073095387	0.8596469208209475	No data	No data	No data	No data	No data	No data	No data	No data
IL22	0.5405730679877978	0.8539308218648075	No data	No data	No data	No data	No data	No data	No data	No data
TESPA1	0.5158467742563148	0.8485287738060369	No data	No data	No data	No data	No data	No data	No data	No data
DOK2	0.5100222019701123	0.8383398638754622	No data	No data	No data	No data	No data	No data	No data	No data
BACH2	0.5062161184779794	0.8326870763362404	No data	No data	No data	No data	No data	No data	No data	No data
CYP24A1	0.5038017547935124	0.8215724445334789	No data	No data	No data	No data	No data	No data	No data	No data
BLTP1	0.4966457873446017	0.8169446083267619	No data	No data	No data	No data	No data	No data	No data	No data
NLRP10	0.496746356160655	0.8149284091775716	No data	No data	No data	No data	No data	No data	No data	No data
SERPINB7	0.4895933086836298	0.79884130995236	No data	No data	No data	No data	No data	No data	No data	No data
SATB1	0.4824527299482349	0.7897985391475374	No data	No data	No data	No data	No data	No data	No data	No data
MMP12	0.47832537819424814	0.7812325996454733	No data	No data	No data	No data	No data	No data	No data	No data
ETS1	0.4704000191827882	0.7705806759357021	No data	No data	No data	No data	No data	No data	No data	No data
IL2RA	0.4605208589128154	0.7516278646660278	No data	No data	No data	No data	No data	No data	No data	No data
D2HGDH	0.45870109665970127	0.7511088626715942	No data	No data	No data	No data	No data	No data	No data	No data
CREB5	0.4551239106446446	0.7479398673322097	No data	No data	No data	No data	No data	No data	No data	No data
FOSL2	0.4494574961122212	0.7387155216052043	No data	No data	No data	No data	No data	No data	No data	No data
NFILZ	0.4440147779701112	0.7303705943415154	No data	No data	No data	No data	No data	No data	No data	No data
TNFSF4	0.5412766713836117	0.7278596879766055	No data	No data	No data	No data	No data	No data	No data	No data
ZNF652	0.4401611877150375	0.7203841462013104	No data	No data	No data	No data	No data	No data	No data	No data
CLEC16A	0.43580694038347045	0.7168693247580581	No data	No data	No data	No data	No data	No data	No data	No data
AGO2	0.43458209324105357	0.7101086065298461	No data	No data	No data	No data	No data	No data	No data	No data
MFN2	0.431402296739955	0.7096240204227291	No data	No data	No data	No data	No data	No data	No data	No data
ADO	0.4297842785929472	0.7069625034320379	No data	No data	No data	No data	No data	No data	No data	No data
CSF2RB	0.4310569996593879	0.7060163789566165	No data	No data	No data	No data	No data	No data	No data	No data
IL18R1	0.4316228375107493	0.7056364915743215	No data	No data	No data	No data	No data	No data	No data	No data
PRR5L	0.42558868034327596	0.7000610628961176	No data	No data	No data	No data	No data	No data	No data	No data
TRAF3	0.42635012858379884	0.6982739334445929	No data	No data	No data	No data	No data	No data	No data	No data
INPP5D	0.4402018854161841	0.6937021357344825	No data	No data	No data	No data	No data	No data	No data	No data
ZNF217	0.4176332027213733	0.6869749062921794	No data	No data	No data	No data	No data	No data	No data	No data
IL18RAP	0.41828832759987566	0.6861004936986046	No data	No data	No data	No data	No data	No data	No data	No data
ACOXL	0.4157209039810276	0.6838293200710857	No data	No data	No data	No data	No data	No data	No data	No data
MRPS21	0.4128424490296672	0.6790944802461105	No data	No data	No data	No data	No data	No data	No data	No data
FOXP1	0.40856273339450316	0.6720546729983484	No data	No data	No data	No data	No data	No data	No data	No data
KDELR2	0.40601041086909184	0.6678562962498129	No data	No data	No data	No data	No data	No data	No data	No data
LRP1	0.40356308092337023	0.6623107973284256	No data	No data	No data	No data	No data	No data	No data	No data
PDCD1	0.40429427290410297	0.6603553055823019	No data	No data	No data	No data	No data	No data	No data	No data
IL1RL1	0.41899343062351907	0.6567468865316185	No data	No data	No data	No data	No data	No data	No data	No data
TAGAP	0.3949766872769835	0.6460590739799812	No data	No data	No data	No data	No data	No data	No data	No data
IL22RA2	0.3911344011489989	0.6422169674047474	No data	No data	No data	No data	No data	No data	No data	No data
GLB1	0.39170347649995507	0.6422031612741457	No data	No data	No data	No data	No data	No data	No data	No data
CD200R1	0.38961308981484444	0.6402760174174125	No data	No data	No data	No data	No data	No data	No data	No data
BHLHE40	0.3865139202011155	0.6357860495300016	No data	No data	No data	No data	No data	No data	No data	No data
PRORP	0.3856117769360519	0.6343020923615084	No data	No data	No data	No data	No data	No data	No data	No data
ARRDC1	0.38578458817488165	0.6328823679971798	No data	No data	No data	No data	No data	No data	No data	No data
TNFRSF11A	0.38443968355172137	0.6323740877449708	No data	No data	No data	No data	No data	No data	No data	No data
ADAD1	0.38248950476126475	0.6291661917177942	No data	No data	No data	No data	No data	No data	No data	No data
TNFSF18	0.3807110691479067	0.6184516868315537	No data	No data	No data	No data	No data	No data	No data	No data
RUNX3	0.3723186225263674	0.6093962087599657	No data	No data	No data	No data	No data	No data	No data	No data
AHI1	0.3678829802687482	0.6051395680463152	No data	No data	No data	No data	No data	No data	No data	No data
RPRD2	0.36692063997388136	0.6035565913347427	No data	No data	No data	No data	No data	No data	No data	No data
CD207	0.3702882055849206	0.6027581804587727	No data	No data	No data	No data	No data	No data	No data	No data
AFF1	0.3660105262910984	0.6020595234343197	No data	No data	No data	No data	No data	No data	No data	No data
PLXNC1	0.36166265492473776	0.5949076051840153	No data	No data	No data	No data	No data	No data	No data	No data
GATA3	0.3681803317479283	0.593678406461058	No data	No data	No data	No data	No data	No data	No data	No data
BATF3	0.35964435275503837	0.5915876513708038	No data	No data	No data	No data	No data	No data	No data	No data
DSC1	0.3670685780826552	0.5897243514161675	No data	No data	No data	No data	No data	No data	No data	No data
IL2	0.3642816423134825	0.5872488699519983	No data	No data	No data	No data	No data	No data	No data	No data
OTULINL	0.3527105589827636	0.5801820871198798	No data	No data	No data	No data	No data	No data	No data	No data
SUOX	0.3509920744356986	0.5773553105298199	No data	No data	No data	No data	No data	No data	No data	No data
ITPKA	0.34743313699913836	0.5715011286878369	No data	No data	No data	No data	No data	No data	No data	No data
CIART	0.34721721398567906	0.5711459517264005	No data	No data	No data	No data	No data	No data	No data	No data
IRF4	0.3462678301168105	0.5674565295601329	No data	No data	No data	No data	No data	No data	No data	No data
PUS10	0.3434354022633942	0.5649251586079362	No data	No data	No data	No data	No data	No data	No data	No data
CARD11	0.34400744594760313	0.5645671022951584	No data	No data	No data	No data	No data	No data	No data	No data
RGS14	0.34259615960910156	0.5611621293062257	No data	No data	No data	No data	No data	No data	No data	No data
TLR1	0.3411004420816446	0.5584951045894438	No data	No data	No data	No data	No data	No data	No data	No data
IL1RL2	0.3399859011913196	0.5570556856176475	No data	No data	No data	No data	No data	No data	No data	No data
PRKRA	0.33720628833798255	0.5537668430001582	No data	No data	No data	No data	No data	No data	No data	No data
SMARCE1	0.3336747277121753	0.547349763135446	No data	No data	No data	No data	No data	No data	No data	No data
AQP3	0.3370026210090653	0.5467701178702016	No data	No data	No data	No data	No data	No data	No data	No data
POU3F3	0.32968474399671754	0.5423063698893865	No data	No data	No data	No data	No data	No data	No data	No data
ECM1	0.3279862340166302	0.5371398311379285	No data	No data	No data	No data	No data	No data	No data	No data
RERE	0.32269348781130747	0.5308062843321543	No data	No data	No data	No data	No data	No data	No data	No data
EHMT1	0.322028711652893	0.5297127780300781	No data	No data	No data	No data	No data	No data	No data	No data
PON1	0.3189344086863846	0.5246228846101939	No data	No data	No data	No data	No data	No data	No data	No data
SEPTIN8	0.3187170297120644	0.5242653127036969	No data	No data	No data	No data	No data	No data	No data	No data
ANKRD55	0.3138884761148669	0.5163227086833587	No data	No data	No data	No data	No data	No data	No data	No data
NCF4	0.31486828183855864	0.516110622306309	No data	No data	No data	No data	No data	No data	No data	No data
FAM177A1	0.3116532356300335	0.5126459078145509	No data	No data	No data	No data	No data	No data	No data	No data
PHF19	0.311631131603769	0.512609548369773	No data	No data	No data	No data	No data	No data	No data	No data
IL15	0.31318358993664075	0.5109759795930506	No data	No data	No data	No data	No data	No data	No data	No data
SAMSN1	0.311214682925647	0.5106367066136697	No data	No data	No data	No data	No data	No data	No data	No data
OR10A3	0.3104349934509783	0.5091221649408834	No data	No data	No data	No data	No data	No data	No data	No data
LEF1	0.3064963133247744	0.5041631622035059	No data	No data	No data	No data	No data	No data	No data	No data
MIIP	0.30442253530017543	0.5007519548214383	No data	No data	No data	No data	No data	No data	No data	No data
SLC22A5	0.3029424050043393	0.4983172528756722	No data	No data	No data	No data	No data	No data	No data	No data
ZBTB38	0.3027445481951089	0.4973838626507578	No data	No data	No data	No data	No data	No data	No data	No data
TMPRSS6	0.3013801533343134	0.4957474675050947	No data	No data	No data	No data	No data	No data	No data	No data
PDE1B	0.29781344635314866	0.4898805053522028	No data	No data	No data	No data	No data	No data	No data	No data
SMAD3	0.3000369598448263	0.48931939864647667	No data	No data	No data	No data	No data	No data	No data	No data
RORC	0.29575033018026353	0.48387061900380723	No data	No data	No data	No data	No data	No data	No data	No data
P4HA2	0.29430366304019373	0.4825873513170964	No data	No data	No data	No data	No data	No data	No data	No data
GYG1	0.2927187643217434	0.48150014026555027	No data	No data	No data	No data	No data	No data	No data	No data
RBMS3	0.2946541882829286	0.48103618093328565	No data	No data	No data	No data	No data	No data	No data	No data
NFKBIA	0.2941912328635194	0.4804331859904385	No data	No data	No data	No data	No data	No data	No data	No data
TRIL	0.2875569447786993	0.47300933907021137	No data	No data	No data	No data	No data	No data	No data	No data
SLC9A4	0.28806726503090846	0.4723289501408668	No data	No data	No data	No data	No data	No data	No data	No data
PTPRN2	0.2854468340450112	0.4695383671405475	No data	No data	No data	No data	No data	No data	No data	No data
CHN2	0.2854370312842114	0.4695222423433858	No data	No data	No data	No data	No data	No data	No data	No data
NCKAP5	0.28483285078880394	0.46852841130573963	No data	No data	No data	No data	No data	No data	No data	No data
FASLG	0.2877644929945994	0.4654744744633809	No data	No data	No data	No data	No data	No data	No data	No data
SLC7A10	0.2808611962412228	0.46199534115501756	No data	No data	No data	No data	No data	No data	No data	No data
EMSY	0.2813227018200694	0.46022651164282113	No data	No data	No data	No data	No data	No data	No data	No data
MAP3K14	0.2810470654300328	0.4579435509163447	No data	No data	No data	No data	No data	No data	No data	No data
CDC42SE2	0.27828117973862976	0.45775140991690766	No data	No data	No data	No data	No data	No data	No data	No data
LRRC43	0.2779248548907258	0.45716528259895656	No data	No data	No data	No data	No data	No data	No data	No data
NBPF15	0.2776991724823629	0.4567940521739649	No data	No data	No data	No data	No data	No data	No data	No data
SPATA32	0.2759568143577321	0.453928005361604	No data	No data	No data	No data	No data	No data	No data	No data
SLC25A46	0.2724283701397265	0.44721208635228116	No data	No data	No data	No data	No data	No data	No data	No data
RORA	0.27316895149315534	0.4441779021681931	No data	No data	No data	No data	No data	No data	No data	No data
C1orf54	0.2695805020319301	0.4434394557588324	No data	No data	No data	No data	No data	No data	No data	No data
IL4	0.27970093157614956	0.44270062200358035	No data	No data	No data	No data	No data	No data	No data	No data
GPR132	0.2687246017837461	0.44203156484173023	No data	No data	No data	No data	No data	No data	No data	No data
ARID3A	0.2683001044558161	0.44133329897068424	No data	No data	No data	No data	No data	No data	No data	No data
DUSP1	0.2745671861283663	0.4374908944320084	No data	No data	No data	No data	No data	No data	No data	No data
DDX6	0.2645866454391434	0.4321852868746609	No data	No data	No data	No data	No data	No data	No data	No data
SOCS1	0.26864044608119614	0.43189705010405866	No data	No data	No data	No data	No data	No data	No data	No data
ALPK2	0.2616063215217973	0.43032253432392403	No data	No data	No data	No data	No data	No data	No data	No data
BCL9	0.2610605831036975	0.4294248360657607	No data	No data	No data	No data	No data	No data	No data	No data
CCDC80	0.26212547873941816	0.428455759168812	No data	No data	No data	No data	No data	No data	No data	No data
ZBTB10	0.2595274256265967	0.42690290843333256	No data	No data	No data	No data	No data	No data	No data	No data
NAA35	0.2593046553146786	0.4265364681858681	No data	No data	No data	No data	No data	No data	No data	No data
TBX21	0.26263338128136654	0.42488144799359584	No data	No data	No data	No data	No data	No data	No data	No data
ACTL9	0.2586440416537983	0.42154891959148966	No data	No data	No data	No data	No data	No data	No data	No data
CD247	0.2559885245224977	0.42108168483682734	No data	No data	No data	No data	No data	No data	No data	No data
NSMCE1	0.25591589597787534	0.4209622163958342	No data	No data	No data	No data	No data	No data	No data	No data
REL	0.25742057856396205	0.42010212909116723	No data	No data	No data	No data	No data	No data	No data	No data
TNFRSF6B	0.25482557210061646	0.41716761086727905	No data	No data	No data	No data	No data	No data	No data	No data
RTEL1	0.25373270512826607	0.41562323218154645	No data	No data	No data	No data	No data	No data	No data	No data
CTSS	0.2524815372818459	0.41531295712237415	No data	No data	No data	No data	No data	No data	No data	No data
CPE	0.2531086082171066	0.4152266441631853	No data	No data	No data	No data	No data	No data	No data	No data
PPP2R3C	0.25197555973701513	0.41448066248157195	No data	No data	No data	No data	No data	No data	No data	No data
PON3	0.2525528018033852	0.4143899664857415	No data	No data	No data	No data	No data	No data	No data	No data
OVOL1	0.2556984810119645	0.4143752699976964	No data	No data	No data	No data	No data	No data	No data	No data
RYBP	0.2518885914111753	0.4143376061893402	No data	No data	No data	No data	No data	No data	No data	No data
PTPA	0.25089926911773464	0.41271024613894064	No data	No data	No data	No data	No data	No data	No data	No data
ZNF365	0.2525782212260886	0.4122803581816805	No data	No data	No data	No data	No data	No data	No data	No data
NDUFAF1	0.25005148795126364	0.41131571049474946	No data	No data	No data	No data	No data	No data	No data	No data
RAD51B	0.2496391331660691	0.41063741818448224	No data	No data	No data	No data	No data	No data	No data	No data
SNX27	0.24815173769052154	0.40819076556975853	No data	No data	No data	No data	No data	No data	No data	No data
S100A11	0.2456660679577634	0.40349409680637255	No data	No data	No data	No data	No data	No data	No data	No data
PEX13	0.2444739260417634	0.40214104467519757	No data	No data	No data	No data	No data	No data	No data	No data
RAB5B	0.2436702455387911	0.40081905127376155	No data	No data	No data	No data	No data	No data	No data	No data
KIF3A	0.24650951447918001	0.39940756439880887	No data	No data	No data	No data	No data	No data	No data	No data
IL6	0.24904705346026795	0.3985814327614563	No data	No data	No data	No data	No data	No data	No data	No data
CDH13	0.2419402871493363	0.3979734010842148	No data	No data	No data	No data	No data	No data	No data	No data
HRNR	0.2580964473259436	0.3925138198263054	No data	No data	No data	No data	No data	No data	No data	No data
CCR7	0.23360658768454984	0.3816010040637623	No data	No data	No data	No data	No data	No data	No data	No data
TRIB1	0.2321963557123771	0.37890571976929616	No data	No data	No data	No data	No data	No data	No data	No data
HMSD	0.23013781821805873	0.3785592358903376	No data	No data	No data	No data	No data	No data	No data	No data
GLS	0.22996825248489802	0.37828031313494026	No data	No data	No data	No data	No data	No data	No data	No data
LRRC32	0.231801504013547	0.3762747610505327	No data	No data	No data	No data	No data	No data	No data	No data
CHD7	0.22628104650458464	0.3722151392783117	No data	No data	No data	No data	No data	No data	No data	No data
LAYN	0.22633955769074396	0.37079155874257885	No data	No data	No data	No data	No data	No data	No data	No data
RAPGEF6	0.2187746671713442	0.35986771525779687	No data	No data	No data	No data	No data	No data	No data	No data
STAT6	0.22304146929801702	0.35670514171702	No data	No data	No data	No data	No data	No data	No data	No data
ENSG00000293584	0.21668191971999126	0.35642530460912647	No data	No data	No data	No data	No data	No data	No data	No data
CAVIN1	0.21602272243658277	0.35534097513281393	No data	No data	No data	No data	No data	No data	No data	No data
PLK2	0.21556665312074855	0.35459077573902437	No data	No data	No data	No data	No data	No data	No data	No data
SLAMF6	0.21536619186360764	0.35426103219267263	No data	No data	No data	No data	No data	No data	No data	No data
NOTCH2	0.21533077287829694	0.3531388917554896	No data	No data	No data	No data	No data	No data	No data	No data
EGR2	0.21310769718968064	0.3505459799485686	No data	No data	No data	No data	No data	No data	No data	No data
RBM17	0.2100454105617425	0.3455087509745325	No data	No data	No data	No data	No data	No data	No data	No data
RASIP1	0.2095233942740613	0.3446500738196128	No data	No data	No data	No data	No data	No data	No data	No data
ANAPC1	0.20004557863961564	0.3290597867808887	No data	No data	No data	No data	No data	No data	No data	No data
WNK1	0.20152647131645948	0.3289919174171722	No data	No data	No data	No data	No data	No data	No data	No data
IL3	0.2031053290091732	0.328275976423195	No data	No data	No data	No data	No data	No data	No data	No data
B3GNT7	0.19785830718037475	0.32546189131674375	No data	No data	No data	No data	No data	No data	No data	No data
STMN3	0.19768975300762598	0.32518463250141316	No data	No data	No data	No data	No data	No data	No data	No data
TBCEL	0.19734451034240916	0.3246167345324779	No data	No data	No data	No data	No data	No data	No data	No data
FLG2	0.21796568414899234	0.32454462387590766	No data	No data	No data	No data	No data	No data	No data	No data
GAL3ST2	0.19676326445225495	0.3236606291789776	No data	No data	No data	No data	No data	No data	No data	No data
LIME1	0.19579192162156947	0.32206284397957397	No data	No data	No data	No data	No data	No data	No data	No data
SLAMF1	0.19547611976166188	0.3169489683440863	No data	No data	No data	No data	No data	No data	No data	No data
RAPGEF4	0.1917341810642581	0.3153881688796234	No data	No data	No data	No data	No data	No data	No data	No data
THEM5	0.19056928265110173	0.3134719994443309	No data	No data	No data	No data	No data	No data	No data	No data
MSL3B	0.19047707061355568	0.3133203176445137	No data	No data	No data	No data	No data	No data	No data	No data
BATF	0.19138667958222097	0.31329672833450867	No data	No data	No data	No data	No data	No data	No data	No data
GRIK4	0.18839692477183667	0.3098986356868118	No data	No data	No data	No data	No data	No data	No data	No data
CSF2	0.1944681608381794	0.30951458695396417	No data	No data	No data	No data	No data	No data	No data	No data
RAD50	0.1881429968075213	0.3070492202766045	No data	No data	No data	No data	No data	No data	No data	No data
DMRTA1	0.18531575183738774	0.30483034017266125	No data	No data	No data	No data	No data	No data	No data	No data
DEXI	0.18450655565608579	0.3034992738991955	No data	No data	No data	No data	No data	No data	No data	No data
ACSL6	0.18152192507675405	0.2985897832284523	No data	No data	No data	No data	No data	No data	No data	No data
SH2D4A	0.17773229202530522	0.2923561246174111	No data	No data	No data	No data	No data	No data	No data	No data
ZGPAT	0.17832483510854272	0.29226693409988225	No data	No data	No data	No data	No data	No data	No data	No data
SPSB1	0.1762509516820607	0.2899194322355409	No data	No data	No data	No data	No data	No data	No data	No data
TCHHL1	0.17759794089295208	0.2890954732183303	No data	No data	No data	No data	No data	No data	No data	No data
NAB1	0.1746940199372779	0.2873583977380298	No data	No data	No data	No data	No data	No data	No data	No data
COMMD9	0.1629801315318979	0.2680899407830599	No data	No data	No data	No data	No data	No data	No data	No data
TARS2	0.1626521711880569	0.26755047092048767	No data	No data	No data	No data	No data	No data	No data	No data
TNFAIP3	0.16682412435966099	0.2651135334612999	No data	No data	No data	No data	No data	No data	No data	No data
TMEM232	0.16466587603729368	0.2651034107977883	No data	No data	No data	No data	No data	No data	No data	No data
AQP7	0.16089953225923004	0.2646675129658776	No data	No data	No data	No data	No data	No data	No data	No data
PFDN4	0.16034732559482381	0.2631512441360826	No data	No data	No data	No data	No data	No data	No data	No data
PEMT	0.15676814082185223	0.25787168776075753	No data	No data	No data	No data	No data	No data	No data	No data
DNAJB6	0.1656352927354528	0.257867140205603	No data	No data	No data	No data	No data	No data	No data	No data
ICE2	0.15605627314404064	0.2567007194850783	No data	No data	No data	No data	No data	No data	No data	No data
RRP15	0.15570976207127443	0.25613073508203843	No data	No data	No data	No data	No data	No data	No data	No data
ID2	0.15563497716403912	0.25600771958828633	No data	No data	No data	No data	No data	No data	No data	No data
VAX2	0.15524066386445143	0.25535910415189644	No data	No data	No data	No data	No data	No data	No data	No data
H3-7	0.15360689365030822	0.2526716762068708	No data	No data	No data	No data	No data	No data	No data	No data
SEC22B	0.153582739207124	0.25263194398195454	No data	No data	No data	No data	No data	No data	No data	No data
ZBTB1	0.15475312452288711	0.2515174849673395	No data	No data	No data	No data	No data	No data	No data	No data
SFRP2	0.15034841997347956	0.24587713962669244	No data	No data	No data	No data	No data	No data	No data	No data
GAPT	0.14615913048210621	0.240420671326937	No data	No data	No data	No data	No data	No data	No data	No data
PRUNE1	0.14404537989521843	0.236943712115145	No data	No data	No data	No data	No data	No data	No data	No data
AP5B1	0.14491581996103706	0.2338160389461154	No data	No data	No data	No data	No data	No data	No data	No data
MERTK	0.1425615277441787	0.23331012605537946	No data	No data	No data	No data	No data	No data	No data	No data
BCL2L11	0.14126216135209854	0.23084570195610057	No data	No data	No data	No data	No data	No data	No data	No data
RAD52	0.1398831827313103	0.23009721382905696	No data	No data	No data	No data	No data	No data	No data	No data
ARFRP1	0.1392390049126173	0.22903759023172676	No data	No data	No data	No data	No data	No data	No data	No data
SENP7	0.13894780109292515	0.2285585820603425	No data	No data	No data	No data	No data	No data	No data	No data
DSC3	0.13890684978432552	0.22849122026725596	No data	No data	No data	No data	No data	No data	No data	No data
SIK3	0.13762290840631036	0.22637923419407235	No data	No data	No data	No data	No data	No data	No data	No data
EVI5	0.13762038612291355	0.2263750852294094	No data	No data	No data	No data	No data	No data	No data	No data
ZBTB25	0.1372288043791442	0.2257309629949252	No data	No data	No data	No data	No data	No data	No data	No data
KCND2	0.13195391676409218	0.21705417340674266	No data	No data	No data	No data	No data	No data	No data	No data
TDRKH	0.1319432108275782	0.21703656295411217	No data	No data	No data	No data	No data	No data	No data	No data
SRP54	0.13065611131761348	0.21491938199367822	No data	No data	No data	No data	No data	No data	No data	No data
EPS8L3	0.12974459752015974	0.21342001101093677	No data	No data	No data	No data	No data	No data	No data	No data
TPD52	0.12959625159814708	0.21317599323359193	No data	No data	No data	No data	No data	No data	No data	No data
FOXC1	0.1291730607689326	0.21247987645372637	No data	No data	No data	No data	No data	No data	No data	No data
PVALB	0.12904077856982507	0.21226228228079222	No data	No data	No data	No data	No data	No data	No data	No data
PPIAL4G	0.12826093039801753	0.2109794912544594	No data	No data	No data	No data	No data	No data	No data	No data
DUSP22	0.12742878821468206	0.20961068055000964	No data	No data	No data	No data	No data	No data	No data	No data
GALNT5	0.1270805237969891	0.20903781202770216	No data	No data	No data	No data	No data	No data	No data	No data
FGF2	0.1269977510470896	0.20890165713930914	No data	No data	No data	No data	No data	No data	No data	No data
CRAT	0.12745999685801143	0.2084182121673284	No data	No data	No data	No data	No data	No data	No data	No data
BAZ1A	0.12527630915027768	0.20607001593347624	No data	No data	No data	No data	No data	No data	No data	No data
TSPAN12	0.12472906176787497	0.20516983554361498	No data	No data	No data	No data	No data	No data	No data	No data
MTRFR	0.12411439562271315	0.20415875640833073	No data	No data	No data	No data	No data	No data	No data	No data
CCR4	0.13005852497087142	0.20254780286338597	No data	No data	No data	No data	No data	No data	No data	No data
GFI1	0.12262582987375552	0.20171017878270991	No data	No data	No data	No data	No data	No data	No data	No data
KDM8	0.1225340914527425	0.20155927604612633	No data	No data	No data	No data	No data	No data	No data	No data
TRIQK	0.12100421092203198	0.19904273874168155	No data	No data	No data	No data	No data	No data	No data	No data
SLC45A1	0.119996153928088	0.19738456153153802	No data	No data	No data	No data	No data	No data	No data	No data
IFT140	0.11940966521305664	0.1964198321292187	No data	No data	No data	No data	No data	No data	No data	No data
NR4A3	0.11756394569206323	0.1922706138177829	No data	No data	No data	No data	No data	No data	No data	No data
CNTN4	0.11688722761552073	0.1922706138177829	No data	No data	No data	No data	No data	No data	No data	No data
SLC6A15	0.11688722761552073	0.1922706138177829	No data	No data	No data	No data	No data	No data	No data	No data
IRAK1BP1	0.11688722761552073	0.1922706138177829	No data	No data	No data	No data	No data	No data	No data	No data
IL15RA	0.11686406534390148	0.1907126866457233	No data	No data	No data	No data	No data	No data	No data	No data
LCE5A	0.11510500373174605	0.18933899085876107	No data	No data	No data	No data	No data	No data	No data	No data
TNP2	0.11384009441984352	0.1872583110891689	No data	No data	No data	No data	No data	No data	No data	No data
GABPB2	0.110647605151374	0.18200690865814903	No data	No data	No data	No data	No data	No data	No data	No data
SPRR1B	0.11085543233064583	0.18182435421297963	No data	No data	No data	No data	No data	No data	No data	No data
STAT3	0.11399429854418346	0.18057150944881373	No data	No data	No data	No data	No data	No data	No data	No data
LRATD2	0.10730146028820488	0.1765027544413942	No data	No data	No data	No data	No data	No data	No data	No data
PPP6R1	0.10718865143864126	0.1763171924497879	No data	No data	No data	No data	No data	No data	No data	No data
IL37	0.11426087902436581	0.17438598528231097	No data	No data	No data	No data	No data	No data	No data	No data
IER5L	0.10330949522490511	0.16993627503455547	No data	No data	No data	No data	No data	No data	No data	No data
ERBB3	0.10140596979982126	0.16680512025088234	No data	No data	No data	No data	No data	No data	No data	No data
OR9K2	0.09975221238667217	0.164084814881182	No data	No data	No data	No data	No data	No data	No data	No data
TRAF6	0.10074454882046693	0.16358937517195032	No data	No data	No data	No data	No data	No data	No data	No data
CPVL	0.09925690001951355	0.16327006364781046	No data	No data	No data	No data	No data	No data	No data	No data
FOXF2	0.09856032746867914	0.16212425469460223	No data	No data	No data	No data	No data	No data	No data	No data
XPO7	0.09833423282851829	0.16175234617960496	No data	No data	No data	No data	No data	No data	No data	No data
IL26	0.10132270457661115	0.16119245883165437	No data	No data	No data	No data	No data	No data	No data	No data
IL6ST	0.39393419310198835	0.15787472972711492	No data	No data	0.607930797611621	No data	No data	No data	No data	No data
TRIM71	0.09557783198816891	0.15721827609929573	No data	No data	No data	No data	No data	No data	No data	No data
NAB2	0.09274861203495094	0.15256442410769877	No data	No data	No data	No data	No data	No data	No data	No data
IZUMO1	0.09219571429716589	0.15165494931228254	No data	No data	No data	No data	No data	No data	No data	No data
LMAN2	0.09146038120011091	0.14983745140613836	No data	No data	No data	No data	No data	No data	No data	No data
DSC2	0.09107446352757081	0.1481473042944313	No data	No data	No data	No data	No data	No data	No data	No data
NEU4	0.0898532124319963	0.14780171161751107	No data	No data	No data	No data	No data	No data	No data	No data
LCE3A	0.08924713196328782	0.1468047552680555	No data	No data	No data	No data	No data	No data	No data	No data
CSGALNACT1	0.08908768840672825	0.14654248272455883	No data	No data	No data	No data	No data	No data	No data	No data
ALDH3B1	0.08897253901034445	0.1463530707111583	No data	No data	No data	No data	No data	No data	No data	No data
SPRR2G	0.09019625313504152	0.14579652967833637	No data	No data	No data	No data	No data	No data	No data	No data
DAB2	0.08747146097344459	0.14388391132196937	No data	No data	No data	No data	No data	No data	No data	No data
LCE3E	0.08638254497082469	0.14209272718242927	No data	No data	No data	No data	No data	No data	No data	No data
SPRR2B	0.09152616555627191	0.13976282081681835	No data	No data	No data	No data	No data	No data	No data	No data
ADAMTSL4	0.0833243219117848	0.13706218247067137	No data	No data	No data	No data	No data	No data	No data	No data
OR2Z1	0.08240265712911705	0.13554611388804866	No data	No data	No data	No data	No data	No data	No data	No data
SIK2	0.08096135941158904	0.13317528858492134	No data	No data	No data	No data	No data	No data	No data	No data
KISS1R	0.07949420706542847	0.13076193438091557	No data	No data	No data	No data	No data	No data	No data	No data
PSMD5	0.07936168652828528	0.13054394816001047	No data	No data	No data	No data	No data	No data	No data	No data
IQCH	0.07701015290597431	0.12667585391055075	No data	No data	No data	No data	No data	No data	No data	No data
PTPN2	0.07607493648265881	0.1251374939080806	No data	No data	No data	No data	No data	No data	No data	No data
NEUROD4	0.07544059546534211	0.12409405110207565	No data	No data	No data	No data	No data	No data	No data	No data
CRNN	0.08029560996003035	0.12372113282236834	No data	No data	No data	No data	No data	No data	No data	No data
ZFYVE26	0.0748221436524435	0.12307674483082186	No data	No data	No data	No data	No data	No data	No data	No data
PRM3	0.07414527982510495	0.12196335523121984	No data	No data	No data	No data	No data	No data	No data	No data
DAGLB	0.0732088460330618	0.12042299274963127	No data	No data	No data	No data	No data	No data	No data	No data
SLC2A4RG	0.07150433024508676	0.11761919370758311	No data	No data	No data	No data	No data	No data	No data	No data
UNC93B1	0.07048696080343274	0.11594569822807957	No data	No data	No data	No data	No data	No data	No data	No data
TREH	0.07042259851946231	0.11583982715817609	No data	No data	No data	No data	No data	No data	No data	No data
NBPF11	0.06942626904187969	0.11420094082194028	No data	No data	No data	No data	No data	No data	No data	No data
DCHS2	0.06774366370077578	0.11143318280126692	No data	No data	No data	No data	No data	No data	No data	No data
KLB	0.06630593399055357	0.10858628645025412	No data	No data	No data	No data	No data	No data	No data	No data
RTF1	0.06595602991607387	0.10849266096601036	No data	No data	No data	No data	No data	No data	No data	No data
MAP3K20	0.06567769881920255	0.10803482744620053	No data	No data	No data	No data	No data	No data	No data	No data
RPS26	0.06564863266967655	0.10798701583731316	No data	No data	No data	No data	No data	No data	No data	No data
SPRR2D	0.06632412568906898	0.10757832356790449	No data	No data	No data	No data	No data	No data	No data	No data
CRCT1	0.06817352826338971	0.10727502557780993	No data	No data	No data	No data	No data	No data	No data	No data
LYPD1	0.06449949508576959	0.1060967717693673	No data	No data	No data	No data	No data	No data	No data	No data
LCE1D	0.06369464298996128	0.10477285118667873	No data	No data	No data	No data	No data	No data	No data	No data
TST	0.0642598821722922	0.1044867651260255	No data	No data	No data	No data	No data	No data	No data	No data
RTP5	0.0633190179623827	0.10415497653868543	No data	No data	No data	No data	No data	No data	No data	No data
FLI1	0.06331002578037999	0.10414018508209522	No data	No data	No data	No data	No data	No data	No data	No data
FAM72C	0.06297851138656023	0.10359486907717791	No data	No data	No data	No data	No data	No data	No data	No data
OTULIN	0.06270274816020678	0.10314125950938362	No data	No data	No data	No data	No data	No data	No data	No data
PSMA6	0.06382060490860764	0.1020923776895176	No data	No data	No data	No data	No data	No data	No data	No data
HSPA13	0.061003946235107215	0.10034685933789428	No data	No data	No data	No data	No data	No data	No data	No data
DPH7	0.06021868635190682	0.09905516645724824	No data	No data	No data	No data	No data	No data	No data	No data
TMPPE	0.05997137837252955	0.0986483636100346	No data	No data	No data	No data	No data	No data	No data	No data
KIDINS220	0.05966130310146894	0.09813831333411702	No data	No data	No data	No data	No data	No data	No data	No data
OR10A7	0.058462433180986845	0.09616626334883563	No data	No data	No data	No data	No data	No data	No data	No data
OR6C74	0.05844492726756416	0.09613746745053361	No data	No data	No data	No data	No data	No data	No data	No data
PRM2	0.05792464461135962	0.09528164198775302	No data	No data	No data	No data	No data	No data	No data	No data
ING3	0.05788314921978489	0.09521338521948639	No data	No data	No data	No data	No data	No data	No data	No data
APH1A	0.057704356072006774	0.09491928406770966	No data	No data	No data	No data	No data	No data	No data	No data
AAGAB	0.0568028739653082	0.09343641445452305	No data	No data	No data	No data	No data	No data	No data	No data
PRM1	0.05626435304794103	0.09255058843701768	No data	No data	No data	No data	No data	No data	No data	No data
SHE	0.055035531038791156	0.0905292695402328	No data	No data	No data	No data	No data	No data	No data	No data
MPHOSPH9	0.05439007308799843	0.08946754022280302	No data	No data	No data	No data	No data	No data	No data	No data
PON2	0.05437008206456962	0.08943465650724304	No data	No data	No data	No data	No data	No data	No data	No data
SDK1	0.05454993951252878	0.08821068135797291	No data	No data	No data	No data	No data	No data	No data	No data
OR6C3	0.05293402717191881	0.08707245525293475	No data	No data	No data	No data	No data	No data	No data	No data
ZMYND19	0.052355999227688556	0.08612164317613069	No data	No data	No data	No data	No data	No data	No data	No data
RPL9	0.052143043504416196	0.08577134718173626	No data	No data	No data	No data	No data	No data	No data	No data
NBPF20	0.051716254429302354	0.08506931156059226	No data	No data	No data	No data	No data	No data	No data	No data
LELP1	0.05590005176736041	0.08442819687254495	No data	No data	No data	No data	No data	No data	No data	No data
IL1R1	0.2728819278908309	0.0843641053332648	No data	No data	No data	No data	No data	No data	No data	No data
SPATA17	0.050595859448743306	0.0832263468926387	No data	No data	No data	No data	No data	No data	No data	No data
ITGA9	0.05057963532890272	0.08319965944744868	No data	No data	No data	No data	No data	No data	No data	No data
SUCO	0.05018574080821281	0.0825517328705465	No data	No data	No data	No data	No data	No data	No data	No data
OR6C1	0.049904192755178226	0.08208860770212156	No data	No data	No data	No data	No data	No data	No data	No data
OR6C6	0.049904192755178226	0.08208860770212156	No data	No data	No data	No data	No data	No data	No data	No data
CXCR5	0.051007878341910735	0.08071244999856557	No data	No data	No data	No data	No data	No data	No data	No data
ATG16L1	0.048653503663516576	0.08003131911504022	No data	No data	No data	No data	No data	No data	No data	No data
PITPNM2	0.050294374372825426	0.07999473824619843	No data	No data	No data	No data	No data	No data	No data	No data
IFNGR1	0.05083259121211154	0.07910271084366609	No data	No data	No data	No data	No data	No data	No data	No data
LINGO4	0.04794051183483517	0.07885850169654039	No data	No data	No data	No data	No data	No data	No data	No data
C2CD4D	0.047164270858715183	0.07758164423320804	No data	No data	No data	No data	No data	No data	No data	No data
CRTAP	0.04704356855362718	0.07738309810663868	No data	No data	No data	No data	No data	No data	No data	No data
CD84	0.047019019726009095	0.07734271714927556	No data	No data	No data	No data	No data	No data	No data	No data
STX17	0.04666289819398799	0.07675692427051337	No data	No data	No data	No data	No data	No data	No data	No data
IL21	0.04803652769262666	0.0741114995599918	No data	No data	No data	No data	No data	No data	No data	No data
ERMN	0.044852642182896016	0.07377919059062098	No data	No data	No data	No data	No data	No data	No data	No data
CACNA1B	0.04478359054453176	0.07366560588881685	No data	No data	No data	No data	No data	No data	No data	No data
PHIP	0.044721378810051414	0.07356327230952665	No data	No data	No data	No data	No data	No data	No data	No data
ENO1	0.04729281601961189	0.07353757567876898	No data	No data	No data	No data	No data	No data	No data	No data
BUB1	0.046477874849879856	0.07317888160415492	No data	No data	No data	No data	No data	No data	No data	No data
IVL	0.046700782866313496	0.07067973280990775	No data	No data	No data	No data	No data	No data	No data	No data
GOLGA4	0.04289047091525198	0.07055156784909707	No data	No data	No data	No data	No data	No data	No data	No data
MMP3	0.042915669644352894	0.0697229253936097	No data	No data	No data	No data	No data	No data	No data	No data
MDN1	0.04216673881515264	0.06936108349965686	No data	No data	No data	No data	No data	No data	No data	No data
ITGA10	0.041701602549072486	0.06859596966119443	No data	No data	No data	No data	No data	No data	No data	No data
INTS10	0.041502848820271915	0.06826903486930459	No data	No data	No data	No data	No data	No data	No data	No data
FNDC1	0.042475912968978555	0.06813015853890471	No data	No data	No data	No data	No data	No data	No data	No data
PHOSPHO1	0.041254712307150054	0.06786086914699424	No data	No data	No data	No data	No data	No data	No data	No data
TMEM86B	0.040884983009927676	0.06725269252775577	No data	No data	No data	No data	No data	No data	No data	No data
ERGIC1	0.04088403853044612	0.06725113893072587	No data	No data	No data	No data	No data	No data	No data	No data
SPRR5	0.04073978099237279	0.06701384623451756	No data	No data	No data	No data	No data	No data	No data	No data
RAB3C	0.04072888505852873	0.06699592325070614	No data	No data	No data	No data	No data	No data	No data	No data
BBS12	0.04056981048229142	0.06673425765182174	No data	No data	No data	No data	No data	No data	No data	No data
IL31	0.05812965342343252	0.06649419860171835	No data	No data	No data	No data	No data	No data	No data	No data
RAB2A	0.04038192484553612	0.06642520004609845	No data	No data	No data	No data	No data	No data	No data	No data
KPRP	0.04252405351870409	0.06599728887050972	No data	No data	No data	No data	No data	No data	No data	No data
KPLCE	0.04406002790435236	0.06599728887050972	No data	No data	No data	No data	No data	No data	No data	No data
CNTN6	0.03979370718539614	0.06545762666035963	No data	No data	No data	No data	No data	No data	No data	No data
MAMSTR	0.039789882456533525	0.06545133527180415	No data	No data	No data	No data	No data	No data	No data	No data
SANBR	0.03976611733960139	0.06541224345900984	No data	No data	No data	No data	No data	No data	No data	No data
APOA1	0.03972540452201435	0.06534527396552967	No data	No data	No data	No data	No data	No data	No data	No data
S100A10	0.039311972014444085	0.06466520888378925	No data	No data	No data	No data	No data	No data	No data	No data
PJVK	0.039253228113680504	0.06456857962763976	No data	No data	No data	No data	No data	No data	No data	No data
PHLDB1	0.03995369537955191	0.06420096809731698	No data	No data	No data	No data	No data	No data	No data	No data
CHRAC1	0.03893908818022961	0.06405184329073257	No data	No data	No data	No data	No data	No data	No data	No data
ERP44	0.0388602089988051	0.06392209302683016	No data	No data	No data	No data	No data	No data	No data	No data
C1orf105	0.038733670412102815	0.06371394666017229	No data	No data	No data	No data	No data	No data	No data	No data
CDK2AP1	0.03866890096247719	0.06360740583368334	No data	No data	No data	No data	No data	No data	No data	No data
MSMO1	0.03887149662156982	0.06331695113065303	No data	No data	No data	No data	No data	No data	No data	No data
LIAS	0.03842327021124517	0.06320336189941149	No data	No data	No data	No data	No data	No data	No data	No data
MALT1	0.039294497332788635	0.062483376117831654	No data	No data	No data	No data	No data	No data	No data	No data
DNM3	0.038163192453250824	0.06216762293841004	No data	No data	No data	No data	No data	No data	No data	No data
RTKN2	0.03745128807014701	0.06160452508292385	No data	No data	No data	No data	No data	No data	No data	No data
S100A7	0.0419302305147402	0.06136387130994753	No data	No data	No data	No data	No data	No data	No data	No data
SPRR3	0.03755744919825141	0.06074816223630462	No data	No data	No data	No data	No data	No data	No data	No data
CLIC4	0.03935318648206748	0.06073391655803193	No data	No data	No data	No data	No data	No data	No data	No data
NBPF14	0.036739147645084874	0.06043310815872799	No data	No data	No data	No data	No data	No data	No data	No data
ANXA2	0.03643484626903222	0.059932555501668726	No data	No data	No data	No data	No data	No data	No data	No data
LCE1C	0.035895617324677	0.05904556483353069	No data	No data	No data	No data	No data	No data	No data	No data
MED16	0.03663517070512127	0.05851785819922871	No data	No data	No data	No data	No data	No data	No data	No data
MRPS9	0.034941896125163484	0.05747676587933986	No data	No data	No data	No data	No data	No data	No data	No data
TLR10	0.03621749983351402	0.05696177903763034	No data	No data	No data	No data	No data	No data	No data	No data
JMJD1C	0.03427172253536888	0.05637438121248712	No data	No data	No data	No data	No data	No data	No data	No data
OR10A6	0.03420178925279146	0.056259346272898324	No data	No data	No data	No data	No data	No data	No data	No data
TRMT10C	0.03349792536548761	0.05510154362485167	No data	No data	No data	No data	No data	No data	No data	No data
ALG2	0.03345985155268454	0.05503891509385332	No data	No data	No data	No data	No data	No data	No data	No data
SPIRE1	0.033437285927753524	0.0550017963543197	No data	No data	No data	No data	No data	No data	No data	No data
SEC61B	0.03335788356527509	0.05487118549731034	No data	No data	No data	No data	No data	No data	No data	No data
RELA	0.03544598881862823	0.05388297096204632	No data	No data	No data	No data	No data	No data	No data	No data
GPR27	0.03215280324091986	0.05288891986923289	No data	No data	No data	No data	No data	No data	No data	No data
RSPH3	0.03200326868762852	0.05264294688369108	No data	No data	No data	No data	No data	No data	No data	No data
NSMCE2	0.031955165137585555	0.05256382019652216	No data	No data	No data	No data	No data	No data	No data	No data
TMEM131L	0.03118662161263877	0.051299624455878386	No data	No data	No data	No data	No data	No data	No data	No data
ANKRD45	0.03096157210802309	0.05092943510949253	No data	No data	No data	No data	No data	No data	No data	No data
PFKFB3	0.030903794753661253	0.050834395748781035	No data	No data	No data	No data	No data	No data	No data	No data
PLB1	0.032553093505889724	0.049608482000301594	No data	No data	No data	No data	No data	No data	No data	No data
CASP8AP2	0.02997701978781117	0.049309921302855435	No data	No data	No data	No data	No data	No data	No data	No data
APOC3	0.03033790241558111	0.04899164962618226	No data	No data	No data	No data	No data	No data	No data	No data
APOA4	0.029783532633554058	0.04899164962618226	No data	No data	No data	No data	No data	No data	No data	No data
TECTA	0.02976107990558731	0.048954716593582234	No data	No data	No data	No data	No data	No data	No data	No data
TDRD10	0.029747104374318063	0.048931727905849765	No data	No data	No data	No data	No data	No data	No data	No data
NDUFV1	0.029637967142845913	0.04875220544720658	No data	No data	No data	No data	No data	No data	No data	No data
CEP76	0.029508190705628243	0.04853873306231093	No data	No data	No data	No data	No data	No data	No data	No data
RNASEH2C	0.029438388447779684	0.04842391364845199	No data	No data	No data	No data	No data	No data	No data	No data
MXD3	0.029264781752885095	0.04813834381784522	No data	No data	No data	No data	No data	No data	No data	No data
CD200R1L	0.02927726541180933	0.047550947691241026	No data	No data	No data	No data	No data	No data	No data	No data
CREG1	0.029600902575554276	0.04738479547127432	No data	No data	No data	No data	No data	No data	No data	No data
RMP64	0.028722611636091872	0.04724651514437902	No data	No data	No data	No data	No data	No data	No data	No data
GTPBP8	0.028661893377001636	0.047146638218701326	No data	No data	No data	No data	No data	No data	No data	No data
ARHGAP32	0.02861792802158546	0.04707431854746753	No data	No data	No data	No data	No data	No data	No data	No data
CPED1	0.029525338986184754	0.046651724145031555	No data	No data	No data	No data	No data	No data	No data	No data
MAP3K11	0.028218998241982415	0.04641810935199606	No data	No data	No data	No data	No data	No data	No data	No data
TGFBR1	0.028766361341019904	0.0462546011911145	No data	No data	No data	No data	No data	No data	No data	No data
MCL1	0.027752622947781993	0.04565095740635904	No data	No data	No data	No data	No data	No data	No data	No data
PSMG2	0.027726478351404477	0.04560795153055833	No data	No data	No data	No data	No data	No data	No data	No data
H6PD	0.027433136241639244	0.04512542603437079	No data	No data	No data	No data	No data	No data	No data	No data
KAT5	0.028080294375432673	0.044822107729110404	No data	No data	No data	No data	No data	No data	No data	No data
IL5	0.03308040234151476	0.04437733962313059	No data	No data	No data	No data	No data	No data	No data	No data
PAFAH1B2	0.026965211367764644	0.04435572514783413	No data	No data	No data	No data	No data	No data	No data	No data
TLR2	0.04295009426544465	0.04408575709018645	No data	No data	No data	No data	No data	No data	No data	No data
EIF4E3	0.026694770820238738	0.043910870982543634	No data	No data	No data	No data	No data	No data	No data	No data
TCIRG1	0.02710715201781578	0.043677310542756996	No data	No data	No data	No data	No data	No data	No data	No data
HADH	0.02631513412600577	0.043286397447522135	No data	No data	No data	No data	No data	No data	No data	No data
BTBD8	0.02630006375806831	0.0432616078366048	No data	No data	No data	No data	No data	No data	No data	No data
C4orf36	0.02595917860262208	0.04270087764036294	No data	No data	No data	No data	No data	No data	No data	No data
SLC9A2	0.025742727242078395	0.04234483158809177	No data	No data	No data	No data	No data	No data	No data	No data
KRT24	0.02570821932119548	0.04228806867853284	No data	No data	No data	No data	No data	No data	No data	No data
UGDH	0.025574827427536757	0.04206864914232448	No data	No data	No data	No data	No data	No data	No data	No data
CEP83	0.025362019403477133	0.04171859610191974	No data	No data	No data	No data	No data	No data	No data	No data
RGPD6	0.025083972422983707	0.041261229931977714	No data	No data	No data	No data	No data	No data	No data	No data
ANXA6	0.025074770976197848	0.041246094250709374	No data	No data	No data	No data	No data	No data	No data	No data
RMI2	0.024996632509002307	0.04111756240546889	No data	No data	No data	No data	No data	No data	No data	No data
PHB1	0.024914996989498974	0.040983278174724115	No data	No data	No data	No data	No data	No data	No data	No data
PDZK1	0.025942090019711768	0.04084897582622972	No data	No data	No data	No data	No data	No data	No data	No data
SERPINB10	0.024706462872772606	0.04064025538735155	No data	No data	No data	No data	No data	No data	No data	No data
CD160	0.025294587161615957	0.04047624842217576	No data	No data	No data	No data	No data	No data	No data	No data
SLC35A5	0.024485289114821146	0.040276441349930865	No data	No data	No data	No data	No data	No data	No data	No data
NSL1	0.024356396578226157	0.040064422914442205	No data	No data	No data	No data	No data	No data	No data	No data
SLC9C2	0.02429228211686023	0.039958959493905176	No data	No data	No data	No data	No data	No data	No data	No data
R3HDM4	0.024221441336970784	0.03984243179014718	No data	No data	No data	No data	No data	No data	No data	No data
PPIAL4D	0.02392994894758962	0.03936294894353643	No data	No data	No data	No data	No data	No data	No data	No data
MYB	0.024676256587818808	0.0390707413482304	No data	No data	No data	No data	No data	No data	No data	No data
MDM1	0.023529740223599525	0.03870463598166249	No data	No data	No data	No data	No data	No data	No data	No data
MLXIP	0.023484699842025808	0.0386305479740296	No data	No data	No data	No data	No data	No data	No data	No data
TGFB2	0.026426708885085057	0.03860648307309706	No data	No data	No data	No data	No data	No data	No data	No data
LCE1E	0.023357251216300032	0.03842090466228017	No data	No data	No data	No data	No data	No data	No data	No data
NDUFS8	0.023245495957003554	0.03823707574666094	No data	No data	No data	No data	No data	No data	No data	No data
DIPK1A	0.02314661473781224	0.03807442364944891	No data	No data	No data	No data	No data	No data	No data	No data
FBXW2	0.022943508968718378	0.037740330081740533	No data	No data	No data	No data	No data	No data	No data	No data
INPP4B	0.022943079409537263	0.03773962348950536	No data	No data	No data	No data	No data	No data	No data	No data
RNF175	0.02247656437092376	0.036972241674920046	No data	No data	No data	No data	No data	No data	No data	No data
LTK	0.022410220882909677	0.0368631116748037	No data	No data	No data	No data	No data	No data	No data	No data
GPR89A	0.02208607304661415	0.0363299130976482	No data	No data	No data	No data	No data	No data	No data	No data
GLMN	0.021860846356485105	0.0359594322945471	No data	No data	No data	No data	No data	No data	No data	No data
TSLP	0.1012076584349689	0.035628541039084034	No data	No data	No data	No data	No data	No data	No data	No data
SIDT2	0.02137426319407694	0.03515903994015446	No data	No data	No data	No data	No data	No data	No data	No data
GPR89B	0.021151993853694807	0.034793423752826284	No data	No data	No data	No data	No data	No data	No data	No data
IL20RA	0.02159993656578434	0.03467173135806729	No data	No data	No data	No data	No data	No data	No data	No data
RASA2	0.02097559785419592	0.034503265727946	No data	No data	No data	No data	No data	No data	No data	No data
GPATCH2	0.020843635070889755	0.03428619696975081	No data	No data	No data	No data	No data	No data	No data	No data
NCKAP1L	0.021014094970036132	0.03395865976268611	No data	No data	No data	No data	No data	No data	No data	No data
KMT5A	0.02059536363212768	0.03387780930500762	No data	No data	No data	No data	No data	No data	No data	No data
NOTCH2NLB	0.02057398893249046	0.03384264954715164	No data	No data	No data	No data	No data	No data	No data	No data
HJURP	0.021910900368271577	0.03371239425097857	No data	No data	No data	No data	No data	No data	No data	No data
ARHGEF12	0.020493819696730357	0.033710777241825	No data	No data	No data	No data	No data	No data	No data	No data
MINDY1	0.020261874260435152	0.033329244611455804	No data	No data	No data	No data	No data	No data	No data	No data
CCNI2	0.02003365442396077	0.03295384030989552	No data	No data	No data	No data	No data	No data	No data	No data
NRBF2	0.02000988272902124	0.032914737676778515	No data	No data	No data	No data	No data	No data	No data	No data
PLOD1	0.02055999036978158	0.03267975272892802	No data	No data	No data	No data	No data	No data	No data	No data
TNIP1	0.01933582038952452	0.03180595631195063	No data	No data	No data	No data	No data	No data	No data	No data
LPL	0.01981455622779777	0.031098562366356573	No data	No data	No data	No data	No data	No data	No data	No data
SBNO1	0.018903672838984722	0.03109510640561659	No data	No data	No data	No data	No data	No data	No data	No data
CHP1	0.01887149307379176	0.031042173135383554	No data	No data	No data	No data	No data	No data	No data	No data
PXYLP1	0.01884670255258933	0.03100139461042672	No data	No data	No data	No data	No data	No data	No data	No data
NEMP1	0.018790800656977732	0.030909440236949973	No data	No data	No data	No data	No data	No data	No data	No data
TP63	0.002902844436406841	No data	No data	No data	No data	No data	No data	No data	No data	No data
NUP62	0.0022174791281082107	No data	No data	No data	No data	No data	No data	No data	No data	No data
CIDEA	0.0021859809004517172	No data	No data	No data	No data	No data	No data	No data	No data	No data
CLDN4	0.01006159365090616	No data	No data	No data	No data	No data	No data	No data	No data	No data
CUX1	0.0044144260420672715	No data	No data	No data	No data	No data	No data	No data	No data	No data
UBB	0.0014783194187388072	No data	No data	No data	No data	No data	No data	No data	No data	No data
FOXE1	0.0023652490727023305	No data	No data	No data	No data	No data	No data	No data	No data	No data
DMBX1	0.004989328038243475	No data	No data	No data	No data	No data	No data	No data	No data	No data
TNFRSF10C	0.0022174791281082107	No data	No data	No data	No data	No data	No data	No data	No data	No data
KLF15	0.00304118634258315	No data	No data	No data	No data	No data	No data	No data	No data	No data
IGFBP5	0.00291637207170466	No data	No data	No data	No data	No data	No data	No data	No data	No data
DCD	0.010176381298743264	No data	No data	No data	No data	No data	No data	No data	No data	No data
H4C6	0.0022174791281082107	No data	No data	No data	No data	No data	No data	No data	No data	No data
PLA2G4A	0.009933267312473971	No data	No data	No data	No data	No data	No data	No data	No data	No data
BRS3	0.002902844436406841	No data	No data	No data	No data	No data	No data	No data	No data	No data
IL7	0.012182173298973736	No data	No data	No data	No data	No data	No data	No data	No data	No data
CEP55	0.012725500867240322	No data	No data	No data	No data	No data	No data	No data	No data	No data
XAF1	0.003938312838348339	No data	No data	No data	No data	No data	No data	No data	No data	No data
FCER1A	0.015651261069789486	No data	No data	No data	No data	No data	No data	No data	No data	No data
CD7	0.002771848910135263	No data	No data	No data	No data	No data	No data	No data	No data	No data
STAT4	0.0022174791281082107	No data	No data	No data	No data	No data	No data	No data	No data	No data
CDX1	0.0022174791281082107	No data	No data	No data	No data	No data	No data	No data	No data	No data
SRR	0.0073915970936940375	No data	No data	No data	No data	No data	No data	No data	No data	No data
FOXQ1	0.007761176948378739	No data	No data	No data	No data	No data	No data	No data	No data	No data
LONRF1	0.0023648037837133984	No data	No data	No data	No data	No data	No data	No data	No data	No data
PSMA8	0.0036957985468470188	No data	No data	No data	No data	No data	No data	No data	No data	No data
LPP	0.0036957985468470188	No data	No data	No data	No data	No data	No data	No data	No data	No data
SLC4A1	0.0036957985468470188	No data	No data	No data	No data	No data	No data	No data	No data	No data
YWHAE	0.003490476405355517	No data	No data	No data	No data	No data	No data	No data	No data	No data
COL6A6	0.017557026322433555	No data	No data	No data	No data	No data	No data	No data	No data	No data
SLC2A13	0.0036102524497496433	No data	No data	No data	No data	No data	No data	No data	No data	No data
NOVA1	0.002677769290066962	No data	No data	No data	No data	No data	No data	No data	No data	No data
CARD10	0.0034006827256409275	No data	No data	No data	No data	No data	No data	No data	No data	No data
CIMAP1B	0.008052450027127674	No data	No data	No data	No data	No data	No data	No data	No data	No data
HSPA14	0.010132647682605574	No data	No data	No data	No data	No data	No data	No data	No data	No data
LCP1	0.009609076221802246	No data	No data	No data	No data	No data	No data	No data	No data	No data
CRP	0.033558911415781455	No data	No data	No data	No data	No data	No data	No data	No data	No data
LGALS12	0.004804538110901123	No data	No data	No data	No data	No data	No data	No data	No data	No data
AWAT2	0.04577246500270032	No data	No data	No data	No data	No data	No data	No data	No data	No data
LINC01094	0.0013368794345722946	No data	No data	No data	No data	No data	No data	No data	No data	No data
SPINK9	0.0014783194187388072	No data	No data	No data	No data	No data	No data	No data	No data	No data
DBX1	0.0073915970936940375	No data	No data	No data	No data	No data	No data	No data	No data	No data
CXCL6	0.00201215698661671	No data	No data	No data	No data	No data	No data	No data	No data	No data
MRGPRX4	0.0036957985468470188	No data	No data	No data	No data	No data	No data	No data	No data	No data
CCL2	0.014007245719603437	No data	No data	No data	No data	No data	No data	No data	No data	No data
TLR6	0.012603083689031316	No data	No data	No data	No data	No data	No data	No data	No data	No data
NOS1	0.0032450972529179186	No data	No data	No data	No data	No data	No data	No data	No data	No data
CSRP3	0.0014783194187388072	No data	No data	No data	No data	No data	No data	No data	No data	No data
AOX1	0.005295692875775597	No data	No data	No data	No data	No data	No data	No data	No data	No data
NAA25	0.0073915970936940375	No data	No data	No data	No data	No data	No data	No data	No data	No data
IL12RB1	0.009403754080310744	No data	No data	No data	No data	No data	No data	No data	No data	No data
TRPA1	0.02461015367801428	No data	No data	No data	No data	No data	No data	No data	No data	No data
IRF7	0.009764428000277565	No data	No data	No data	No data	No data	No data	No data	No data	No data
DDIAS	0.002355656385546565	No data	No data	No data	No data	No data	No data	No data	No data	No data
KRT10-AS1	0.00563080441579249	No data	No data	No data	No data	No data	No data	No data	No data	No data
S100B	0.013816422313431982	No data	No data	No data	No data	No data	No data	No data	No data	No data
ABCG2	0.0022174791281082107	No data	No data	No data	No data	No data	No data	No data	No data	No data
GRHL2	0.0022174791281082107	No data	No data	No data	No data	No data	No data	No data	No data	No data
ERN2	0.0014783194187388072	No data	No data	No data	No data	No data	No data	No data	No data	No data
LVRN	0.006871354984740134	No data	No data	No data	No data	No data	No data	No data	No data	No data
PPIA	0.35970385967896057	No data	No data	No data	No data	No data	No data	No data	No data	No data
NR0B1	0.0022174791281082107	No data	No data	No data	No data	No data	No data	No data	No data	No data
HLA-DQB2	0.003968817275498399	No data	No data	No data	No data	No data	No data	No data	No data	No data
TNNI2	0.0014422362349446791	No data	No data	No data	No data	No data	No data	No data	No data	No data
NIN	0.0014783194187388072	No data	No data	No data	No data	No data	No data	No data	No data	No data
NEFH	0.0029566388374776143	No data	No data	No data	No data	No data	No data	No data	No data	No data
FABP4	0.004453259919241867	No data	No data	No data	No data	No data	No data	No data	No data	No data
ADORA3	0.048250703250502736	No data	No data	No data	No data	No data	No data	No data	No data	No data
SDHB	0.0073915970936940375	No data	No data	No data	No data	No data	No data	No data	No data	No data
DPYSL3	0.002143037070601238	No data	No data	No data	No data	No data	No data	No data	No data	No data
SIRT1	0.009003375904402318	No data	No data	No data	No data	No data	No data	No data	No data	No data
ITGA5	0.00201215698661671	No data	No data	No data	No data	No data	No data	No data	No data	No data
NUF2	0.008412227372130198	No data	No data	No data	No data	No data	No data	No data	No data	No data
CDH5	0.008869916512432843	No data	No data	No data	No data	No data	No data	No data	No data	No data
ENSG00000236543	0.01004586369351078	No data	No data	No data	No data	No data	No data	No data	No data	No data
MAP2K4	0.0073915970936940375	No data	No data	No data	No data	No data	No data	No data	No data	No data
STH	0.0022174791281082107	No data	No data	No data	No data	No data	No data	No data	No data	No data
ATP6AP2	0.0032159607021813807	No data	No data	No data	No data	No data	No data	No data	No data	No data
CXCR1	0.003326218692162316	No data	No data	No data	No data	No data	No data	No data	No data	No data
ISLR	0.0014543877047617187	No data	No data	No data	No data	No data	No data	No data	No data	No data
FAP	0.009403754080310744	No data	No data	No data	No data	No data	No data	No data	No data	No data
WDR36	0.0014783194187388072	No data	No data	No data	No data	No data	No data	No data	No data	No data
FAM171B	0.0029512061519143336	No data	No data	No data	No data	No data	No data	No data	No data	No data
C11orf96	0.0014783194187388072	No data	No data	No data	No data	No data	No data	No data	No data	No data
PRDX1	0.0073915970936940375	No data	No data	No data	No data	No data	No data	No data	No data	No data
LAMA2	0.002201117862667192	No data	No data	No data	No data	No data	No data	No data	No data	No data
TRIP13	0.003482711151224936	No data	No data	No data	No data	No data	No data	No data	No data	No data
ZNF185	0.009984597847846846	No data	No data	No data	No data	No data	No data	No data	No data	No data
CSTA	0.011426177174002032	No data	No data	No data	No data	No data	No data	No data	No data	No data
IRS2	0.0034665075557667032	No data	No data	No data	No data	No data	No data	No data	No data	No data
CLDN8	0.009269922488393865	No data	No data	No data	No data	No data	No data	No data	No data	No data
ARG1	0.008901677509780395	No data	No data	No data	No data	No data	No data	No data	No data	No data
MT1B	0.0014783194187388072	No data	No data	No data	No data	No data	No data	No data	No data	No data
COL6A3	0.00406537840153172	No data	No data	No data	No data	No data	No data	No data	No data	No data
SPINK5	0.023033152467155843	No data	No data	No data	No data	No data	No data	No data	No data	No data
DENR	0.0018478992734235094	No data	No data	No data	No data	No data	No data	No data	No data	No data
ACKR3	0.004977152802170087	No data	No data	No data	No data	No data	No data	No data	No data	No data
F3	0.006572157465690723	No data	No data	No data	No data	No data	No data	No data	No data	No data
FGFR1	0.008846314127010382	No data	No data	No data	No data	No data	No data	No data	No data	No data
TCHH	0.0073915970936940375	No data	No data	No data	No data	No data	No data	No data	No data	No data
BLMH	0.01022216424523704	No data	No data	No data	No data	No data	No data	No data	No data	No data
PER2	0.0022174791281082107	No data	No data	No data	No data	No data	No data	No data	No data	No data
STARD7	0.0014783194187388072	No data	No data	No data	No data	No data	No data	No data	No data	No data
GPX2	0.0029790375910552086	No data	No data	No data	No data	No data	No data	No data	No data	No data
PECAM1	0.0014783194187388072	No data	No data	No data	No data	No data	No data	No data	No data	No data
SPAG5	0.003234985518741134	No data	No data	No data	No data	No data	No data	No data	No data	No data
GCG	0.0073915970936940375	No data	No data	No data	No data	No data	No data	No data	No data	No data
CRHR1	0.0022174791281082107	No data	No data	No data	No data	No data	No data	No data	No data	No data
CLEC4C	0.0014783194187388072	No data	No data	No data	No data	No data	No data	No data	No data	No data
TJP1	0.025365086715577047	No data	No data	No data	No data	No data	No data	No data	No data	No data
PTGDS	0.009339350204638526	No data	No data	No data	No data	No data	No data	No data	No data	No data
CYDAER	0.0013128401262310428	No data	No data	No data	No data	No data	No data	No data	No data	No data
PRH2	0.012207210029492342	No data	No data	No data	No data	No data	No data	No data	No data	No data
NOB1	0.0014783194187388072	No data	No data	No data	No data	No data	No data	No data	No data	No data
KIF15	0.006182760354513734	No data	No data	No data	No data	No data	No data	No data	No data	No data
PLPP3	0.0047537974867598925	No data	No data	No data	No data	No data	No data	No data	No data	No data
RIPK1	0.0014783194187388072	No data	No data	No data	No data	No data	No data	No data	No data	No data
SOX9	0.005174117965585825	No data	No data	No data	No data	No data	No data	No data	No data	No data
SPTLC3	0.002389964161590073	No data	No data	No data	No data	No data	No data	No data	No data	No data
TNNI2	0.0014422362349446791	No data	No data	No data	No data	No data	No data	No data	No data	No data
NIN	0.0014783194187388072	No data	No data	No data	No data	No data	No data	No data	No data	No data
NEFH	0.0029566388374776143	No data	No data	No data	No data	No data	No data	No data	No data	No data
KIF2C	0.004434631513006999	No data	No data	No data	No data	No data	No data	No data	No data	No data
SDHB	0.0073915970936940375	No data	No data	No data	No data	No data	No data	No data	No data	No data
SIRT1	0.009003375904402318	No data	No data	No data	No data	No data	No data	No data	No data	No data
DEFB103A	0.010205319149950208	No data	No data	No data	No data	No data	No data	No data	No data	No data
MAP2K4	0.0073915970936940375	No data	No data	No data	No data	No data	No data	No data	No data	No data
TPSD1	0.009239496367117545	No data	No data	No data	No data	No data	No data	No data	No data	No data
ANK2	0.0028840186232453784	No data	No data	No data	No data	No data	No data	No data	No data	No data
EMX2	0.005159631635329495	No data	No data	No data	No data	No data	No data	No data	No data	No data
FAP	0.009403754080310744	No data	No data	No data	No data	No data	No data	No data	No data	No data
DBI	0.0014783194187388072	No data	No data	No data	No data	No data	No data	No data	No data	No data
MIB1	0.0014783194187388072	No data	No data	No data	No data	No data	No data	No data	No data	No data
BCL3	0.01736471215363072	No data	No data	No data	No data	No data	No data	No data	No data	No data
GFUS	0.003240944281334204	No data	No data	No data	No data	No data	No data	No data	No data	No data
CCL8	0.009065752165729423	No data	No data	No data	No data	No data	No data	No data	No data	No data
SEMA3A	0.010624927880501968	No data	No data	No data	No data	No data	No data	No data	No data	No data
PPBP	0.0098349305774429	No data	No data	No data	No data	No data	No data	No data	No data	No data
CD40LG	0.020067571355591625	No data	No data	No data	No data	No data	No data	No data	No data	No data
FAM171B	0.0029512061519143336	No data	No data	No data	No data	No data	No data	No data	No data	No data
C11orf96	0.0014783194187388072	No data	No data	No data	No data	No data	No data	No data	No data	No data
TXN	0.016043461491862906	No data	No data	No data	No data	No data	No data	No data	No data	No data
IRS2	0.0034665075557667032	No data	No data	No data	No data	No data	No data	No data	No data	No data
CLDN8	0.009269922488393865	No data	No data	No data	No data	No data	No data	No data	No data	No data
SLC27A4	0.0018478992734235094	No data	No data	No data	No data	No data	No data	No data	No data	No data
RXRB	0.0014783194187388072	No data	No data	No data	No data	No data	No data	No data	No data	No data
TRPC6	0.0073915970936940375	No data	No data	No data	No data	No data	No data	No data	No data	No data
MT1B	0.0014783194187388072	No data	No data	No data	No data	No data	No data	No data	No data	No data
NUP214	0.0014783194187388072	No data	No data	No data	No data	No data	No data	No data	No data	No data
CHP2	0.004121128777412714	No data	No data	No data	No data	No data	No data	No data	No data	No data
ANKRD9	0.003709654190926691	No data	No data	No data	No data	No data	No data	No data	No data	No data
CYDAER	0.0013128401262310428	No data	No data	No data	No data	No data	No data	No data	No data	No data
PTGDS	0.009339350204638526	No data	No data	No data	No data	No data	No data	No data	No data	No data
FAS	0.012776540503669265	No data	No data	No data	No data	No data	No data	No data	No data	No data
TJP1	0.025365086715577047	No data	No data	No data	No data	No data	No data	No data	No data	No data
SPINK5	0.023033152467155843	No data	No data	No data	No data	No data	No data	No data	No data	No data
CXCL11	0.0051535857514366755	No data	No data	No data	No data	No data	No data	No data	No data	No data
GUSB	0.0035110086195046675	No data	No data	No data	No data	No data	No data	No data	No data	No data
CLEC4C	0.0014783194187388072	No data	No data	No data	No data	No data	No data	No data	No data	No data
CLDN5	0.008561933300195591	No data	No data	No data	No data	No data	No data	No data	No data	No data
ACKR3	0.004977152802170087	No data	No data	No data	No data	No data	No data	No data	No data	No data
CRHR1	0.0022174791281082107	No data	No data	No data	No data	No data	No data	No data	No data	No data
F3	0.006572157465690723	No data	No data	No data	No data	No data	No data	No data	No data	No data
TCHH	0.0073915970936940375	No data	No data	No data	No data	No data	No data	No data	No data	No data
BLMH	0.01022216424523704	No data	No data	No data	No data	No data	No data	No data	No data	No data
PER2	0.0022174791281082107	No data	No data	No data	No data	No data	No data	No data	No data	No data
GCG	0.0073915970936940375	No data	No data	No data	No data	No data	No data	No data	No data	No data
GSTM1	0.024546882205649403	No data	No data	No data	No data	No data	No data	No data	No data	No data
GPX2	0.0029790375910552086	No data	No data	No data	No data	No data	No data	No data	No data	No data
MKI67	0.008466943248289721	No data	No data	No data	No data	No data	No data	No data	No data	No data
BRAP	0.0014783194187388072	No data	No data	No data	No data	No data	No data	No data	No data	No data
MICALL2	0.0026814590178121946	No data	No data	No data	No data	No data	No data	No data	No data	No data
PRF1	0.01565289710905976	No data	No data	No data	No data	No data	No data	No data	No data	No data
SFTPA1	0.004819937271512986	No data	No data	No data	No data	No data	No data	No data	No data	No data
BICC1	0.0018828812581899693	No data	No data	No data	No data	No data	No data	No data	No data	No data
C4A	0.009143405604899523	No data	No data	No data	No data	No data	No data	No data	No data	No data
EGR1	0.023252732523912484	No data	No data	No data	No data	No data	No data	No data	No data	No data
LYST	0.007048160427734869	No data	No data	No data	No data	No data	No data	No data	No data	No data
PDE7A	0.0022174791281082107	No data	No data	No data	No data	No data	No data	No data	No data	No data
SHBG	0.0025870589827929123	No data	No data	No data	No data	No data	No data	No data	No data	No data
CORT	0.007761176948378739	No data	No data	No data	No data	No data	No data	No data	No data	No data
MTOR	0.012043991875015921	No data	No data	No data	No data	No data	No data	No data	No data	No data
FABP7	0.0059578329585266415	No data	No data	No data	No data	No data	No data	No data	No data	No data
FAM83D	0.002508905157905642	No data	No data	No data	No data	No data	No data	No data	No data	No data
BRAF	0.005358907892928176	No data	No data	No data	No data	No data	No data	No data	No data	No data
DENND2D	0.002474895352272166	No data	No data	No data	No data	No data	No data	No data	No data	No data
MDH2	0.0014783194187388072	No data	No data	No data	No data	No data	No data	No data	No data	No data
RGS22	0.007361140280909047	No data	No data	No data	No data	No data	No data	No data	No data	No data
RPTN	0.0014783194187388072	No data	No data	No data	No data	No data	No data	No data	No data	No data
TNXB	0.0036957985468470188	No data	No data	No data	No data	No data	No data	No data	No data	No data
NECTIN1	0.04988382299318277	No data	No data	No data	No data	No data	No data	No data	No data	No data
PSTPIP2	0.03155472799297984	No data	No data	No data	No data	No data	No data	No data	No data	No data
DDIT4	0.009609076221802246	No data	No data	No data	No data	No data	No data	No data	No data	No data
GLA	0.0014783194187388072	No data	No data	No data	No data	No data	No data	No data	No data	No data
PER1	0.0014783194187388072	No data	No data	No data	No data	No data	No data	No data	No data	No data
SCCPDH	0.004957624947407614	No data	No data	No data	No data	No data	No data	No data	No data	No data
MVP	0.0035719618150553065	No data	No data	No data	No data	No data	No data	No data	No data	No data
VSX1	0.011540806729949693	No data	No data	No data	No data	No data	No data	No data	No data	No data
UBA1	0.00794596687572109	No data	No data	No data	No data	No data	No data	No data	No data	No data
NOS2	0.030473431190485914	No data	No data	No data	No data	No data	No data	No data	No data	No data
CMPK1	0.028067536741888187	No data	No data	No data	No data	No data	No data	No data	No data	No data
CYGB	0.008202619552585465	No data	No data	No data	No data	No data	No data	No data	No data	No data
PLAUR	0.0014783194187388072	No data	No data	No data	No data	No data	No data	No data	No data	No data
GREB1L	0.0021889664890818606	No data	No data	No data	No data	No data	No data	No data	No data	No data
PTPN1	0.0073915970936940375	No data	No data	No data	No data	No data	No data	No data	No data	No data
ADIPOQ	0.02566222642584438	No data	No data	No data	No data	No data	No data	No data	No data	No data
DEFB1	0.010443300082682213	No data	No data	No data	No data	No data	No data	No data	No data	No data
MYOZ1	0.0014783194187388072	No data	No data	No data	No data	No data	No data	No data	No data	No data
IGFBP3	0.004134324780422762	No data	No data	No data	No data	No data	No data	No data	No data	No data
LCE3D	0.008815306988538805	No data	No data	No data	No data	No data	No data	No data	No data	No data
FAT1	0.0073915970936940375	No data	No data	No data	No data	No data	No data	No data	No data	No data
LGALS13	0.004989328038243475	No data	No data	No data	No data	No data	No data	No data	No data	No data
VPS51	0.0025870589827929123	No data	No data	No data	No data	No data	No data	No data	No data	No data
S100A9	0.021632425560647806	No data	No data	No data	No data	No data	No data	No data	No data	No data
RGS1	0.010661642303863295	No data	No data	No data	No data	No data	No data	No data	No data	No data
TNFSF13	0.013220282046354765	No data	No data	No data	No data	No data	No data	No data	No data	No data
CLEC4A	0.00794596687572109	No data	No data	No data	No data	No data	No data	No data	No data	No data
RNF213	0.0028958233269882347	No data	No data	No data	No data	No data	No data	No data	No data	No data
ENSG00000279284	0.0014783194187388072	No data	No data	No data	No data	No data	No data	No data	No data	No data
PTGIR	0.0073915970936940375	No data	No data	No data	No data	No data	No data	No data	No data	No data
ENSG00000280371	0.0014783194187388072	No data	No data	No data	No data	No data	No data	No data	No data	No data
KCNK6	0.0030841780649304876	No data	No data	No data	No data	No data	No data	No data	No data	No data
AURKA	0.004342834017735948	No data	No data	No data	No data	No data	No data	No data	No data	No data
S100A4	0.004968795824094324	No data	No data	No data	No data	No data	No data	No data	No data	No data
SLC18A2	0.005115156013283105	No data	No data	No data	No data	No data	No data	No data	No data	No data
MMGT1	0.0014783194187388072	No data	No data	No data	No data	No data	No data	No data	No data	No data
GCKR	0.0022174791281082107	No data	No data	No data	No data	No data	No data	No data	No data	No data
ALPP	0.007925434661571938	No data	No data	No data	No data	No data	No data	No data	No data	No data
PPP1R1A	0.0029082804960578446	No data	No data	No data	No data	No data	No data	No data	No data	No data
TMEM100	0.0019716331838517866	No data	No data	No data	No data	No data	No data	No data	No data	No data
NUP62	0.0022174791281082107	No data	No data	No data	No data	No data	No data	No data	No data	No data
PECAM1	0.0014783194187388072	No data	No data	No data	No data	No data	No data	No data	No data	No data
STARD7	0.0014783194187388072	No data	No data	No data	No data	No data	No data	No data	No data	No data
FGFR1	0.008846314127010382	No data	No data	No data	No data	No data	No data	No data	No data	No data
DENR	0.0018478992734235094	No data	No data	No data	No data	No data	No data	No data	No data	No data
COL6A3	0.00406537840153172	No data	No data	No data	No data	No data	No data	No data	No data	No data
ARG1	0.008901677509780395	No data	No data	No data	No data	No data	No data	No data	No data	No data
CSTA	0.011426177174002032	No data	No data	No data	No data	No data	No data	No data	No data	No data
ZNF185	0.009984597847846846	No data	No data	No data	No data	No data	No data	No data	No data	No data
TRIP13	0.003482711151224936	No data	No data	No data	No data	No data	No data	No data	No data	No data
LAMA2	0.002201117862667192	No data	No data	No data	No data	No data	No data	No data	No data	No data
PRDX1	0.0073915970936940375	No data	No data	No data	No data	No data	No data	No data	No data	No data
WDR36	0.0014783194187388072	No data	No data	No data	No data	No data	No data	No data	No data	No data
CXCR1	0.003326218692162316	No data	No data	No data	No data	No data	No data	No data	No data	No data
ATP6AP2	0.0032159607021813807	No data	No data	No data	No data	No data	No data	No data	No data	No data
STH	0.0022174791281082107	No data	No data	No data	No data	No data	No data	No data	No data	No data
RTL1	0.0035110086195046675	No data	No data	No data	No data	No data	No data	No data	No data	No data
ITGA5	0.00201215698661671	No data	No data	No data	No data	No data	No data	No data	No data	No data
ADORA3	0.048250703250502736	No data	No data	No data	No data	No data	No data	No data	No data	No data
FABP4	0.004453259919241867	No data	No data	No data	No data	No data	No data	No data	No data	No data
GRHL2	0.0022174791281082107	No data	No data	No data	No data	No data	No data	No data	No data	No data
TP63	0.002902844436406841	No data	No data	No data	No data	No data	No data	No data	No data	No data
AOX1	0.005295692875775597	No data	No data	No data	No data	No data	No data	No data	No data	No data
CSRP3	0.0014783194187388072	No data	No data	No data	No data	No data	No data	No data	No data	No data
CCL2	0.014007245719603437	No data	No data	No data	No data	No data	No data	No data	No data	No data
CXCL6	0.00201215698661671	No data	No data	No data	No data	No data	No data	No data	No data	No data
DBX1	0.0073915970936940375	No data	No data	No data	No data	No data	No data	No data	No data	No data
SPINK9	0.0014783194187388072	No data	No data	No data	No data	No data	No data	No data	No data	No data
CRP	0.033558911415781455	No data	No data	No data	No data	No data	No data	No data	No data	No data
NOVA1	0.002677769290066962	No data	No data	No data	No data	No data	No data	No data	No data	No data
COL6A6	0.017557026322433555	No data	No data	No data	No data	No data	No data	No data	No data	No data
LPP	0.0036957985468470188	No data	No data	No data	No data	No data	No data	No data	No data	No data
PSMA8	0.0036957985468470188	No data	No data	No data	No data	No data	No data	No data	No data	No data
XAF1	0.003938312838348339	No data	No data	No data	No data	No data	No data	No data	No data	No data
IL7	0.012182173298973736	No data	No data	No data	No data	No data	No data	No data	No data	No data
TNFRSF10C	0.0022174791281082107	No data	No data	No data	No data	No data	No data	No data	No data	No data
CUX1	0.0044144260420672715	No data	No data	No data	No data	No data	No data	No data	No data	No data
SRR	0.0073915970936940375	No data	No data	No data	No data	No data	No data	No data	No data	No data
NUF2	0.008412227372130198	No data	No data	No data	No data	No data	No data	No data	No data	No data
ISLR	0.0014543877047617187	No data	No data	No data	No data	No data	No data	No data	No data	No data
IL12RB1	0.009403754080310744	No data	No data	No data	No data	No data	No data	No data	No data	No data
PRH2	0.012207210029492342	No data	No data	No data	No data	No data	No data	No data	No data	No data
DMBX1	0.004989328038243475	No data	No data	No data	No data	No data	No data	No data	No data	No data
DPYSL3	0.002143037070601238	No data	No data	No data	No data	No data	No data	No data	No data	No data
CDH5	0.008869916512432843	No data	No data	No data	No data	No data	No data	No data	No data	No data
PCP4	0.0027197480681762187	No data	No data	No data	No data	No data	No data	No data	No data	No data
CYLD	0.0036957985468470188	No data	No data	No data	No data	No data	No data	No data	No data	No data
FIS1	0.0022174791281082107	No data	No data	No data	No data	No data	No data	No data	No data	No data
KLHL17	0.0034299489029579605	No data	No data	No data	No data	No data	No data	No data	No data	No data
CFH	0.004901782081443181	No data	No data	No data	No data	No data	No data	No data	No data	No data
ENSG00000274213	0.0019805747133460907	No data	No data	No data	No data	No data	No data	No data	No data	No data
RASA1	0.0073915970936940375	No data	No data	No data	No data	No data	No data	No data	No data	No data
PROS1	0.010485093647763396	No data	No data	No data	No data	No data	No data	No data	No data	No data
NPR1	0.009609076221802246	No data	No data	No data	No data	No data	No data	No data	No data	No data
LGR6	0.0036957985468470188	No data	No data	No data	No data	No data	No data	No data	No data	No data
PARP10	0.0033363299546282322	No data	No data	No data	No data	No data	No data	No data	No data	No data
TRPV6	0.0022174791281082107	No data	No data	No data	No data	No data	No data	No data	No data	No data
PI3	0.006639287939243079	No data	No data	No data	No data	No data	No data	No data	No data	No data
MSRA	0.0022174791281082107	No data	No data	No data	No data	No data	No data	No data	No data	No data
LECT2	0.00985546279159205	No data	No data	No data	No data	No data	No data	No data	No data	No data
CNTN3	0.0018862045079068987	No data	No data	No data	No data	No data	No data	No data	No data	No data
OSR2	0.009386039703024249	No data	No data	No data	No data	No data	No data	No data	No data	No data
EPSTI1	0.0031111385663333702	No data	No data	No data	No data	No data	No data	No data	No data	No data
BCHE	0.005099071094198095	No data	No data	No data	No data	No data	No data	No data	No data	No data
TLCD3B	0.00406537840153172	No data	No data	No data	No data	No data	No data	No data	No data	No data
SPG21	0.00794596687572109	No data	No data	No data	No data	No data	No data	No data	No data	No data
HSPA5	0.0073915970936940375	No data	No data	No data	No data	No data	No data	No data	No data	No data
CCR6	0.004723846509294965	No data	No data	No data	No data	No data	No data	No data	No data	No data
IGF1	0.010936949721351178	No data	No data	No data	No data	No data	No data	No data	No data	No data
NAT9	0.0051741179655858255	No data	No data	No data	No data	No data	No data	No data	No data	No data
IL10RB	0.0014783194187388072	No data	No data	No data	No data	No data	No data	No data	No data	No data
ACSBG1	0.004101167498234066	No data	No data	No data	No data	No data	No data	No data	No data	No data
UBAC2	0.0073915970936940375	No data	No data	No data	No data	No data	No data	No data	No data	No data
FLAD1	0.027412546539786944	No data	No data	No data	No data	No data	No data	No data	No data	No data
PGP	0.0022174791281082107	No data	No data	No data	No data	No data	No data	No data	No data	No data
KLRG1	0.008479804443598991	No data	No data	No data	No data	No data	No data	No data	No data	No data
CD8A	0.030096720613118726	No data	No data	No data	No data	No data	No data	No data	No data	No data
MUSK	0.027412546539786944	No data	No data	No data	No data	No data	No data	No data	No data	No data
APOBEC3A	0.0036499276464032606	No data	No data	No data	No data	No data	No data	No data	No data	No data
GSN	0.010348235931171651	No data	No data	No data	No data	No data	No data	No data	No data	No data
TUBGCP6	0.0026195974507293683	No data	No data	No data	No data	No data	No data	No data	No data	No data
TMEM132C	0.0030062729788039697	No data	No data	No data	No data	No data	No data	No data	No data	No data
KPNA2	0.012565715059279862	No data	No data	No data	No data	No data	No data	No data	No data	No data
MMP10	0.0014783194187388072	No data	No data	No data	No data	No data	No data	No data	No data	No data
PHB2	0.0022174791281082107	No data	No data	No data	No data	No data	No data	No data	No data	No data
IL1RN	0.038009850799331134	No data	No data	No data	No data	No data	No data	No data	No data	No data
UTRN	0.0018478992734235094	No data	No data	No data	No data	No data	No data	No data	No data	No data
MYOC	0.002132106562703724	No data	No data	No data	No data	No data	No data	No data	No data	No data
ITM2A	0.001426453600993893	No data	No data	No data	No data	No data	No data	No data	No data	No data
TP53INP1	0.0014783194187388072	No data	No data	No data	No data	No data	No data	No data	No data	No data
PTX3	0.008869916512432843	No data	No data	No data	No data	No data	No data	No data	No data	No data
TCEAL1	0.0014783194187388072	No data	No data	No data	No data	No data	No data	No data	No data	No data
E2F3	0.004011309555131223	No data	No data	No data	No data	No data	No data	No data	No data	No data
BRCA2	0.027412546539786944	No data	No data	No data	No data	No data	No data	No data	No data	No data
BMP2	0.004684116743171851	No data	No data	No data	No data	No data	No data	No data	No data	No data
CALML3	0.0014783194187388072	No data	No data	No data	No data	No data	No data	No data	No data	No data
RAI2	0.003807461272576985	No data	No data	No data	No data	No data	No data	No data	No data	No data
SVEP1	0.006570838214094948	No data	No data	No data	No data	No data	No data	No data	No data	No data
IGHG3	0.0025870589827929123	No data	No data	No data	No data	No data	No data	No data	No data	No data
SOCS5	0.002751316695986113	No data	No data	No data	No data	No data	No data	No data	No data	No data
GNA11	0.0014783194187388072	No data	No data	No data	No data	No data	No data	No data	No data	No data
ENSG00000236543	0.01004586369351078	No data	No data	No data	No data	No data	No data	No data	No data	No data
MDM2	0.0025870589827929123	No data	No data	No data	No data	No data	No data	No data	No data	No data
NCR3	0.0022174791281082107	No data	No data	No data	No data	No data	No data	No data	No data	No data
IL17RB	0.00201215698661671	No data	No data	No data	No data	No data	No data	No data	No data	No data
COL4A4	0.004987452408400003	No data	No data	No data	No data	No data	No data	No data	No data	No data
CAMK2A	0.0014783194187388072	No data	No data	No data	No data	No data	No data	No data	No data	No data
GTF3A	0.0036957985468470188	No data	No data	No data	No data	No data	No data	No data	No data	No data
TPT1	0.01097446846272073	No data	No data	No data	No data	No data	No data	No data	No data	No data
TAC1	0.016404086871603187	No data	No data	No data	No data	No data	No data	No data	No data	No data
ADAM10	0.011826555349910457	No data	No data	No data	No data	No data	No data	No data	No data	No data
PDGFD	0.004674159151480044	No data	No data	No data	No data	No data	No data	No data	No data	No data
ZFP36	0.006652437384324632	No data	No data	No data	No data	No data	No data	No data	No data	No data
TREX1	0.036736237555659364	No data	No data	No data	No data	No data	No data	No data	No data	No data
MAMDC2	0.004922579366622152	No data	No data	No data	No data	No data	No data	No data	No data	No data
KANK4	0.002871104940299463	No data	No data	No data	No data	No data	No data	No data	No data	No data
CCNL2	0.0014783194187388072	No data	No data	No data	No data	No data	No data	No data	No data	No data
COL6A5	0.010639816564644617	No data	No data	No data	No data	No data	No data	No data	No data	No data
APRT	0.01322379325997801	No data	No data	No data	No data	No data	No data	No data	No data	No data
GJB2	0.005222587370380861	No data	No data	No data	No data	No data	No data	No data	No data	No data
ISYNA1	0.0196768100408302	No data	No data	No data	No data	No data	No data	No data	No data	No data
EPO	0.009663093590218497	No data	No data	No data	No data	No data	No data	No data	No data	No data
HIF1A	0.01593637342433173	No data	No data	No data	No data	No data	No data	No data	No data	No data
TMC5	0.0028803164522369544	No data	No data	No data	No data	No data	No data	No data	No data	No data
CHI3L1	0.04766763050393628	No data	No data	No data	No data	No data	No data	No data	No data	No data
PF4	0.022110102235768928	No data	No data	No data	No data	No data	No data	No data	No data	No data
MT1E	0.0014783194187388072	No data	No data	No data	No data	No data	No data	No data	No data	No data
KEAP1	0.007925434661571938	No data	No data	No data	No data	No data	No data	No data	No data	No data
KRTAP19-1	0.0026706284358466695	No data	No data	No data	No data	No data	No data	No data	No data	No data
GJB6	0.00304118634258315	No data	No data	No data	No data	No data	No data	No data	No data	No data
SLC7A1	0.0035441832403384894	No data	No data	No data	No data	No data	No data	No data	No data	No data
LGR5	0.008845958074550962	No data	No data	No data	No data	No data	No data	No data	No data	No data
TSPO	0.0073915970936940375	No data	No data	No data	No data	No data	No data	No data	No data	No data
WASL	0.007761176948378739	No data	No data	No data	No data	No data	No data	No data	No data	No data
HS3ST2	0.0073915970936940375	No data	No data	No data	No data	No data	No data	No data	No data	No data
UCN	0.0022174791281082107	No data	No data	No data	No data	No data	No data	No data	No data	No data
CEBPB	0.007925434661571938	No data	No data	No data	No data	No data	No data	No data	No data	No data
IFNL1	0.008007563518168538	No data	No data	No data	No data	No data	No data	No data	No data	No data
CALM2	0.0014783194187388072	No data	No data	No data	No data	No data	No data	No data	No data	No data
RBP1	0.0014783194187388072	No data	No data	No data	No data	No data	No data	No data	No data	No data
CCL3L3	0.0014783194187388072	No data	No data	No data	No data	No data	No data	No data	No data	No data
CEACAM5	0.0044349582562164215	No data	No data	No data	No data	No data	No data	No data	No data	No data
NPSR1	0.01404403447801867	No data	No data	No data	No data	No data	No data	No data	No data	No data
CLEC2A	0.0014783194187388072	No data	No data	No data	No data	No data	No data	No data	No data	No data
TNFRSF25	0.0029361066233284643	No data	No data	No data	No data	No data	No data	No data	No data	No data
MBTPS1	0.006044273201226807	No data	No data	No data	No data	No data	No data	No data	No data	No data
SMC4	0.0036324165323559764	No data	No data	No data	No data	No data	No data	No data	No data	No data
KNG1	0.010127719951209778	No data	No data	No data	No data	No data	No data	No data	No data	No data
TSPAN8	0.005454685169284733	No data	No data	No data	No data	No data	No data	No data	No data	No data
ELOVL5	0.021455494386313508	No data	No data	No data	No data	No data	No data	No data	No data	No data
LPCAT2	0.0044349582562164215	No data	No data	No data	No data	No data	No data	No data	No data	No data
HPS4	0.0022174791281082107	No data	No data	No data	No data	No data	No data	No data	No data	No data
NOD1	0.01214651452311033	No data	No data	No data	No data	No data	No data	No data	No data	No data
GSTK1	0.008332986541689213	No data	No data	No data	No data	No data	No data	No data	No data	No data
NAP1L3	0.005073454562925767	No data	No data	No data	No data	No data	No data	No data	No data	No data
TRIM32	0.0073915970936940375	No data	No data	No data	No data	No data	No data	No data	No data	No data
KRTAP4-7	0.003446756896330364	No data	No data	No data	No data	No data	No data	No data	No data	No data
CCNA2	0.007251349301498247	No data	No data	No data	No data	No data	No data	No data	No data	No data
SBSN	0.0073915970936940375	No data	No data	No data	No data	No data	No data	No data	No data	No data
NAAA	0.0073915970936940375	No data	No data	No data	No data	No data	No data	No data	No data	No data
HCLS1	0.0025870589827929123	No data	No data	No data	No data	No data	No data	No data	No data	No data
FOSB	0.01529871641498692	No data	No data	No data	No data	No data	No data	No data	No data	No data
RBM8A	0.0036957985468470188	No data	No data	No data	No data	No data	No data	No data	No data	No data
CLSTN2	0.002404717165238174	No data	No data	No data	No data	No data	No data	No data	No data	No data
SLC17A8	0.0014783194187388072	No data	No data	No data	No data	No data	No data	No data	No data	No data
GNLY	0.002617536227428552	No data	No data	No data	No data	No data	No data	No data	No data	No data
SCUBE3	0.002312444607018697	No data	No data	No data	No data	No data	No data	No data	No data	No data
PLIN4	0.0031774061326866263	No data	No data	No data	No data	No data	No data	No data	No data	No data
NFKBIZ	0.05426961916725534	No data	No data	No data	No data	No data	No data	No data	No data	No data
KCTD6	0.0073915970936940375	No data	No data	No data	No data	No data	No data	No data	No data	No data
ADAM17	0.03357807503630784	No data	No data	No data	No data	No data	No data	No data	No data	No data
CCNE2	0.0027520143587649783	No data	No data	No data	No data	No data	No data	No data	No data	No data
GLDN	0.0034496859292090453	No data	No data	No data	No data	No data	No data	No data	No data	No data
ARMH1	0.002843711659657289	No data	No data	No data	No data	No data	No data	No data	No data	No data
IRF1	0.0073915970936940375	No data	No data	No data	No data	No data	No data	No data	No data	No data
FABP5	0.002843711659657289	No data	No data	No data	No data	No data	No data	No data	No data	No data
TLR3	0.010158910060601451	No data	No data	No data	No data	No data	No data	No data	No data	No data
DCN	0.00641314534470389	No data	No data	No data	No data	No data	No data	No data	No data	No data
HLA-DRB5	0.14252520901599258	No data	0.23444314645010855	No data	No data	No data	No data	No data	No data	No data
DNASE1	0.026794539464640877	No data	No data	No data	No data	No data	No data	No data	No data	No data
CORIN	0.008736710349100188	No data	No data	No data	No data	No data	No data	No data	No data	No data
MLANA	0.0022174791281082107	No data	No data	No data	No data	No data	No data	No data	No data	No data
CD1B	0.010160702537845326	No data	No data	No data	No data	No data	No data	No data	No data	No data
PPARA	0.021690351137378123	No data	No data	No data	No data	No data	No data	No data	No data	No data
MYD88	0.009403754080310744	No data	No data	No data	No data	No data	No data	No data	No data	No data
PIK3CD	0.016016900902310074	No data	No data	No data	No data	No data	No data	No data	No data	No data
ELMOD1	0.011516613852374912	No data	No data	No data	No data	No data	No data	No data	No data	No data
LCE3D	0.008815306988538805	No data	No data	No data	No data	No data	No data	No data	No data	No data
REEP5	0.002751316695986113	No data	No data	No data	No data	No data	No data	No data	No data	No data
ANGPTL4	0.004359004726758685	No data	No data	No data	No data	No data	No data	No data	No data	No data
PIK3CD	0.016016900902310074	No data	No data	No data	No data	No data	No data	No data	No data	No data
MYOZ1	0.0014783194187388072	No data	No data	No data	No data	No data	No data	No data	No data	No data
DEFB1	0.010443300082682213	No data	No data	No data	No data	No data	No data	No data	No data	No data
ADIPOQ	0.02566222642584438	No data	No data	No data	No data	No data	No data	No data	No data	No data
PTPN1	0.0073915970936940375	No data	No data	No data	No data	No data	No data	No data	No data	No data
GREB1L	0.0021889664890818606	No data	No data	No data	No data	No data	No data	No data	No data	No data
PLAUR	0.0014783194187388072	No data	No data	No data	No data	No data	No data	No data	No data	No data
CYGB	0.008202619552585465	No data	No data	No data	No data	No data	No data	No data	No data	No data
CMPK1	0.028067536741888187	No data	No data	No data	No data	No data	No data	No data	No data	No data
PGAP3	0.0014783194187388072	No data	No data	No data	No data	No data	No data	No data	No data	No data
SERPINB5	0.0073915970936940375	No data	No data	No data	No data	No data	No data	No data	No data	No data
MZB1	0.002771848910135263	No data	No data	No data	No data	No data	No data	No data	No data	No data
SPHK1	0.011826555349910457	No data	No data	No data	No data	No data	No data	No data	No data	No data
LYVE1	0.0075029934022606175	No data	No data	No data	No data	No data	No data	No data	No data	No data
NOS2	0.030473431190485914	No data	No data	No data	No data	No data	No data	No data	No data	No data
CRABP2	0.005358907892928176	No data	No data	No data	No data	No data	No data	No data	No data	No data
UBA1	0.00794596687572109	No data	No data	No data	No data	No data	No data	No data	No data	No data
VSX1	0.011540806729949693	No data	No data	No data	No data	No data	No data	No data	No data	No data
KRT79	0.002858199672641814	No data	No data	No data	No data	No data	No data	No data	No data	No data
GSDMD	0.016631093460811583	No data	No data	No data	No data	No data	No data	No data	No data	No data
KRT23	0.0066819586290314745	No data	No data	No data	No data	No data	No data	No data	No data	No data
MVP	0.0035719618150553065	No data	No data	No data	No data	No data	No data	No data	No data	No data
SCCPDH	0.004957624947407614	No data	No data	No data	No data	No data	No data	No data	No data	No data
PER1	0.0014783194187388072	No data	No data	No data	No data	No data	No data	No data	No data	No data
GLA	0.0014783194187388072	No data	No data	No data	No data	No data	No data	No data	No data	No data
TMPRSS4	0.004367647051162551	No data	No data	No data	No data	No data	No data	No data	No data	No data
STARD3	0.0025870589827929123	No data	No data	No data	No data	No data	No data	No data	No data	No data
DDIT4	0.009609076221802246	No data	No data	No data	No data	No data	No data	No data	No data	No data
CAP1	0.004635147344170636	No data	No data	No data	No data	No data	No data	No data	No data	No data
OCA2	0.0044349582562164215	No data	No data	No data	No data	No data	No data	No data	No data	No data
CD9	0.00302850158699964	No data	No data	No data	No data	No data	No data	No data	No data	No data
GH1	0.01808888066540124	No data	No data	No data	No data	No data	No data	No data	No data	No data
PSTPIP2	0.03155472799297984	No data	No data	No data	No data	No data	No data	No data	No data	No data
IGSF10	0.006366902125356372	No data	No data	No data	No data	No data	No data	No data	No data	No data
NECTIN1	0.04988382299318277	No data	No data	No data	No data	No data	No data	No data	No data	No data
KLK4	0.008490879268496178	No data	No data	No data	No data	No data	No data	No data	No data	No data
KRTAP4-8	0.0017025329139823615	No data	No data	No data	No data	No data	No data	No data	No data	No data
CD300LG	0.0022174791281082107	No data	No data	No data	No data	No data	No data	No data	No data	No data
KRTAP2-1	0.0014278518484612196	No data	No data	No data	No data	No data	No data	No data	No data	No data
TNXB	0.0036957985468470188	No data	No data	No data	No data	No data	No data	No data	No data	No data
DDT	0.0044349582562164215	No data	No data	No data	No data	No data	No data	No data	No data	No data
CKLF	0.02289341877630236	No data	No data	No data	No data	No data	No data	No data	No data	No data
RPTN	0.0014783194187388072	No data	No data	No data	No data	No data	No data	No data	No data	No data
RGS22	0.007361140280909047	No data	No data	No data	No data	No data	No data	No data	No data	No data
MDH2	0.0014783194187388072	No data	No data	No data	No data	No data	No data	No data	No data	No data
RIPK1	0.0014783194187388072	No data	No data	No data	No data	No data	No data	No data	No data	No data
SOX9	0.005174117965585825	No data	No data	No data	No data	No data	No data	No data	No data	No data
DENND2D	0.002474895352272166	No data	No data	No data	No data	No data	No data	No data	No data	No data
BRAF	0.005358907892928176	No data	No data	No data	No data	No data	No data	No data	No data	No data
FAM83D	0.002508905157905642	No data	No data	No data	No data	No data	No data	No data	No data	No data
DEFB103A	0.010205319149950208	No data	No data	No data	No data	No data	No data	No data	No data	No data
EMX2	0.005159631635329495	No data	No data	No data	No data	No data	No data	No data	No data	No data
MIB1	0.0014783194187388072	No data	No data	No data	No data	No data	No data	No data	No data	No data
GFUS	0.003240944281334204	No data	No data	No data	No data	No data	No data	No data	No data	No data
CCL8	0.009065752165729423	No data	No data	No data	No data	No data	No data	No data	No data	No data
FABP7	0.0059578329585266415	No data	No data	No data	No data	No data	No data	No data	No data	No data
MTOR	0.012043991875015921	No data	No data	No data	No data	No data	No data	No data	No data	No data
CORT	0.007761176948378739	No data	No data	No data	No data	No data	No data	No data	No data	No data
SEMA3A	0.010624927880501968	No data	No data	No data	No data	No data	No data	No data	No data	No data
SHBG	0.0025870589827929123	No data	No data	No data	No data	No data	No data	No data	No data	No data
PDE7A	0.0022174791281082107	No data	No data	No data	No data	No data	No data	No data	No data	No data
TRPC6	0.0073915970936940375	No data	No data	No data	No data	No data	No data	No data	No data	No data
CHP2	0.004121128777412714	No data	No data	No data	No data	No data	No data	No data	No data	No data
LYST	0.007048160427734869	No data	No data	No data	No data	No data	No data	No data	No data	No data
FAS	0.012776540503669265	No data	No data	No data	No data	No data	No data	No data	No data	No data
GUSB	0.0035110086195046675	No data	No data	No data	No data	No data	No data	No data	No data	No data
EGR1	0.023252732523912484	No data	No data	No data	No data	No data	No data	No data	No data	No data
C4A	0.009143405604899523	No data	No data	No data	No data	No data	No data	No data	No data	No data
GSTM1	0.024546882205649403	No data	No data	No data	No data	No data	No data	No data	No data	No data
BICC1	0.0018828812581899693	No data	No data	No data	No data	No data	No data	No data	No data	No data
SFTPA1	0.004819937271512986	No data	No data	No data	No data	No data	No data	No data	No data	No data
MICALL2	0.0026814590178121946	No data	No data	No data	No data	No data	No data	No data	No data	No data
VKORC1L1	0.002599048433534041	No data	No data	No data	No data	No data	No data	No data	No data	No data
IL27RA	0.003165608005955132	No data	No data	No data	No data	No data	No data	No data	No data	No data
ZBED2	0.003332567788558234	No data	No data	No data	No data	No data	No data	No data	No data	No data
CDCA2	0.0035591707913778282	No data	No data	No data	No data	No data	No data	No data	No data	No data
SAGE1	0.0036957985468470188	No data	No data	No data	No data	No data	No data	No data	No data	No data
DYRK1B	0.009496149043981921	No data	No data	No data	No data	No data	No data	No data	No data	No data
FPR1	0.00819235344551089	No data	No data	No data	No data	No data	No data	No data	No data	No data
TMEM254	0.0035751317791670656	No data	No data	No data	No data	No data	No data	No data	No data	No data
SYK	0.09536895222960909	No data	No data	No data	No data	No data	No data	No data	No data	No data
ITGB2	0.053741992594157545	No data	No data	No data	No data	No data	No data	No data	No data	No data
PNO1	0.008869916512432843	No data	No data	No data	No data	No data	No data	No data	No data	No data
SH3PXD2A-AS1	0.0016690267303419552	No data	No data	No data	No data	No data	No data	No data	No data	No data
KNL1	0.008467362815849274	No data	No data	No data	No data	No data	No data	No data	No data	No data
SDC1	0.0025870589827929123	No data	No data	No data	No data	No data	No data	No data	No data	No data
TBXAS1	0.009793866149144598	No data	No data	No data	No data	No data	No data	No data	No data	No data
HP	0.014732341573054293	No data	No data	No data	No data	No data	No data	No data	No data	No data
KRTAP1-1	0.0029144857861919077	No data	No data	No data	No data	No data	No data	No data	No data	No data
CCL4L2	0.015337563969415128	No data	No data	No data	No data	No data	No data	No data	No data	No data
COCH	0.0015235917261895687	No data	No data	No data	No data	No data	No data	No data	No data	No data
CTLA4	0.021700172012213578	No data	No data	No data	No data	No data	No data	No data	No data	No data
THBD	0.008869916512432843	No data	No data	No data	No data	No data	No data	No data	No data	No data
RNASE7	0.0227871603791361	No data	No data	No data	No data	No data	No data	No data	No data	No data
ADSL	0.013222586468615778	No data	No data	No data	No data	No data	No data	No data	No data	No data
GRN	0.0029566388374776143	No data	No data	No data	No data	No data	No data	No data	No data	No data
OR1D2	0.0014783194187388072	No data	No data	No data	No data	No data	No data	No data	No data	No data
MAL2	0.001838645475791377	No data	No data	No data	No data	No data	No data	No data	No data	No data
ICOS	0.0025870589827929123	No data	No data	No data	No data	No data	No data	No data	No data	No data
MCAT	0.0022174791281082107	No data	No data	No data	No data	No data	No data	No data	No data	No data
SREBF1	0.009239496367117545	No data	No data	No data	No data	No data	No data	No data	No data	No data
PDZD2	0.0029524529427148293	No data	No data	No data	No data	No data	No data	No data	No data	No data
ARFGEF3	0.001934661813978141	No data	No data	No data	No data	No data	No data	No data	No data	No data
FPR2	0.008685126585090493	No data	No data	No data	No data	No data	No data	No data	No data	No data
PIP	0.0014783194187388072	No data	No data	No data	No data	No data	No data	No data	No data	No data
PRSS27	0.002507542699802164	No data	No data	No data	No data	No data	No data	No data	No data	No data
TRBV16	0.0014783194187388072	No data	No data	No data	No data	No data	No data	No data	No data	No data
APC	0.0034802102982809426	No data	No data	No data	No data	No data	No data	No data	No data	No data
COL6A1	0.0014783194187388072	No data	No data	No data	No data	No data	No data	No data	No data	No data
APOE	0.0040881336165967865	No data	No data	No data	No data	No data	No data	No data	No data	No data
SPRR4	0.008603650259270245	No data	No data	No data	No data	No data	No data	No data	No data	No data
LCE3B	0.0073915970936940375	No data	No data	No data	No data	No data	No data	No data	No data	No data
PM20D1	0.002124514458409021	No data	No data	No data	No data	No data	No data	No data	No data	No data
SEMA4D	0.0073915970936940375	No data	No data	No data	No data	No data	No data	No data	No data	No data
THBS3	0.0022174791281082107	No data	No data	No data	No data	No data	No data	No data	No data	No data
DKK2	0.009488905642490789	No data	No data	No data	No data	No data	No data	No data	No data	No data
RAB3B	0.0025866941561663004	No data	No data	No data	No data	No data	No data	No data	No data	No data
LRIG1	0.031406896051105956	No data	No data	No data	No data	No data	No data	No data	No data	No data
ATP13A5	0.0013917762958877318	No data	No data	No data	No data	No data	No data	No data	No data	No data
COL11A2	0.0029566388374776143	No data	No data	No data	No data	No data	No data	No data	No data	No data
TJP3	0.0073915970936940375	No data	No data	No data	No data	No data	No data	No data	No data	No data
KRT19	0.0073915970936940375	No data	No data	No data	No data	No data	No data	No data	No data	No data
ARFGEF1	0.0036957985468470188	No data	No data	No data	No data	No data	No data	No data	No data	No data
SOCS3	0.02142399301512675	No data	No data	No data	No data	No data	No data	No data	No data	No data
IL9R	0.02445407237377926	No data	No data	No data	No data	No data	No data	No data	No data	No data
PSMD4	0.0022174791281082107	No data	No data	No data	No data	No data	No data	No data	No data	No data
TINCR	0.0014783194187388072	No data	No data	No data	No data	No data	No data	No data	No data	No data
TMPO	0.007925434661571938	No data	No data	No data	No data	No data	No data	No data	No data	No data
EHF	0.007543098266490598	No data	No data	No data	No data	No data	No data	No data	No data	No data
BMAL1	0.0036957985468470188	No data	No data	No data	No data	No data	No data	No data	No data	No data
RELB	0.03546345660315914	No data	No data	No data	No data	No data	No data	No data	No data	No data
FCGBP	0.003486662913517066	No data	No data	No data	No data	No data	No data	No data	No data	No data
FUT3	0.004074068603364452	No data	No data	No data	No data	No data	No data	No data	No data	No data
PLA2G3	0.0014783194187388072	No data	No data	No data	No data	No data	No data	No data	No data	No data
SERPINB6	0.0030182354799250647	No data	No data	No data	No data	No data	No data	No data	No data	No data
CCL24	0.05218445130322337	No data	No data	No data	No data	No data	No data	No data	No data	No data
ALDH1A1	0.010248180256943103	No data	No data	No data	No data	No data	No data	No data	No data	No data
NPM1	0.00813075680306344	No data	No data	No data	No data	No data	No data	No data	No data	No data
EIF4EBP2	0.0014783194187388072	No data	No data	No data	No data	No data	No data	No data	No data	No data
H3P28	0.002843711659657289	No data	No data	No data	No data	No data	No data	No data	No data	No data
CD79A	0.02154344551548783	No data	No data	No data	No data	No data	No data	No data	No data	No data
ADAMTSL3	0.003678158814472227	No data	No data	No data	No data	No data	No data	No data	No data	No data
ALOX5	0.01124138724665968	No data	No data	No data	No data	No data	No data	No data	No data	No data
LCE2B	0.018730350729605817	No data	No data	No data	No data	No data	No data	No data	No data	No data
ADSS2	0.006128865923521305	No data	No data	No data	No data	No data	No data	No data	No data	No data
CAPZB	0.012728214963527027	No data	No data	No data	No data	No data	No data	No data	No data	No data
CLEC4D	0.0025870589827929123	No data	No data	No data	No data	No data	No data	No data	No data	No data
TRBC1	0.0017810360181703532	No data	No data	No data	No data	No data	No data	No data	No data	No data
GSTM5	0.0020441865155457393	No data	No data	No data	No data	No data	No data	No data	No data	No data
NLRC4	0.003582871369026692	No data	No data	No data	No data	No data	No data	No data	No data	No data
IL18BP	0.07687014590872006	No data	No data	No data	No data	No data	No data	No data	No data	No data
FAM114A1	0.0036957985468470188	No data	No data	No data	No data	No data	No data	No data	No data	No data
HSP90B2P	0.004968795824094324	No data	No data	No data	No data	No data	No data	No data	No data	No data
NPS	0.00974999448762153	No data	No data	No data	No data	No data	No data	No data	No data	No data
PLAU	0.018590087605760596	No data	No data	No data	No data	No data	No data	No data	No data	No data
ISM1	0.0033719846130405066	No data	No data	No data	No data	No data	No data	No data	No data	No data
SQSTM1	0.0022174791281082107	No data	No data	No data	No data	No data	No data	No data	No data	No data
MTA2	0.0036957985468470188	No data	No data	No data	No data	No data	No data	No data	No data	No data
CCR3	0.01840195696047271	No data	No data	No data	No data	No data	No data	No data	No data	No data
ARID2	0.0036957985468470188	No data	No data	No data	No data	No data	No data	No data	No data	No data
LTBP2	0.0073915970936940375	No data	No data	No data	No data	No data	No data	No data	No data	No data
KIF11	0.004750566054247252	No data	No data	No data	No data	No data	No data	No data	No data	No data
HHIP	0.0022174791281082107	No data	No data	No data	No data	No data	No data	No data	No data	No data
PPIG	0.0050587269220676015	No data	No data	No data	No data	No data	No data	No data	No data	No data
ANK3	0.004619748183558772	No data	No data	No data	No data	No data	No data	No data	No data	No data
SCARA5	0.008619340398239847	No data	No data	No data	No data	No data	No data	No data	No data	No data
TG	0.0036957985468470188	No data	No data	No data	No data	No data	No data	No data	No data	No data
GABPA	0.018055012257091187	No data	No data	No data	No data	No data	No data	No data	No data	No data
MAGT1	0.007761176948378739	No data	No data	No data	No data	No data	No data	No data	No data	No data
MTFR2	0.0034153444513377426	No data	No data	No data	No data	No data	No data	No data	No data	No data
CTSK	0.0046700713113631736	No data	No data	No data	No data	No data	No data	No data	No data	No data
PGM3	0.0058003504971349045	No data	No data	No data	No data	No data	No data	No data	No data	No data
ALDH1A2	0.002958673111912064	No data	No data	No data	No data	No data	No data	No data	No data	No data
PTPN21	0.005232218828564133	No data	No data	No data	No data	No data	No data	No data	No data	No data
KANK2	0.0014783194187388072	No data	No data	No data	No data	No data	No data	No data	No data	No data
BNIP3L	0.0030868336410383086	No data	No data	No data	No data	No data	No data	No data	No data	No data
AIP	0.0014783194187388072	No data	No data	No data	No data	No data	No data	No data	No data	No data
PTGER2	0.009725889721382622	No data	No data	No data	No data	No data	No data	No data	No data	No data
FFAR4	0.0073915970936940375	No data	No data	No data	No data	No data	No data	No data	No data	No data
ITGAE	0.009609076221802246	No data	No data	No data	No data	No data	No data	No data	No data	No data
TGFB3	0.0036957985468470188	No data	No data	No data	No data	No data	No data	No data	No data	No data
SGCE	0.003315894856787335	No data	No data	No data	No data	No data	No data	No data	No data	No data
KLK6	0.003942241354220098	No data	No data	No data	No data	No data	No data	No data	No data	No data
PRSS3	0.00630506883079951	No data	No data	No data	No data	No data	No data	No data	No data	No data
OSMR	0.009141830304523703	No data	No data	No data	No data	No data	No data	No data	No data	No data
CD68	0.0111398200633775	No data	No data	No data	No data	No data	No data	No data	No data	No data
CADM1	0.01717519713576406	No data	No data	No data	No data	No data	No data	No data	No data	No data
TNFRSF1A	0.00589274546080608	No data	No data	No data	No data	No data	No data	No data	No data	No data
SGMS2	0.0014783194187388072	No data	No data	No data	No data	No data	No data	No data	No data	No data
TNFAIP8	0.0036957985468470188	No data	No data	No data	No data	No data	No data	No data	No data	No data
PRRT2	0.010573564410715216	No data	No data	No data	No data	No data	No data	No data	No data	No data
PSRC1	0.0030280963104796503	No data	No data	No data	No data	No data	No data	No data	No data	No data
CCL3	0.017702833369710905	No data	No data	No data	No data	No data	No data	No data	No data	No data
SLC7A11	0.0027551525178674103	No data	No data	No data	No data	No data	No data	No data	No data	No data
BRMS1L	0.002843711659657289	No data	No data	No data	No data	No data	No data	No data	No data	No data
S100A8	0.03458548470450379	No data	No data	No data	No data	No data	No data	No data	No data	No data
ABCA6	0.003287889693229592	No data	No data	No data	No data	No data	No data	No data	No data	No data
UBXN11	0.00968360815916366	No data	No data	No data	No data	No data	No data	No data	No data	No data
ADAM11	0.015798177898213393	No data	No data	No data	No data	No data	No data	No data	No data	No data
IFIH1	0.0036957985468470188	No data	No data	No data	No data	No data	No data	No data	No data	No data
ST14	0.0022174791281082107	No data	No data	No data	No data	No data	No data	No data	No data	No data
NR3C1	0.6095200092006607	No data	No data	No data	No data	No data	No data	No data	No data	No data
ANO3	0.0014783194187388072	No data	No data	No data	No data	No data	No data	No data	No data	No data
IL33	0.19833958228951848	No data	0.2791654991090361	No data	No data	No data	No data	No data	No data	No data
TEK	0.0029566388374776143	No data	No data	No data	No data	No data	No data	No data	No data	No data
AHNAK2	0.0014783194187388072	No data	No data	No data	No data	No data	No data	No data	No data	No data
NABP1	0.0033389423792473194	No data	No data	No data	No data	No data	No data	No data	No data	No data
CCNB2	0.004590679627980942	No data	No data	No data	No data	No data	No data	No data	No data	No data
CERS1	0.0073915970936940375	No data	No data	No data	No data	No data	No data	No data	No data	No data
PBK	0.004091086483221056	No data	No data	No data	No data	No data	No data	No data	No data	No data
ABCA9	0.006768508493819196	No data	No data	No data	No data	No data	No data	No data	No data	No data
CASP8	0.01124138724665968	No data	No data	No data	No data	No data	No data	No data	No data	No data
CDCA5	0.0036606282317092516	No data	No data	No data	No data	No data	No data	No data	No data	No data
LRP8	0.0028170651773391955	No data	No data	No data	No data	No data	No data	No data	No data	No data
TYMP	0.011451433749813012	No data	No data	No data	No data	No data	No data	No data	No data	No data
NMT2	0.0023155689582605634	No data	No data	No data	No data	No data	No data	No data	No data	No data
HSPB7	0.001290971193866534	No data	No data	No data	No data	No data	No data	No data	No data	No data
LILRA6	0.0073915970936940375	No data	No data	No data	No data	No data	No data	No data	No data	No data
PSPH	0.001993840416187186	No data	No data	No data	No data	No data	No data	No data	No data	No data
TBC1D10C	0.09802846711643073	No data	0.16124938480095985	No data	No data	No data	No data	No data	No data	No data
ZG16B	0.00423897793173348	No data	No data	No data	No data	No data	No data	No data	No data	No data
PARP1	0.010512493644364851	No data	No data	No data	No data	No data	No data	No data	No data	No data
KLK5	0.015159336963058349	No data	No data	No data	No data	No data	No data	No data	No data	No data
AASS	0.0014783194187388072	No data	No data	No data	No data	No data	No data	No data	No data	No data
KIF23	0.005914790275032952	No data	No data	No data	No data	No data	No data	No data	No data	No data
CNKSR2	0.011286752610272418	No data	No data	No data	No data	No data	No data	No data	No data	No data
RAD51AP1	0.001652927751871084	No data	No data	No data	No data	No data	No data	No data	No data	No data
PSEN1	0.027412546539786944	No data	No data	No data	No data	No data	No data	No data	No data	No data
SUCNR1	0.016631093460811583	No data	No data	No data	No data	No data	No data	No data	No data	No data
IL17A	0.0795806494510522	No data	No data	No data	No data	No data	No data	No data	No data	No data
NFIL3	0.013304874768649264	No data	No data	No data	No data	No data	No data	No data	No data	No data
ERBB4	0.0011174862756374174	No data	No data	No data	No data	No data	No data	No data	No data	No data
STS	0.002309281153788336	No data	No data	No data	No data	No data	No data	No data	No data	No data
IGFL1	0.006666958122584596	No data	No data	No data	No data	No data	No data	No data	No data	No data
REG3A	0.009424286294459896	No data	No data	No data	No data	No data	No data	No data	No data	No data
APOA2	0.0014783194187388072	No data	No data	No data	No data	No data	No data	No data	No data	No data
LAMA3	0.0073915970936940375	No data	No data	No data	No data	No data	No data	No data	No data	No data
F13A1	0.01014291378968015	No data	No data	No data	No data	No data	No data	No data	No data	No data
NAT10	0.0014783194187388072	No data	No data	No data	No data	No data	No data	No data	No data	No data
S100A7A	0.01247076766345534	No data	No data	No data	No data	No data	No data	No data	No data	No data
LGALS2	0.0037906364624317734	No data	No data	No data	No data	No data	No data	No data	No data	No data
PTGER4	0.0014783194187388072	No data	No data	No data	No data	No data	No data	No data	No data	No data
LIMS1	0.004788229481951404	No data	No data	No data	No data	No data	No data	No data	No data	No data
ENSG00000237101	0.004287045115429753	No data	No data	No data	No data	No data	No data	No data	No data	No data
VAMP2	0.0022174791281082107	No data	No data	No data	No data	No data	No data	No data	No data	No data
GPR15LG	0.016148291897014416	No data	No data	No data	No data	No data	No data	No data	No data	No data
PELI2	0.0028085709876750913	No data	No data	No data	No data	No data	No data	No data	No data	No data
TNFRSF13B	0.0036957985468470188	No data	No data	No data	No data	No data	No data	No data	No data	No data
BDKRB1	0.005913277674955229	No data	No data	No data	No data	No data	No data	No data	No data	No data
DACH1	0.0015166880735035723	No data	No data	No data	No data	No data	No data	No data	No data	No data
TGFBR3	0.003050187321188628	No data	No data	No data	No data	No data	No data	No data	No data	No data
SALL1	0.0014783194187388072	No data	No data	No data	No data	No data	No data	No data	No data	No data
METRNL	0.011703362065015557	No data	No data	No data	No data	No data	No data	No data	No data	No data
DCTN4	0.0022174791281082107	No data	No data	No data	No data	No data	No data	No data	No data	No data
AIM2	0.003060137266798032	No data	No data	No data	No data	No data	No data	No data	No data	No data
PPARD	0.023170603667315885	No data	No data	No data	No data	No data	No data	No data	No data	No data
HLA-DQA2	0.0036957985468470188	No data	No data	No data	No data	No data	No data	No data	No data	No data
ARHGAP27	0.0073915970936940375	No data	No data	No data	No data	No data	No data	No data	No data	No data
C5AR2	0.008017829625243115	No data	No data	No data	No data	No data	No data	No data	No data	No data
MS4A1	0.009868398086506011	No data	No data	No data	No data	No data	No data	No data	No data	No data
TRPV4	0.018141305088237688	No data	No data	No data	No data	No data	No data	No data	No data	No data
AKR1C3	0.016020829748454948	No data	No data	No data	No data	No data	No data	No data	No data	No data
DSP	0.09417808380895838	No data	0.15198269940290526	No data	No data	No data	No data	No data	No data	No data
SMPD3	0.0014783194187388072	No data	No data	No data	No data	No data	No data	No data	No data	No data
GPER1	0.0036957985468470188	No data	No data	No data	No data	No data	No data	No data	No data	No data
PDE4B	0.5857738061938959	No data	No data	No data	No data	No data	No data	No data	No data	No data
AHRR	0.004804538110901123	No data	No data	No data	No data	No data	No data	No data	No data	No data
SPI1	0.009578277900578523	No data	No data	No data	No data	No data	No data	No data	No data	No data
IL24	0.011080848162894561	No data	No data	No data	No data	No data	No data	No data	No data	No data
ARTN	0.009924072157306372	No data	No data	No data	No data	No data	No data	No data	No data	No data
FANCD2	0.028620004051833244	No data	No data	No data	No data	No data	No data	No data	No data	No data
EZH2	0.005358907892928176	No data	No data	No data	No data	No data	No data	No data	No data	No data
IL16	0.029920728769591582	No data	No data	No data	No data	No data	No data	No data	No data	No data
HOXD13	0.008869916512432845	No data	No data	No data	No data	No data	No data	No data	No data	No data
JAM3	0.0036957985468470188	No data	No data	No data	No data	No data	No data	No data	No data	No data
OMD	0.012400029679770264	No data	No data	No data	No data	No data	No data	No data	No data	No data
IL2RB	0.002751316695986113	No data	No data	No data	No data	No data	No data	No data	No data	No data
SLC6A12	0.0014783194187388072	No data	No data	No data	No data	No data	No data	No data	No data	No data
LNX1	0.003542601368262112	No data	No data	No data	No data	No data	No data	No data	No data	No data
RNASE3	0.03324317621592881	No data	No data	No data	No data	No data	No data	No data	No data	No data
H1-7	0.0022174791281082107	No data	No data	No data	No data	No data	No data	No data	No data	No data
FLT3LG	0.002771848910135263	No data	No data	No data	No data	No data	No data	No data	No data	No data
NFAT5	0.00406537840153172	No data	No data	No data	No data	No data	No data	No data	No data	No data
RDH11	0.0029566388374776143	No data	No data	No data	No data	No data	No data	No data	No data	No data
ORM1	0.0025870589827929123	No data	No data	No data	No data	No data	No data	No data	No data	No data
CYSLTR1	0.011262728178631439	No data	No data	No data	No data	No data	No data	No data	No data	No data
ATG5	0.0014783194187388072	No data	No data	No data	No data	No data	No data	No data	No data	No data
IL12B	0.07786072258034583	No data	No data	No data	No data	No data	No data	No data	No data	No data
YAP1	0.009650140650100548	No data	No data	No data	No data	No data	No data	No data	No data	No data
BCL10	0.0025870589827929123	No data	No data	No data	No data	No data	No data	No data	No data	No data
AKT1	0.014932976895966357	No data	No data	No data	No data	No data	No data	No data	No data	No data
CNR2	0.08507445622628701	No data	No data	No data	No data	No data	No data	No data	No data	No data
POMC	0.02038243953278256	No data	No data	No data	No data	No data	No data	No data	No data	No data
TLR4	0.02342511941498615	No data	No data	No data	No data	No data	No data	No data	No data	No data
IGKV1D-22	0.0044144260420672715	No data	No data	No data	No data	No data	No data	No data	No data	No data
CSTA	0.011426177174002032	No data	No data	No data	No data	No data	No data	No data	No data	No data
BRMS1L	0.002843711659657289	No data	No data	No data	No data	No data	No data	No data	No data	No data
SLC7A11	0.0027551525178674103	No data	No data	No data	No data	No data	No data	No data	No data	No data
CCL3	0.017702833369710905	No data	No data	No data	No data	No data	No data	No data	No data	No data
PSRC1	0.0030280963104796503	No data	No data	No data	No data	No data	No data	No data	No data	No data
PRRT2	0.010573564410715216	No data	No data	No data	No data	No data	No data	No data	No data	No data
TNFAIP8	0.0036957985468470188	No data	No data	No data	No data	No data	No data	No data	No data	No data
SGMS2	0.0014783194187388072	No data	No data	No data	No data	No data	No data	No data	No data	No data
TNFRSF1A	0.00589274546080608	No data	No data	No data	No data	No data	No data	No data	No data	No data
CADM1	0.01717519713576406	No data	No data	No data	No data	No data	No data	No data	No data	No data
CD68	0.0111398200633775	No data	No data	No data	No data	No data	No data	No data	No data	No data
OSMR	0.009141830304523703	No data	No data	No data	No data	No data	No data	No data	No data	No data
PRSS3	0.00630506883079951	No data	No data	No data	No data	No data	No data	No data	No data	No data
KLK6	0.003942241354220098	No data	No data	No data	No data	No data	No data	No data	No data	No data
SGCE	0.003315894856787335	No data	No data	No data	No data	No data	No data	No data	No data	No data
TGFB3	0.0036957985468470188	No data	No data	No data	No data	No data	No data	No data	No data	No data
ITGAE	0.009609076221802246	No data	No data	No data	No data	No data	No data	No data	No data	No data
FFAR4	0.0073915970936940375	No data	No data	No data	No data	No data	No data	No data	No data	No data
PTGER2	0.009725889721382622	No data	No data	No data	No data	No data	No data	No data	No data	No data
AIP	0.0014783194187388072	No data	No data	No data	No data	No data	No data	No data	No data	No data
BNIP3L	0.0030868336410383086	No data	No data	No data	No data	No data	No data	No data	No data	No data
KANK2	0.0014783194187388072	No data	No data	No data	No data	No data	No data	No data	No data	No data
PTPN21	0.005232218828564133	No data	No data	No data	No data	No data	No data	No data	No data	No data
ALDH1A2	0.002958673111912064	No data	No data	No data	No data	No data	No data	No data	No data	No data
PGM3	0.0058003504971349045	No data	No data	No data	No data	No data	No data	No data	No data	No data
CTSK	0.0046700713113631736	No data	No data	No data	No data	No data	No data	No data	No data	No data
MTFR2	0.0034153444513377426	No data	No data	No data	No data	No data	No data	No data	No data	No data
MAGT1	0.007761176948378739	No data	No data	No data	No data	No data	No data	No data	No data	No data
GABPA	0.018055012257091187	No data	No data	No data	No data	No data	No data	No data	No data	No data
TG	0.0036957985468470188	No data	No data	No data	No data	No data	No data	No data	No data	No data
SCARA5	0.008619340398239847	No data	No data	No data	No data	No data	No data	No data	No data	No data
ANK3	0.004619748183558772	No data	No data	No data	No data	No data	No data	No data	No data	No data
PPIG	0.0050587269220676015	No data	No data	No data	No data	No data	No data	No data	No data	No data
HHIP	0.0022174791281082107	No data	No data	No data	No data	No data	No data	No data	No data	No data
KIF11	0.004750566054247252	No data	No data	No data	No data	No data	No data	No data	No data	No data
LTBP2	0.0073915970936940375	No data	No data	No data	No data	No data	No data	No data	No data	No data
ARID2	0.0036957985468470188	No data	No data	No data	No data	No data	No data	No data	No data	No data
CCR3	0.01840195696047271	No data	No data	No data	No data	No data	No data	No data	No data	No data
MTA2	0.0036957985468470188	No data	No data	No data	No data	No data	No data	No data	No data	No data
SQSTM1	0.0022174791281082107	No data	No data	No data	No data	No data	No data	No data	No data	No data
ISM1	0.0033719846130405066	No data	No data	No data	No data	No data	No data	No data	No data	No data
PLAU	0.018590087605760596	No data	No data	No data	No data	No data	No data	No data	No data	No data
NPS	0.00974999448762153	No data	No data	No data	No data	No data	No data	No data	No data	No data
HSP90B2P	0.004968795824094324	No data	No data	No data	No data	No data	No data	No data	No data	No data
FAM114A1	0.0036957985468470188	No data	No data	No data	No data	No data	No data	No data	No data	No data
IL18BP	0.07687014590872006	No data	No data	No data	No data	No data	No data	No data	No data	No data
NLRC4	0.003582871369026692	No data	No data	No data	No data	No data	No data	No data	No data	No data
GSTM5	0.0020441865155457393	No data	No data	No data	No data	No data	No data	No data	No data	No data
TRBC1	0.0017810360181703532	No data	No data	No data	No data	No data	No data	No data	No data	No data
CLEC4D	0.0025870589827929123	No data	No data	No data	No data	No data	No data	No data	No data	No data
CAPZB	0.012728214963527027	No data	No data	No data	No data	No data	No data	No data	No data	No data
ADSS2	0.006128865923521305	No data	No data	No data	No data	No data	No data	No data	No data	No data
LCE2B	0.018730350729605817	No data	No data	No data	No data	No data	No data	No data	No data	No data
ALOX5	0.01124138724665968	No data	No data	No data	No data	No data	No data	No data	No data	No data
ADAMTSL3	0.003678158814472227	No data	No data	No data	No data	No data	No data	No data	No data	No data
CD79A	0.02154344551548783	No data	No data	No data	No data	No data	No data	No data	No data	No data
H3P28	0.002843711659657289	No data	No data	No data	No data	No data	No data	No data	No data	No data
EIF4EBP2	0.0014783194187388072	No data	No data	No data	No data	No data	No data	No data	No data	No data
NPM1	0.00813075680306344	No data	No data	No data	No data	No data	No data	No data	No data	No data
ALDH1A1	0.010248180256943103	No data	No data	No data	No data	No data	No data	No data	No data	No data
CCL24	0.05218445130322337	No data	No data	No data	No data	No data	No data	No data	No data	No data
SERPINB6	0.0030182354799250647	No data	No data	No data	No data	No data	No data	No data	No data	No data
PLA2G3	0.0014783194187388072	No data	No data	No data	No data	No data	No data	No data	No data	No data
FUT3	0.004074068603364452	No data	No data	No data	No data	No data	No data	No data	No data	No data
FCGBP	0.003486662913517066	No data	No data	No data	No data	No data	No data	No data	No data	No data
RELB	0.03546345660315914	No data	No data	No data	No data	No data	No data	No data	No data	No data
BMAL1	0.0036957985468470188	No data	No data	No data	No data	No data	No data	No data	No data	No data
EHF	0.007543098266490598	No data	No data	No data	No data	No data	No data	No data	No data	No data
TMPO	0.007925434661571938	No data	No data	No data	No data	No data	No data	No data	No data	No data
TINCR	0.0014783194187388072	No data	No data	No data	No data	No data	No data	No data	No data	No data
PSMD4	0.0022174791281082107	No data	No data	No data	No data	No data	No data	No data	No data	No data
IL9R	0.02445407237377926	No data	No data	No data	No data	No data	No data	No data	No data	No data
SOCS3	0.02142399301512675	No data	No data	No data	No data	No data	No data	No data	No data	No data
ARFGEF1	0.0036957985468470188	No data	No data	No data	No data	No data	No data	No data	No data	No data
KRT19	0.0073915970936940375	No data	No data	No data	No data	No data	No data	No data	No data	No data
TJP3	0.0073915970936940375	No data	No data	No data	No data	No data	No data	No data	No data	No data
COL11A2	0.0029566388374776143	No data	No data	No data	No data	No data	No data	No data	No data	No data
ATP13A5	0.0013917762958877318	No data	No data	No data	No data	No data	No data	No data	No data	No data
LRIG1	0.031406896051105956	No data	No data	No data	No data	No data	No data	No data	No data	No data
RAB3B	0.0025866941561663004	No data	No data	No data	No data	No data	No data	No data	No data	No data
DKK2	0.009488905642490789	No data	No data	No data	No data	No data	No data	No data	No data	No data
THBS3	0.0022174791281082107	No data	No data	No data	No data	No data	No data	No data	No data	No data
SEMA4D	0.0073915970936940375	No data	No data	No data	No data	No data	No data	No data	No data	No data
PM20D1	0.002124514458409021	No data	No data	No data	No data	No data	No data	No data	No data	No data
LCE3B	0.0073915970936940375	No data	No data	No data	No data	No data	No data	No data	No data	No data
SPRR4	0.008603650259270245	No data	No data	No data	No data	No data	No data	No data	No data	No data
APOE	0.0040881336165967865	No data	No data	No data	No data	No data	No data	No data	No data	No data
COL6A1	0.0014783194187388072	No data	No data	No data	No data	No data	No data	No data	No data	No data
APC	0.0034802102982809426	No data	No data	No data	No data	No data	No data	No data	No data	No data
TRBV16	0.0014783194187388072	No data	No data	No data	No data	No data	No data	No data	No data	No data
PRSS27	0.002507542699802164	No data	No data	No data	No data	No data	No data	No data	No data	No data
PIP	0.0014783194187388072	No data	No data	No data	No data	No data	No data	No data	No data	No data
FPR2	0.008685126585090493	No data	No data	No data	No data	No data	No data	No data	No data	No data
ARFGEF3	0.001934661813978141	No data	No data	No data	No data	No data	No data	No data	No data	No data
PDZD2	0.0029524529427148293	No data	No data	No data	No data	No data	No data	No data	No data	No data
SREBF1	0.009239496367117545	No data	No data	No data	No data	No data	No data	No data	No data	No data
MCAT	0.0022174791281082107	No data	No data	No data	No data	No data	No data	No data	No data	No data
ICOS	0.0025870589827929123	No data	No data	No data	No data	No data	No data	No data	No data	No data
MAL2	0.001838645475791377	No data	No data	No data	No data	No data	No data	No data	No data	No data
OR1D2	0.0014783194187388072	No data	No data	No data	No data	No data	No data	No data	No data	No data
GRN	0.0029566388374776143	No data	No data	No data	No data	No data	No data	No data	No data	No data
ADSL	0.013222586468615778	No data	No data	No data	No data	No data	No data	No data	No data	No data
RNASE7	0.0227871603791361	No data	No data	No data	No data	No data	No data	No data	No data	No data
THBD	0.008869916512432843	No data	No data	No data	No data	No data	No data	No data	No data	No data
CTLA4	0.021700172012213578	No data	No data	No data	No data	No data	No data	No data	No data	No data
COCH	0.0015235917261895687	No data	No data	No data	No data	No data	No data	No data	No data	No data
CCL4L2	0.015337563969415128	No data	No data	No data	No data	No data	No data	No data	No data	No data
KRTAP1-1	0.0029144857861919077	No data	No data	No data	No data	No data	No data	No data	No data	No data
HP	0.014732341573054293	No data	No data	No data	No data	No data	No data	No data	No data	No data
TBXAS1	0.009793866149144598	No data	No data	No data	No data	No data	No data	No data	No data	No data
SDC1	0.0025870589827929123	No data	No data	No data	No data	No data	No data	No data	No data	No data
KNL1	0.008467362815849274	No data	No data	No data	No data	No data	No data	No data	No data	No data
SH3PXD2A-AS1	0.0016690267303419552	No data	No data	No data	No data	No data	No data	No data	No data	No data
PNO1	0.008869916512432843	No data	No data	No data	No data	No data	No data	No data	No data	No data
ITGB2	0.053741992594157545	No data	No data	No data	No data	No data	No data	No data	No data	No data
SYK	0.09536895222960909	No data	No data	No data	No data	No data	No data	No data	No data	No data
TMEM254	0.0035751317791670656	No data	No data	No data	No data	No data	No data	No data	No data	No data
FPR1	0.00819235344551089	No data	No data	No data	No data	No data	No data	No data	No data	No data
DYRK1B	0.009496149043981921	No data	No data	No data	No data	No data	No data	No data	No data	No data
SAGE1	0.0036957985468470188	No data	No data	No data	No data	No data	No data	No data	No data	No data
CDCA2	0.0035591707913778282	No data	No data	No data	No data	No data	No data	No data	No data	No data
ZBED2	0.003332567788558234	No data	No data	No data	No data	No data	No data	No data	No data	No data
IL27RA	0.003165608005955132	No data	No data	No data	No data	No data	No data	No data	No data	No data
VKORC1L1	0.002599048433534041	No data	No data	No data	No data	No data	No data	No data	No data	No data
ERBB4	0.0011174862756374174	No data	No data	No data	No data	No data	No data	No data	No data	No data
GPAM	0.0032624388308476475	No data	No data	No data	No data	No data	No data	No data	No data	No data
RPL17	0.020528711479267357	No data	No data	No data	No data	No data	No data	No data	No data	No data
CENPK	0.0037397701720936006	No data	No data	No data	No data	No data	No data	No data	No data	No data
ACP1	0.01589193375144218	No data	No data	No data	No data	No data	No data	No data	No data	No data
FUT7	0.00794596687572109	No data	No data	No data	No data	No data	No data	No data	No data	No data
GDNF	0.010153179896754724	No data	No data	No data	No data	No data	No data	No data	No data	No data
SLC16A7	0.002417313049185988	No data	No data	No data	No data	No data	No data	No data	No data	No data
LAMP3	0.00425300887642543	No data	No data	No data	No data	No data	No data	No data	No data	No data
IL1RAP	0.07585626517403506	No data	No data	No data	No data	No data	No data	No data	No data	No data
AIMP2	0.004765514333274382	No data	No data	No data	No data	No data	No data	No data	No data	No data
HAVCR2	0.010779412428303803	No data	No data	No data	No data	No data	No data	No data	No data	No data
ELOVL3	0.005026615203010624	No data	No data	No data	No data	No data	No data	No data	No data	No data
USP2	0.003457170548162111	No data	No data	No data	No data	No data	No data	No data	No data	No data
IL18	0.08556628630456653	No data	No data	No data	No data	No data	No data	No data	No data	No data
NR1H4	0.0014783194187388072	No data	No data	No data	No data	No data	No data	No data	No data	No data
TGFA	0.01589193375144218	No data	No data	No data	No data	No data	No data	No data	No data	No data
NMRK2	0.018848572588919792	No data	No data	No data	No data	No data	No data	No data	No data	No data
SPINK6	0.002751316695986113	No data	No data	No data	No data	No data	No data	No data	No data	No data
SGPL1	0.0014783194187388072	No data	No data	No data	No data	No data	No data	No data	No data	No data
CCL17	0.04026433235170479	No data	No data	No data	No data	No data	No data	No data	No data	No data
MYH14	0.001569406661350737	No data	No data	No data	No data	No data	No data	No data	No data	No data
PHKA2	0.0022174791281082107	No data	No data	No data	No data	No data	No data	No data	No data	No data
S100A1	0.009935833839242611	No data	No data	No data	No data	No data	No data	No data	No data	No data
SLC7A5	0.004901389309735166	No data	No data	No data	No data	No data	No data	No data	No data	No data
TLR7	0.006130906574192863	No data	No data	No data	No data	No data	No data	No data	No data	No data
NOX4	0.0018478992734235094	No data	No data	No data	No data	No data	No data	No data	No data	No data
IL22RA1	0.002843711659657289	No data	No data	No data	No data	No data	No data	No data	No data	No data
JUND	0.01529871641498692	No data	No data	No data	No data	No data	No data	No data	No data	No data
HRAS	0.004989328038243475	No data	No data	No data	No data	No data	No data	No data	No data	No data
HNMT	0.01700334250333567	No data	No data	No data	No data	No data	No data	No data	No data	No data
F9	0.0022174791281082107	No data	No data	No data	No data	No data	No data	No data	No data	No data
SLC60A1	0.001966980478051381	No data	No data	No data	No data	No data	No data	No data	No data	No data
UBE2T	0.002150022395051728	No data	No data	No data	No data	No data	No data	No data	No data	No data
GEM	0.013248411179739098	No data	No data	No data	No data	No data	No data	No data	No data	No data
SOD1	0.01076092086482621	No data	No data	No data	No data	No data	No data	No data	No data	No data
AGR2	0.0014783194187388072	No data	No data	No data	No data	No data	No data	No data	No data	No data
HOXA9	0.0025036541627600846	No data	No data	No data	No data	No data	No data	No data	No data	No data
FCER1G	0.003675266332697868	No data	No data	No data	No data	No data	No data	No data	No data	No data
SP5	0.0033959232187562127	No data	No data	No data	No data	No data	No data	No data	No data	No data
BAG2	0.0030521789931467385	No data	No data	No data	No data	No data	No data	No data	No data	No data
CLEC4E	0.0014783194187388072	No data	No data	No data	No data	No data	No data	No data	No data	No data
IFI44L	0.0010994951395157597	No data	No data	No data	No data	No data	No data	No data	No data	No data
H19	0.003326218692162316	No data	No data	No data	No data	No data	No data	No data	No data	No data
PRKCB	0.012398034146437416	No data	No data	No data	No data	No data	No data	No data	No data	No data
VDR	0.10786653368172304	No data	No data	No data	No data	No data	No data	No data	No data	No data
RASGRP1	0.002572584058279481	No data	No data	No data	No data	No data	No data	No data	No data	No data
SNCA	0.011375781097553527	No data	No data	No data	No data	No data	No data	No data	No data	No data
NAMPT	0.015919639669800173	No data	No data	No data	No data	No data	No data	No data	No data	No data
UBE4A	0.0014783194187388072	No data	No data	No data	No data	No data	No data	No data	No data	No data
NECTIN4	0.0014783194187388072	No data	No data	No data	No data	No data	No data	No data	No data	No data
CCL25	0.0073915970936940375	No data	No data	No data	No data	No data	No data	No data	No data	No data
BTD	0.0022174791281082107	No data	No data	No data	No data	No data	No data	No data	No data	No data
PCYT1B	0.006282857529639931	No data	No data	No data	No data	No data	No data	No data	No data	No data
CST6	0.015168955982106165	No data	No data	No data	No data	No data	No data	No data	No data	No data
ANXA5	0.0014783194187388072	No data	No data	No data	No data	No data	No data	No data	No data	No data
ITGAX	0.013706690199548132	No data	No data	No data	No data	No data	No data	No data	No data	No data
HTATIP2	0.0014783194187388072	No data	No data	No data	No data	No data	No data	No data	No data	No data
CDH3	0.006312141997470563	No data	No data	No data	No data	No data	No data	No data	No data	No data
ZWINT	0.007137278927940528	No data	No data	No data	No data	No data	No data	No data	No data	No data
SSTR1	0.0022174791281082107	No data	No data	No data	No data	No data	No data	No data	No data	No data
CAVIN2	0.003228002732142337	No data	No data	No data	No data	No data	No data	No data	No data	No data
GINS1	0.0038535317330212365	No data	No data	No data	No data	No data	No data	No data	No data	No data
CRLF2	0.008216205727065903	No data	No data	No data	No data	No data	No data	No data	No data	No data
ALOX15B	0.0044144260420672715	No data	No data	No data	No data	No data	No data	No data	No data	No data
KRT5	0.003490476405355517	No data	No data	No data	No data	No data	No data	No data	No data	No data
CAMK4	0.0014783194187388072	No data	No data	No data	No data	No data	No data	No data	No data	No data
SNX17	0.0036957985468470188	No data	No data	No data	No data	No data	No data	No data	No data	No data
STARD4	0.0022174791281082107	No data	No data	No data	No data	No data	No data	No data	No data	No data
ERVK13-1	0.0014783194187388072	No data	No data	No data	No data	No data	No data	No data	No data	No data
NFIB	0.0022174791281082107	No data	No data	No data	No data	No data	No data	No data	No data	No data
SLC52A1	0.018288440623577394	No data	No data	No data	No data	No data	No data	No data	No data	No data
AKR1B10	0.017406152402593057	No data	No data	No data	No data	No data	No data	No data	No data	No data
SMAD7	0.0014783194187388072	No data	No data	No data	No data	No data	No data	No data	No data	No data
SOAT1	0.015857724949348	No data	No data	No data	No data	No data	No data	No data	No data	No data
PIK3CA	0.01748767787503491	No data	No data	No data	No data	No data	No data	No data	No data	No data
MAD2L1	0.0037406577945485573	No data	No data	No data	No data	No data	No data	No data	No data	No data
ASTN1	0.0073915970936940375	No data	No data	No data	No data	No data	No data	No data	No data	No data
NELFCD	0.009272004542229316	No data	No data	No data	No data	No data	No data	No data	No data	No data
BTC	0.0314404126074742	No data	No data	No data	No data	No data	No data	No data	No data	No data
POLDIP2	0.004765514333274382	No data	No data	No data	No data	No data	No data	No data	No data	No data
YWHAQ	0.0029566388374776143	No data	No data	No data	No data	No data	No data	No data	No data	No data
NEDD9	0.0014783194187388072	No data	No data	No data	No data	No data	No data	No data	No data	No data
BHLHE41	0.004182041904944035	No data	No data	No data	No data	No data	No data	No data	No data	No data
PRKCA	0.01073492480035626	No data	No data	No data	No data	No data	No data	No data	No data	No data
TAPBP	0.005955120287087107	No data	No data	No data	No data	No data	No data	No data	No data	No data
LCE3C	0.0073915970936940375	No data	No data	No data	No data	No data	No data	No data	No data	No data
IL13RA1	0.009680938971324273	No data	No data	No data	No data	No data	No data	No data	No data	No data
SMARCC1	0.009609076221802246	No data	No data	No data	No data	No data	No data	No data	No data	No data
DPT	0.03921611838059371	No data	No data	No data	No data	No data	No data	No data	No data	No data
PDLIM7	0.009424286294459896	No data	No data	No data	No data	No data	No data	No data	No data	No data
GPRC6A	0.0036957985468470188	No data	No data	No data	No data	No data	No data	No data	No data	No data
DNTT	0.0014783194187388072	No data	No data	No data	No data	No data	No data	No data	No data	No data
CD177	0.0014783194187388072	No data	No data	No data	No data	No data	No data	No data	No data	No data
SLAMF8	0.0030435561213642557	No data	No data	No data	No data	No data	No data	No data	No data	No data
JAK1	0.5739866975342015	No data	No data	No data	No data	No data	No data	No data	No data	No data
ASPM	0.007171019695286982	No data	No data	No data	No data	No data	No data	No data	No data	No data
PIEZO2	0.007228142229100537	No data	No data	No data	No data	No data	No data	No data	No data	No data
ECT2	0.0053338571087192446	No data	No data	No data	No data	No data	No data	No data	No data	No data
INS	0.013609141656500685	No data	No data	No data	No data	No data	No data	No data	No data	No data
TRPV1	0.29424136500004316	No data	No data	No data	No data	No data	No data	No data	No data	No data
FOXN1	0.0014783194187388072	No data	No data	No data	No data	No data	No data	No data	No data	No data
CLMP	0.0063757601573823965	No data	No data	No data	No data	No data	No data	No data	No data	No data
SLPI	0.0018478992734235094	No data	No data	No data	No data	No data	No data	No data	No data	No data
SULT2A1	0.010362106447123315	No data	No data	No data	No data	No data	No data	No data	No data	No data
ZDHHC13	0.007206807166351686	No data	No data	No data	No data	No data	No data	No data	No data	No data
SLC17A5	0.002771848910135263	No data	No data	No data	No data	No data	No data	No data	No data	No data
LHB	0.0014783194187388072	No data	No data	No data	No data	No data	No data	No data	No data	No data
FADS2	0.02130246199447373	No data	No data	No data	No data	No data	No data	No data	No data	No data
GPBAR1	0.010291772342261486	No data	No data	No data	No data	No data	No data	No data	No data	No data
CSE1L	0.0014783194187388072	No data	No data	No data	No data	No data	No data	No data	No data	No data
IL36A	0.01481736775320305	No data	No data	No data	No data	No data	No data	No data	No data	No data
CUL9	0.002751316695986113	No data	No data	No data	No data	No data	No data	No data	No data	No data
MYLK	0.0014783194187388072	No data	No data	No data	No data	No data	No data	No data	No data	No data
BCL2	0.010522759751439424	No data	No data	No data	No data	No data	No data	No data	No data	No data
GLP1R	0.015522353896757475	No data	No data	No data	No data	No data	No data	No data	No data	No data
CAMKMT	0.0014783194187388072	No data	No data	No data	No data	No data	No data	No data	No data	No data
TENM1	0.003006528952573821	No data	No data	No data	No data	No data	No data	No data	No data	No data
DOT1L	0.0035193697884006894	No data	No data	No data	No data	No data	No data	No data	No data	No data
KRTAP4-4	0.002023871820155586	No data	No data	No data	No data	No data	No data	No data	No data	No data
ELOVL4	0.0031246771713590387	No data	No data	No data	No data	No data	No data	No data	No data	No data
STING1	0.00406537840153172	No data	No data	No data	No data	No data	No data	No data	No data	No data
KRT17	0.008202619552585465	No data	No data	No data	No data	No data	No data	No data	No data	No data
CD63	0.010417634814995778	No data	No data	No data	No data	No data	No data	No data	No data	No data
ITGB7	0.0014783194187388072	No data	No data	No data	No data	No data	No data	No data	No data	No data
EBNA1BP2	0.002843711659657289	No data	No data	No data	No data	No data	No data	No data	No data	No data
RHOB	0.0022174791281082107	No data	No data	No data	No data	No data	No data	No data	No data	No data
NEK2	0.008637708195325666	No data	No data	No data	No data	No data	No data	No data	No data	No data
CAPN1	0.003373256621041964	No data	No data	No data	No data	No data	No data	No data	No data	No data
SCD	0.004506821005738447	No data	No data	No data	No data	No data	No data	No data	No data	No data
PKP3	0.003074954973157441	No data	No data	No data	No data	No data	No data	No data	No data	No data
ELOVL1	0.0014783194187388072	No data	No data	No data	No data	No data	No data	No data	No data	No data
TRPM2	0.008315546730405791	No data	No data	No data	No data	No data	No data	No data	No data	No data
SPAG11A	0.007761176948378739	No data	No data	No data	No data	No data	No data	No data	No data	No data
WNK2	0.009047815577291873	No data	No data	No data	No data	No data	No data	No data	No data	No data
AR	0.0029205037289889465	No data	No data	No data	No data	No data	No data	No data	No data	No data
C4BPA	0.015337563969415128	No data	No data	No data	No data	No data	No data	No data	No data	No data
ENSG00000278961	0.001652927751871084	No data	No data	No data	No data	No data	No data	No data	No data	No data
KRT33A	0.0024505167898203986	No data	No data	No data	No data	No data	No data	No data	No data	No data
HSPB1	0.0014783194187388072	No data	No data	No data	No data	No data	No data	No data	No data	No data
NOS3	0.013099552627157764	No data	No data	No data	No data	No data	No data	No data	No data	No data
PTH2	0.0022174791281082107	No data	No data	No data	No data	No data	No data	No data	No data	No data
SLC1A6	0.004390676706462039	No data	No data	No data	No data	No data	No data	No data	No data	No data
S1PR2	0.016679960130486556	No data	No data	No data	No data	No data	No data	No data	No data	No data
VAC14	0.0018478992734235094	No data	No data	No data	No data	No data	No data	No data	No data	No data
PRP4K	0.0014783194187388072	No data	No data	No data	No data	No data	No data	No data	No data	No data
LCN2	0.005335671955063606	No data	No data	No data	No data	No data	No data	No data	No data	No data
MMP1	0.014990187121516419	No data	No data	No data	No data	No data	No data	No data	No data	No data
ABCC1	0.0025870589827929123	No data	No data	No data	No data	No data	No data	No data	No data	No data
TFDP2	0.0034802102982809426	No data	No data	No data	No data	No data	No data	No data	No data	No data
SOD2	0.023706687208006838	No data	No data	No data	No data	No data	No data	No data	No data	No data
PPIB	0.009589981262643538	No data	No data	No data	No data	No data	No data	No data	No data	No data
NSG1	0.0014783194187388072	No data	No data	No data	No data	No data	No data	No data	No data	No data
CAT	0.016271270027531266	No data	No data	No data	No data	No data	No data	No data	No data	No data
C1GALT1C1	0.0044349582562164215	No data	No data	No data	No data	No data	No data	No data	No data	No data
CDH1	0.02862546844562655	No data	No data	No data	No data	No data	No data	No data	No data	No data
IL36RN	0.041572376203428615	No data	No data	No data	No data	No data	No data	No data	No data	No data
SRF	0.0014783194187388072	No data	No data	No data	No data	No data	No data	No data	No data	No data
UQCRFS1	0.0014783194187388072	No data	No data	No data	No data	No data	No data	No data	No data	No data
CD209	0.009523854962339916	No data	No data	No data	No data	No data	No data	No data	No data	No data
YWHAZ	0.009578277900578523	No data	No data	No data	No data	No data	No data	No data	No data	No data
GBA1LP	0.0022174791281082107	No data	No data	No data	No data	No data	No data	No data	No data	No data
ADORA1	0.048250703250502736	No data	No data	No data	No data	No data	No data	No data	No data	No data
FADS3	0.0073915970936940375	No data	No data	No data	No data	No data	No data	No data	No data	No data
HLA-B	0.00794596687572109	No data	No data	No data	No data	No data	No data	No data	No data	No data
SELL	0.021096112554641475	No data	No data	No data	No data	No data	No data	No data	No data	No data
SMOC2	0.002129471272078847	No data	No data	No data	No data	No data	No data	No data	No data	No data
TRAV34	0.0022174791281082107	No data	No data	No data	No data	No data	No data	No data	No data	No data
VAMP8	0.0022174791281082107	No data	No data	No data	No data	No data	No data	No data	No data	No data
WDR4	0.003284957785662176	No data	No data	No data	No data	No data	No data	No data	No data	No data
TDRD7	0.0014783194187388072	No data	No data	No data	No data	No data	No data	No data	No data	No data
MID1	0.0014783194187388072	No data	No data	No data	No data	No data	No data	No data	No data	No data
BCL2L1	0.0029566388374776143	No data	No data	No data	No data	No data	No data	No data	No data	No data
SLC2A1	0.0036957985468470188	No data	No data	No data	No data	No data	No data	No data	No data	No data
MAFB	0.002771848910135263	No data	No data	No data	No data	No data	No data	No data	No data	No data
CYP1A2	0.007925434661571938	No data	No data	No data	No data	No data	No data	No data	No data	No data
NFATC2	0.0073915970936940375	No data	No data	No data	No data	No data	No data	No data	No data	No data
MMP10	0.0014783194187388072	No data	No data	No data	No data	No data	No data	No data	No data	No data
LAMA2	0.002201117862667192	No data	No data	No data	No data	No data	No data	No data	No data	No data
TRIP13	0.003482711151224936	No data	No data	No data	No data	No data	No data	No data	No data	No data
JAM3	0.0036957985468470188	No data	No data	No data	No data	No data	No data	No data	No data	No data
OMD	0.012400029679770264	No data	No data	No data	No data	No data	No data	No data	No data	No data
PHB2	0.0022174791281082107	No data	No data	No data	No data	No data	No data	No data	No data	No data
IL1RN	0.038009850799331134	No data	No data	No data	No data	No data	No data	No data	No data	No data
UTRN	0.0018478992734235094	No data	No data	No data	No data	No data	No data	No data	No data	No data
MYOC	0.002132106562703724	No data	No data	No data	No data	No data	No data	No data	No data	No data
ITM2A	0.001426453600993893	No data	No data	No data	No data	No data	No data	No data	No data	No data
PTX3	0.008869916512432843	No data	No data	No data	No data	No data	No data	No data	No data	No data
IKZF4	0.0022174791281082107	No data	No data	No data	No data	No data	No data	No data	No data	No data
RAI2	0.003807461272576985	No data	No data	No data	No data	No data	No data	No data	No data	No data
SOCS5	0.002751316695986113	No data	No data	No data	No data	No data	No data	No data	No data	No data
GNA11	0.0014783194187388072	No data	No data	No data	No data	No data	No data	No data	No data	No data
IL2RB	0.002751316695986113	No data	No data	No data	No data	No data	No data	No data	No data	No data
SVEP1	0.006570838214094948	No data	No data	No data	No data	No data	No data	No data	No data	No data
TMEM132C	0.0030062729788039697	No data	No data	No data	No data	No data	No data	No data	No data	No data
CALML3	0.0014783194187388072	No data	No data	No data	No data	No data	No data	No data	No data	No data
BMP2	0.004684116743171851	No data	No data	No data	No data	No data	No data	No data	No data	No data
BRCA2	0.027412546539786944	No data	No data	No data	No data	No data	No data	No data	No data	No data
E2F3	0.004011309555131223	No data	No data	No data	No data	No data	No data	No data	No data	No data
SLC6A12	0.0014783194187388072	No data	No data	No data	No data	No data	No data	No data	No data	No data
TCEAL1	0.0014783194187388072	No data	No data	No data	No data	No data	No data	No data	No data	No data
TUBGCP6	0.0026195974507293683	No data	No data	No data	No data	No data	No data	No data	No data	No data
WDR36	0.0014783194187388072	No data	No data	No data	No data	No data	No data	No data	No data	No data
PRDX1	0.0073915970936940375	No data	No data	No data	No data	No data	No data	No data	No data	No data
GSN	0.010348235931171651	No data	No data	No data	No data	No data	No data	No data	No data	No data
LNX1	0.003542601368262112	No data	No data	No data	No data	No data	No data	No data	No data	No data
APOBEC3A	0.0036499276464032606	No data	No data	No data	No data	No data	No data	No data	No data	No data
MUSK	0.027412546539786944	No data	No data	No data	No data	No data	No data	No data	No data	No data
CD8A	0.030096720613118726	No data	No data	No data	No data	No data	No data	No data	No data	No data
KLRG1	0.008479804443598991	No data	No data	No data	No data	No data	No data	No data	No data	No data
PGP	0.0022174791281082107	No data	No data	No data	No data	No data	No data	No data	No data	No data
FLAD1	0.027412546539786944	No data	No data	No data	No data	No data	No data	No data	No data	No data
UBAC2	0.0073915970936940375	No data	No data	No data	No data	No data	No data	No data	No data	No data
RNASE3	0.03324317621592881	No data	No data	No data	No data	No data	No data	No data	No data	No data
ACSBG1	0.004101167498234066	No data	No data	No data	No data	No data	No data	No data	No data	No data
IL10RB	0.0014783194187388072	No data	No data	No data	No data	No data	No data	No data	No data	No data
NAT9	0.0051741179655858255	No data	No data	No data	No data	No data	No data	No data	No data	No data
H1-7	0.0022174791281082107	No data	No data	No data	No data	No data	No data	No data	No data	No data
MDM2	0.0025870589827929123	No data	No data	No data	No data	No data	No data	No data	No data	No data
FLT3LG	0.002771848910135263	No data	No data	No data	No data	No data	No data	No data	No data	No data
NFAT5	0.00406537840153172	No data	No data	No data	No data	No data	No data	No data	No data	No data
IGF1	0.010936949721351178	No data	No data	No data	No data	No data	No data	No data	No data	No data
RDH11	0.0029566388374776143	No data	No data	No data	No data	No data	No data	No data	No data	No data
CCR6	0.004723846509294965	No data	No data	No data	No data	No data	No data	No data	No data	No data
HSPA5	0.0073915970936940375	No data	No data	No data	No data	No data	No data	No data	No data	No data
SPG21	0.00794596687572109	No data	No data	No data	No data	No data	No data	No data	No data	No data
TLCD3B	0.00406537840153172	No data	No data	No data	No data	No data	No data	No data	No data	No data
BCHE	0.005099071094198095	No data	No data	No data	No data	No data	No data	No data	No data	No data
EPSTI1	0.0031111385663333702	No data	No data	No data	No data	No data	No data	No data	No data	No data
AKT1	0.014932976895966357	No data	No data	No data	No data	No data	No data	No data	No data	No data
OSR2	0.009386039703024249	No data	No data	No data	No data	No data	No data	No data	No data	No data
CNTN3	0.0018862045079068987	No data	No data	No data	No data	No data	No data	No data	No data	No data
LECT2	0.00985546279159205	No data	No data	No data	No data	No data	No data	No data	No data	No data
CYSLTR1	0.011262728178631439	No data	No data	No data	No data	No data	No data	No data	No data	No data
ATG5	0.0014783194187388072	No data	No data	No data	No data	No data	No data	No data	No data	No data
IL12B	0.07786072258034583	No data	No data	No data	No data	No data	No data	No data	No data	No data
YAP1	0.009650140650100548	No data	No data	No data	No data	No data	No data	No data	No data	No data
BCL10	0.0025870589827929123	No data	No data	No data	No data	No data	No data	No data	No data	No data
IRF2BP2	0.0014783194187388072	No data	No data	No data	No data	No data	No data	No data	No data	No data
GPR65	0.01613830438550739	No data	No data	No data	No data	No data	No data	No data	No data	No data
CD40	0.025703005290785747	No data	No data	No data	No data	No data	No data	No data	No data	No data
CA2	0.011202048277061786	No data	No data	No data	No data	No data	No data	No data	No data	No data
SLC22A4	0.0014783194187388072	No data	No data	No data	No data	No data	No data	No data	No data	No data
SNAP25	0.0022174791281082107	No data	No data	No data	No data	No data	No data	No data	No data	No data
PKN1	0.0036957985468470188	No data	No data	No data	No data	No data	No data	No data	No data	No data
CSTA	0.011426177174002032	No data	No data	No data	No data	No data	No data	No data	No data	No data
ARG1	0.008901677509780395	No data	No data	No data	No data	No data	No data	No data	No data	No data
COL6A3	0.00406537840153172	No data	No data	No data	No data	No data	No data	No data	No data	No data
DENR	0.0018478992734235094	No data	No data	No data	No data	No data	No data	No data	No data	No data
PTGS2	0.007327919658966224	No data	No data	No data	No data	No data	No data	No data	No data	No data
SLC6A13	0.0014783194187388072	No data	No data	No data	No data	No data	No data	No data	No data	No data
FGFR1	0.008846314127010382	No data	No data	No data	No data	No data	No data	No data	No data	No data
STARD7	0.0014783194187388072	No data	No data	No data	No data	No data	No data	No data	No data	No data
KIR2DS5	0.009239496367117545	No data	No data	No data	No data	No data	No data	No data	No data	No data
PECAM1	0.0014783194187388072	No data	No data	No data	No data	No data	No data	No data	No data	No data
NUP62	0.0022174791281082107	No data	No data	No data	No data	No data	No data	No data	No data	No data
TMEM100	0.0019716331838517866	No data	No data	No data	No data	No data	No data	No data	No data	No data
PPP1R1A	0.0029082804960578446	No data	No data	No data	No data	No data	No data	No data	No data	No data
ALPP	0.007925434661571938	No data	No data	No data	No data	No data	No data	No data	No data	No data
GCKR	0.0022174791281082107	No data	No data	No data	No data	No data	No data	No data	No data	No data
PTH	0.005305113491857403	No data	No data	No data	No data	No data	No data	No data	No data	No data
ITIH5	0.00201215698661671	No data	No data	No data	No data	No data	No data	No data	No data	No data
KRT10	0.009990962834233083	No data	No data	No data	No data	No data	No data	No data	No data	No data
MMGT1	0.0014783194187388072	No data	No data	No data	No data	No data	No data	No data	No data	No data
SLC18A2	0.005115156013283105	No data	No data	No data	No data	No data	No data	No data	No data	No data
S100A4	0.004968795824094324	No data	No data	No data	No data	No data	No data	No data	No data	No data
ITK	0.006676438351766967	No data	No data	No data	No data	No data	No data	No data	No data	No data
AURKA	0.004342834017735948	No data	No data	No data	No data	No data	No data	No data	No data	No data
KCNK6	0.0030841780649304876	No data	No data	No data	No data	No data	No data	No data	No data	No data
ENSG00000280371	0.0014783194187388072	No data	No data	No data	No data	No data	No data	No data	No data	No data
CD1C	0.009992297428152776	No data	No data	No data	No data	No data	No data	No data	No data	No data
PTGIR	0.0073915970936940375	No data	No data	No data	No data	No data	No data	No data	No data	No data
TRMO	0.0073915970936940375	No data	No data	No data	No data	No data	No data	No data	No data	No data
ENSG00000279284	0.0014783194187388072	No data	No data	No data	No data	No data	No data	No data	No data	No data
FZD4	0.0036957985468470188	No data	No data	No data	No data	No data	No data	No data	No data	No data
CYP3A7	0.007761176948378739	No data	No data	No data	No data	No data	No data	No data	No data	No data
DPP4	0.027723270698025736	No data	No data	No data	No data	No data	No data	No data	No data	No data
RNF213	0.0028958233269882347	No data	No data	No data	No data	No data	No data	No data	No data	No data
CLEC4A	0.00794596687572109	No data	No data	No data	No data	No data	No data	No data	No data	No data
TNFSF13	0.013220282046354765	No data	No data	No data	No data	No data	No data	No data	No data	No data
GC	0.011087395640541052	No data	No data	No data	No data	No data	No data	No data	No data	No data
GPR55	0.014731863652015198	No data	No data	No data	No data	No data	No data	No data	No data	No data
CPQ	0.0014783194187388072	No data	No data	No data	No data	No data	No data	No data	No data	No data
RGS1	0.010661642303863295	No data	No data	No data	No data	No data	No data	No data	No data	No data
OPRD1	0.0831554673040579	No data	No data	No data	No data	No data	No data	No data	No data	No data
S100A9	0.021632425560647806	No data	No data	No data	No data	No data	No data	No data	No data	No data
FAM3C	0.0036957985468470188	No data	No data	No data	No data	No data	No data	No data	No data	No data
VPS51	0.0025870589827929123	No data	No data	No data	No data	No data	No data	No data	No data	No data
LGALS13	0.004989328038243475	No data	No data	No data	No data	No data	No data	No data	No data	No data
FAT1	0.0073915970936940375	No data	No data	No data	No data	No data	No data	No data	No data	No data
LCE3D	0.008815306988538805	No data	No data	No data	No data	No data	No data	No data	No data	No data
PIK3CD	0.016016900902310074	No data	No data	No data	No data	No data	No data	No data	No data	No data
MYOZ1	0.0014783194187388072	No data	No data	No data	No data	No data	No data	No data	No data	No data
DEFB1	0.010443300082682213	No data	No data	No data	No data	No data	No data	No data	No data	No data
ADIPOQ	0.02566222642584438	No data	No data	No data	No data	No data	No data	No data	No data	No data
PTPN1	0.0073915970936940375	No data	No data	No data	No data	No data	No data	No data	No data	No data
CYBRD1	0.004565645243504716	No data	No data	No data	No data	No data	No data	No data	No data	No data
GREB1L	0.0021889664890818606	No data	No data	No data	No data	No data	No data	No data	No data	No data
C1QL1	0.0051535857514366755	No data	No data	No data	No data	No data	No data	No data	No data	No data
NFATC2	0.0073915970936940375	No data	No data	No data	No data	No data	No data	No data	No data	No data
CNR2	0.08507445622628701	No data	No data	No data	No data	No data	No data	No data	No data	No data
IGKV1D-22	0.0044144260420672715	No data	No data	No data	No data	No data	No data	No data	No data	No data
PLAUR	0.0014783194187388072	No data	No data	No data	No data	No data	No data	No data	No data	No data
CYGB	0.008202619552585465	No data	No data	No data	No data	No data	No data	No data	No data	No data
CMPK1	0.028067536741888187	No data	No data	No data	No data	No data	No data	No data	No data	No data
NOS2	0.030473431190485914	No data	No data	No data	No data	No data	No data	No data	No data	No data
TLR4	0.02342511941498615	No data	No data	No data	No data	No data	No data	No data	No data	No data
UBA1	0.00794596687572109	No data	No data	No data	No data	No data	No data	No data	No data	No data
AGR3	0.007636762812929055	No data	No data	No data	No data	No data	No data	No data	No data	No data
VSX1	0.011540806729949693	No data	No data	No data	No data	No data	No data	No data	No data	No data
MVP	0.0035719618150553065	No data	No data	No data	No data	No data	No data	No data	No data	No data
MTNR1B	0.07853571912049913	No data	No data	No data	No data	No data	No data	No data	No data	No data
SCCPDH	0.004957624947407614	No data	No data	No data	No data	No data	No data	No data	No data	No data
PER1	0.0014783194187388072	No data	No data	No data	No data	No data	No data	No data	No data	No data
GLA	0.0014783194187388072	No data	No data	No data	No data	No data	No data	No data	No data	No data
DDIT4	0.009609076221802246	No data	No data	No data	No data	No data	No data	No data	No data	No data
PSTPIP2	0.03155472799297984	No data	No data	No data	No data	No data	No data	No data	No data	No data
NECTIN1	0.04988382299318277	No data	No data	No data	No data	No data	No data	No data	No data	No data
TNXB	0.0036957985468470188	No data	No data	No data	No data	No data	No data	No data	No data	No data
RPTN	0.0014783194187388072	No data	No data	No data	No data	No data	No data	No data	No data	No data
RGS22	0.007361140280909047	No data	No data	No data	No data	No data	No data	No data	No data	No data
MDH2	0.0014783194187388072	No data	No data	No data	No data	No data	No data	No data	No data	No data
DENND2D	0.002474895352272166	No data	No data	No data	No data	No data	No data	No data	No data	No data
BRAF	0.005358907892928176	No data	No data	No data	No data	No data	No data	No data	No data	No data
FAM83D	0.002508905157905642	No data	No data	No data	No data	No data	No data	No data	No data	No data
POMC	0.02038243953278256	No data	No data	No data	No data	No data	No data	No data	No data	No data
ENTPD1	0.0022174791281082107	No data	No data	No data	No data	No data	No data	No data	No data	No data
MT1M	0.0014783194187388072	No data	No data	No data	No data	No data	No data	No data	No data	No data
FABP7	0.0059578329585266415	No data	No data	No data	No data	No data	No data	No data	No data	No data
NMB	0.0014783194187388072	No data	No data	No data	No data	No data	No data	No data	No data	No data
MTOR	0.012043991875015921	No data	No data	No data	No data	No data	No data	No data	No data	No data
CORT	0.007761176948378739	No data	No data	No data	No data	No data	No data	No data	No data	No data
LOX	0.009817544828545539	No data	No data	No data	No data	No data	No data	No data	No data	No data
SHBG	0.0025870589827929123	No data	No data	No data	No data	No data	No data	No data	No data	No data
RGCC	0.0026345425526473026	No data	No data	No data	No data	No data	No data	No data	No data	No data
CYP3A4	0.0037676612963690433	No data	No data	No data	No data	No data	No data	No data	No data	No data
PDE7A	0.0022174791281082107	No data	No data	No data	No data	No data	No data	No data	No data	No data
LYST	0.007048160427734869	No data	No data	No data	No data	No data	No data	No data	No data	No data
EGR1	0.023252732523912484	No data	No data	No data	No data	No data	No data	No data	No data	No data
C4A	0.009143405604899523	No data	No data	No data	No data	No data	No data	No data	No data	No data
CCDC88C	0.0034059140896507923	No data	No data	No data	No data	No data	No data	No data	No data	No data
BICC1	0.0018828812581899693	No data	No data	No data	No data	No data	No data	No data	No data	No data
C14orf132	0.003009140011248364	No data	No data	No data	No data	No data	No data	No data	No data	No data
CDH17	0.010533025858514003	No data	No data	No data	No data	No data	No data	No data	No data	No data
SFTPA1	0.004819937271512986	No data	No data	No data	No data	No data	No data	No data	No data	No data
PRF1	0.01565289710905976	No data	No data	No data	No data	No data	No data	No data	No data	No data
KLF4	0.0029320294421496026	No data	No data	No data	No data	No data	No data	No data	No data	No data
IGHG3	0.0025870589827929123	No data	No data	No data	No data	No data	No data	No data	No data	No data
CD83	0.00794596687572109	No data	No data	No data	No data	No data	No data	No data	No data	No data
F2R	0.0014783194187388072	No data	No data	No data	No data	No data	No data	No data	No data	No data
PTGER3	0.005659478805536812	No data	No data	No data	No data	No data	No data	No data	No data	No data
UBASH3A	0.00997865607648695	No data	No data	No data	No data	No data	No data	No data	No data	No data
XK	0.0022174791281082107	No data	No data	No data	No data	No data	No data	No data	No data	No data
VEGFA	0.02097261340599553	No data	No data	No data	No data	No data	No data	No data	No data	No data
ABCA8	0.006546334862421188	No data	No data	No data	No data	No data	No data	No data	No data	No data
SRRM2	0.008869916512432843	No data	No data	No data	No data	No data	No data	No data	No data	No data
TOX2	0.0014783194187388072	No data	No data	No data	No data	No data	No data	No data	No data	No data
TYK2	0.4041952005739897	No data	No data	No data	No data	No data	No data	No data	No data	No data
FMO3	0.0022174791281082107	No data	No data	No data	No data	No data	No data	No data	No data	No data
HHATL	0.0029637748109033147	No data	No data	No data	No data	No data	No data	No data	No data	No data
ADCY10	0.0044349582562164215	No data	No data	No data	No data	No data	No data	No data	No data	No data
RBP4	0.004538643575364025	No data	No data	No data	No data	No data	No data	No data	No data	No data
ENPP4	0.002153896605335498	No data	No data	No data	No data	No data	No data	No data	No data	No data
PID1	0.002090148833899604	No data	No data	No data	No data	No data	No data	No data	No data	No data
AKAP12	0.004774086306496706	No data	No data	No data	No data	No data	No data	No data	No data	No data
KCNN4	0.021250841644370355	No data	No data	No data	No data	No data	No data	No data	No data	No data
CDC25A	0.0020429019239531104	No data	No data	No data	No data	No data	No data	No data	No data	No data
SGCG	0.010613720029093126	No data	No data	No data	No data	No data	No data	No data	No data	No data
CYBA	0.0023118237888287226	No data	No data	No data	No data	No data	No data	No data	No data	No data
FKBP1A	0.5966421310654338	No data	No data	No data	No data	No data	No data	No data	No data	No data
YY1	0.00813075680306344	No data	No data	No data	No data	No data	No data	No data	No data	No data
CYP39A1	0.0033273956938927496	No data	No data	No data	No data	No data	No data	No data	No data	No data
DNM3OS	0.00224221953828825	No data	No data	No data	No data	No data	No data	No data	No data	No data
LRRC23	0.002771848910135263	No data	No data	No data	No data	No data	No data	No data	No data	No data
CTSC	0.0027498354173805515	No data	No data	No data	No data	No data	No data	No data	No data	No data
CCL21	0.016146122562608656	No data	No data	No data	No data	No data	No data	No data	No data	No data
ACOX2	0.004703043134998706	No data	No data	No data	No data	No data	No data	No data	No data	No data
CD248	0.0017906941659362142	No data	No data	No data	No data	No data	No data	No data	No data	No data
PLA2G7	0.0020237342777407546	No data	No data	No data	No data	No data	No data	No data	No data	No data
KIF22	0.0014783194187388072	No data	No data	No data	No data	No data	No data	No data	No data	No data
ASAP2	0.0073915970936940375	No data	No data	No data	No data	No data	No data	No data	No data	No data
MFAP5	0.009708751431470876	No data	No data	No data	No data	No data	No data	No data	No data	No data
GPR42	0.002902844436406841	No data	No data	No data	No data	No data	No data	No data	No data	No data
PDE4A	0.586657248823889	No data	No data	No data	No data	No data	No data	No data	No data	No data
ESR2	0.0022174791281082107	No data	No data	No data	No data	No data	No data	No data	No data	No data
UBC	0.0036957985468470188	No data	No data	No data	No data	No data	No data	No data	No data	No data
PRKN	0.0073915970936940375	No data	No data	No data	No data	No data	No data	No data	No data	No data
CD24	0.011826555349910457	No data	No data	No data	No data	No data	No data	No data	No data	No data
MAP1B	0.003230292950797095	No data	No data	No data	No data	No data	No data	No data	No data	No data
ADCY1	0.009439685455071756	No data	No data	No data	No data	No data	No data	No data	No data	No data
COL3A1	0.03527424124716913	No data	No data	No data	No data	No data	No data	No data	No data	No data
ENSG00000187951	0.003805046015566364	No data	No data	No data	No data	No data	No data	No data	No data	No data
HCRT	0.0014783194187388072	No data	No data	No data	No data	No data	No data	No data	No data	No data
BMAL2	0.0028673254281498892	No data	No data	No data	No data	No data	No data	No data	No data	No data
RPRD1B	0.0014783194187388072	No data	No data	No data	No data	No data	No data	No data	No data	No data
CITED2	0.01109098339877754	No data	No data	No data	No data	No data	No data	No data	No data	No data
GART	0.0036957985468470188	No data	No data	No data	No data	No data	No data	No data	No data	No data
GXYLT2	0.003542862103579508	No data	No data	No data	No data	No data	No data	No data	No data	No data
KCNJ15	0.00282796451619521	No data	No data	No data	No data	No data	No data	No data	No data	No data
CASP1	0.008948952966163715	No data	No data	No data	No data	No data	No data	No data	No data	No data
PAH	0.0014783194187388072	No data	No data	No data	No data	No data	No data	No data	No data	No data
ROR2	0.003326218692162316	No data	No data	No data	No data	No data	No data	No data	No data	No data
IDE	0.0036948135901051786	No data	No data	No data	No data	No data	No data	No data	No data	No data
UBA52	0.0014783194187388072	No data	No data	No data	No data	No data	No data	No data	No data	No data
RPS5	0.0014783194187388072	No data	No data	No data	No data	No data	No data	No data	No data	No data
KRT15	0.002308696597107789	No data	No data	No data	No data	No data	No data	No data	No data	No data
PPP3CA	0.0014783194187388072	No data	No data	No data	No data	No data	No data	No data	No data	No data
PARP12	0.003274269445348326	No data	No data	No data	No data	No data	No data	No data	No data	No data
ELK3	0.0029566388374776143	No data	No data	No data	No data	No data	No data	No data	No data	No data
NQO1	0.002751316695986113	No data	No data	No data	No data	No data	No data	No data	No data	No data
GPR12	0.002082563226851111	No data	No data	No data	No data	No data	No data	No data	No data	No data
TIMD4	0.0018478992734235094	No data	No data	No data	No data	No data	No data	No data	No data	No data
RPL17-C18orf32	0.011375781097553527	No data	No data	No data	No data	No data	No data	No data	No data	No data
INSR	0.004619748183558772	No data	No data	No data	No data	No data	No data	No data	No data	No data
ADAMTS13	0.006652437384324632	No data	No data	No data	No data	No data	No data	No data	No data	No data
SLC16A14	0.0029132342172963994	No data	No data	No data	No data	No data	No data	No data	No data	No data
SERPINC1	0.004804538110901123	No data	No data	No data	No data	No data	No data	No data	No data	No data
PLG	0.009403754080310744	No data	No data	No data	No data	No data	No data	No data	No data	No data
CBR1	0.0014783194187388072	No data	No data	No data	No data	No data	No data	No data	No data	No data
DEFA1B	0.0022174791281082107	No data	No data	No data	No data	No data	No data	No data	No data	No data
PSG4	0.004012819362406053	No data	No data	No data	No data	No data	No data	No data	No data	No data
IL17RA	0.009924861675416174	No data	No data	No data	No data	No data	No data	No data	No data	No data
DIAPH3	0.001973113895586012	No data	No data	No data	No data	No data	No data	No data	No data	No data
SGO2	0.002647540953643773	No data	No data	No data	No data	No data	No data	No data	No data	No data
TBC1D9	0.0014783194187388072	No data	No data	No data	No data	No data	No data	No data	No data	No data
AHR	0.38023808780904106	No data	No data	No data	No data	No data	No data	No data	No data	No data
ITPR3	0.0022174791281082107	No data	No data	No data	No data	No data	No data	No data	No data	No data
OCLN	0.019412810740052553	No data	No data	No data	No data	No data	No data	No data	No data	No data
HSPA1A	0.005615560569792552	No data	No data	No data	No data	No data	No data	No data	No data	No data
IQGAP3	0.009127003052158914	No data	No data	No data	No data	No data	No data	No data	No data	No data
ORAI1	0.025540602610676255	No data	No data	No data	No data	No data	No data	No data	No data	No data
KRT14	0.012170121132448773	No data	No data	No data	No data	No data	No data	No data	No data	No data
SGSM3	0.0022174791281082107	No data	No data	No data	No data	No data	No data	No data	No data	No data
TMPRSS11E	0.003094733375203441	No data	No data	No data	No data	No data	No data	No data	No data	No data
FYN	0.008500336657748143	No data	No data	No data	No data	No data	No data	No data	No data	No data
ABCA12	0.03165192783707944	No data	No data	No data	No data	No data	No data	No data	No data	No data
KRT77	0.006441886844883124	No data	No data	No data	No data	No data	No data	No data	No data	No data
MRC1	0.0014783194187388072	No data	No data	No data	No data	No data	No data	No data	No data	No data
PDZRN4	0.00192284584339303	No data	No data	No data	No data	No data	No data	No data	No data	No data
PGLYRP2	0.0073915970936940375	No data	No data	No data	No data	No data	No data	No data	No data	No data
PLCB3	0.0018478992734235094	No data	No data	No data	No data	No data	No data	No data	No data	No data
NEK9	0.009888930300655163	No data	No data	No data	No data	No data	No data	No data	No data	No data
CFTR	0.0073915970936940375	No data	No data	No data	No data	No data	No data	No data	No data	No data
TCN2	0.0036957985468470188	No data	No data	No data	No data	No data	No data	No data	No data	No data
GSR	0.008913021591402703	No data	No data	No data	No data	No data	No data	No data	No data	No data
CLDN11	0.002472050048184161	No data	No data	No data	No data	No data	No data	No data	No data	No data
CCNF	0.002828272469451802	No data	No data	No data	No data	No data	No data	No data	No data	No data
MT1G	0.0014783194187388072	No data	No data	No data	No data	No data	No data	No data	No data	No data
TRGC1	0.0014783194187388072	No data	No data	No data	No data	No data	No data	No data	No data	No data
CHL1	0.001828045417855414	No data	No data	No data	No data	No data	No data	No data	No data	No data
YTHDF1	0.0073915970936940375	No data	No data	No data	No data	No data	No data	No data	No data	No data
ADRA1D	0.0035110086195046675	No data	No data	No data	No data	No data	No data	No data	No data	No data
HACL1	0.0026870468868098376	No data	No data	No data	No data	No data	No data	No data	No data	No data
FERMT2	0.0018810909966141816	No data	No data	No data	No data	No data	No data	No data	No data	No data
CRMP1	0.0018478992734235094	No data	No data	No data	No data	No data	No data	No data	No data	No data
MIF	0.03409098874262289	No data	No data	No data	No data	No data	No data	No data	No data	No data
SNHG3	0.006020828728832354	No data	No data	No data	No data	No data	No data	No data	No data	No data
KRTAP19-3	0.0013115049218146526	No data	No data	No data	No data	No data	No data	No data	No data	No data
LNPEP	0.0030182354799250647	No data	No data	No data	No data	No data	No data	No data	No data	No data
SLITRK4	0.00716263359690314	No data	No data	No data	No data	No data	No data	No data	No data	No data
GOT2	0.003326218692162316	No data	No data	No data	No data	No data	No data	No data	No data	No data
IL34	0.017911892979435566	No data	No data	No data	No data	No data	No data	No data	No data	No data
EDN1	0.016132118987300922	No data	No data	No data	No data	No data	No data	No data	No data	No data
IL17F	0.011068300681382344	No data	No data	No data	No data	No data	No data	No data	No data	No data
EDNRB	0.0014783194187388072	No data	No data	No data	No data	No data	No data	No data	No data	No data
OBP2A	0.03400134663099257	No data	No data	No data	No data	No data	No data	No data	No data	No data
CHROMR	0.0022174791281082107	No data	No data	No data	No data	No data	No data	No data	No data	No data
FAM149A	0.003558099820563012	No data	No data	No data	No data	No data	No data	No data	No data	No data
CCL11	0.022856867639963054	No data	No data	No data	No data	No data	No data	No data	No data	No data
ARHGEF26	0.005988459673348251	No data	No data	No data	No data	No data	No data	No data	No data	No data
IRAK3	0.0073915970936940375	No data	No data	No data	No data	No data	No data	No data	No data	No data
LMO3	0.0018006084036785814	No data	No data	No data	No data	No data	No data	No data	No data	No data
PLA2G10	0.0038497901529656437	No data	No data	No data	No data	No data	No data	No data	No data	No data
ALYREF	0.0043050480837508115	No data	No data	No data	No data	No data	No data	No data	No data	No data
CBL	0.002771848910135263	No data	No data	No data	No data	No data	No data	No data	No data	No data
DOK3	0.019218152443604492	No data	No data	No data	No data	No data	No data	No data	No data	No data
IGFBP5	0.00291637207170466	No data	No data	No data	No data	No data	No data	No data	No data	No data
C5orf46	0.01883825371823951	No data	No data	No data	No data	No data	No data	No data	No data	No data
H1-5	0.009724672587461961	No data	No data	No data	No data	No data	No data	No data	No data	No data
LMOD1	0.0014783194187388072	No data	No data	No data	No data	No data	No data	No data	No data	No data
H3C14	0.00819235344551089	No data	No data	No data	No data	No data	No data	No data	No data	No data
PCSK5	0.0015510851763861932	No data	No data	No data	No data	No data	No data	No data	No data	No data
TICAM1	0.0029566388374776143	No data	No data	No data	No data	No data	No data	No data	No data	No data
STAR	0.0022174791281082107	No data	No data	No data	No data	No data	No data	No data	No data	No data
BGN	0.01006078493308355	No data	No data	No data	No data	No data	No data	No data	No data	No data
RALBP1	0.0014783194187388072	No data	No data	No data	No data	No data	No data	No data	No data	No data
PLA2G2A	0.004506934951724416	No data	No data	No data	No data	No data	No data	No data	No data	No data
SOD3	0.012896476458479312	No data	No data	No data	No data	No data	No data	No data	No data	No data
COL17A1	0.009218964152968395	No data	No data	No data	No data	No data	No data	No data	No data	No data
ADORA2A	0.048250703250502736	No data	No data	No data	No data	No data	No data	No data	No data	No data
RYR1	0.0036957985468470188	No data	No data	No data	No data	No data	No data	No data	No data	No data
PRSS33	0.0022174791281082107	No data	No data	No data	No data	No data	No data	No data	No data	No data
PSAPL1	0.014549133101288154	No data	No data	No data	No data	No data	No data	No data	No data	No data
CD2	0.0155506883522833	No data	No data	No data	No data	No data	No data	No data	No data	No data
FBN1	0.002115456378663339	No data	No data	No data	No data	No data	No data	No data	No data	No data
CCR10	0.009810975163644504	No data	No data	No data	No data	No data	No data	No data	No data	No data
DEPDC1	0.005231427683207722	No data	No data	No data	No data	No data	No data	No data	No data	No data
SERPINE1	0.0073915970936940375	No data	No data	No data	No data	No data	No data	No data	No data	No data
MAPKAPK2	0.00794596687572109	No data	No data	No data	No data	No data	No data	No data	No data	No data
WIPF1	0.0014783194187388072	No data	No data	No data	No data	No data	No data	No data	No data	No data
TRIB2	0.0035807150001091444	No data	No data	No data	No data	No data	No data	No data	No data	No data
CLDN3	0.011066863426391904	No data	No data	No data	No data	No data	No data	No data	No data	No data
ASAP1	0.0073915970936940375	No data	No data	No data	No data	No data	No data	No data	No data	No data
ITLN1	0.03204052017974873	No data	No data	No data	No data	No data	No data	No data	No data	No data
MFAP4	0.005084858205384999	No data	No data	No data	No data	No data	No data	No data	No data	No data
CTHRC1	0.00465496729957074	No data	No data	No data	No data	No data	No data	No data	No data	No data
DEPDC1B	0.005902130487837069	No data	No data	No data	No data	No data	No data	No data	No data	No data
UPK1A	0.004507011485380178	No data	No data	No data	No data	No data	No data	No data	No data	No data
BLVRB	0.0036957985468470188	No data	No data	No data	No data	No data	No data	No data	No data	No data
SH2B1	0.0014783194187388072	No data	No data	No data	No data	No data	No data	No data	No data	No data
PCSK9	0.006234196182106444	No data	No data	No data	No data	No data	No data	No data	No data	No data
SPAG11B	0.007761176948378739	No data	No data	No data	No data	No data	No data	No data	No data	No data
GALNT6	0.004553885591097121	No data	No data	No data	No data	No data	No data	No data	No data	No data
NAT2	0.011210588925435952	No data	No data	No data	No data	No data	No data	No data	No data	No data
LLGL1	0.0014783194187388072	No data	No data	No data	No data	No data	No data	No data	No data	No data
DCLK3	0.003326218692162316	No data	No data	No data	No data	No data	No data	No data	No data	No data
ACSS3	0.006966991052398897	No data	No data	No data	No data	No data	No data	No data	No data	No data
APP	0.0014783194187388072	No data	No data	No data	No data	No data	No data	No data	No data	No data
IL20	0.007925434661571938	No data	No data	No data	No data	No data	No data	No data	No data	No data
C3orf62	0.0032387890897538096	No data	No data	No data	No data	No data	No data	No data	No data	No data
FSTL1	0.0016685404800990847	No data	No data	No data	No data	No data	No data	No data	No data	No data
TMEM45A	0.004588949862335047	No data	No data	No data	No data	No data	No data	No data	No data	No data
EVPL	0.0029566388374776143	No data	No data	No data	No data	No data	No data	No data	No data	No data
GABRG3	0.051458861711307424	No data	No data	No data	No data	No data	No data	No data	No data	No data
CD83	0.00794596687572109	No data	No data	No data	No data	No data	No data	No data	No data	No data
F2R	0.0014783194187388072	No data	No data	No data	No data	No data	No data	No data	No data	No data
PTGER3	0.005659478805536812	No data	No data	No data	No data	No data	No data	No data	No data	No data
UBASH3A	0.00997865607648695	No data	No data	No data	No data	No data	No data	No data	No data	No data
XK	0.0022174791281082107	No data	No data	No data	No data	No data	No data	No data	No data	No data
VEGFA	0.02097261340599553	No data	No data	No data	No data	No data	No data	No data	No data	No data
ABCA8	0.006546334862421188	No data	No data	No data	No data	No data	No data	No data	No data	No data
SRRM2	0.008869916512432843	No data	No data	No data	No data	No data	No data	No data	No data	No data
TOX2	0.0014783194187388072	No data	No data	No data	No data	No data	No data	No data	No data	No data
TYK2	0.4041952005739897	No data	No data	No data	No data	No data	No data	No data	No data	No data
FMO3	0.0022174791281082107	No data	No data	No data	No data	No data	No data	No data	No data	No data
HHATL	0.0029637748109033147	No data	No data	No data	No data	No data	No data	No data	No data	No data
ADCY10	0.0044349582562164215	No data	No data	No data	No data	No data	No data	No data	No data	No data
RBP4	0.004538643575364025	No data	No data	No data	No data	No data	No data	No data	No data	No data
ENPP4	0.002153896605335498	No data	No data	No data	No data	No data	No data	No data	No data	No data
PID1	0.002090148833899604	No data	No data	No data	No data	No data	No data	No data	No data	No data
AKAP12	0.004774086306496706	No data	No data	No data	No data	No data	No data	No data	No data	No data
KCNN4	0.021250841644370355	No data	No data	No data	No data	No data	No data	No data	No data	No data
CDC25A	0.0020429019239531104	No data	No data	No data	No data	No data	No data	No data	No data	No data
SGCG	0.010613720029093126	No data	No data	No data	No data	No data	No data	No data	No data	No data
CYBA	0.0023118237888287226	No data	No data	No data	No data	No data	No data	No data	No data	No data
FKBP1A	0.5966421310654338	No data	No data	No data	No data	No data	No data	No data	No data	No data
YY1	0.00813075680306344	No data	No data	No data	No data	No data	No data	No data	No data	No data
CYP39A1	0.0033273956938927496	No data	No data	No data	No data	No data	No data	No data	No data	No data
DNM3OS	0.00224221953828825	No data	No data	No data	No data	No data	No data	No data	No data	No data
LRRC23	0.002771848910135263	No data	No data	No data	No data	No data	No data	No data	No data	No data
CTSC	0.0027498354173805515	No data	No data	No data	No data	No data	No data	No data	No data	No data
CCL21	0.016146122562608656	No data	No data	No data	No data	No data	No data	No data	No data	No data
ACOX2	0.004703043134998706	No data	No data	No data	No data	No data	No data	No data	No data	No data
CD248	0.0017906941659362142	No data	No data	No data	No data	No data	No data	No data	No data	No data
PLA2G7	0.0020237342777407546	No data	No data	No data	No data	No data	No data	No data	No data	No data
KIF22	0.0014783194187388072	No data	No data	No data	No data	No data	No data	No data	No data	No data
ASAP2	0.0073915970936940375	No data	No data	No data	No data	No data	No data	No data	No data	No data
MFAP5	0.009708751431470876	No data	No data	No data	No data	No data	No data	No data	No data	No data
GPR42	0.002902844436406841	No data	No data	No data	No data	No data	No data	No data	No data	No data
PDE4A	0.586657248823889	No data	No data	No data	No data	No data	No data	No data	No data	No data
ESR2	0.0022174791281082107	No data	No data	No data	No data	No data	No data	No data	No data	No data
UBC	0.0036957985468470188	No data	No data	No data	No data	No data	No data	No data	No data	No data
PRKN	0.0073915970936940375	No data	No data	No data	No data	No data	No data	No data	No data	No data
CD24	0.011826555349910457	No data	No data	No data	No data	No data	No data	No data	No data	No data
MAP1B	0.003230292950797095	No data	No data	No data	No data	No data	No data	No data	No data	No data
ADCY1	0.009439685455071756	No data	No data	No data	No data	No data	No data	No data	No data	No data
COL3A1	0.03527424124716913	No data	No data	No data	No data	No data	No data	No data	No data	No data
ENSG00000187951	0.003805046015566364	No data	No data	No data	No data	No data	No data	No data	No data	No data
HCRT	0.0014783194187388072	No data	No data	No data	No data	No data	No data	No data	No data	No data
BMAL2	0.0028673254281498892	No data	No data	No data	No data	No data	No data	No data	No data	No data
RPRD1B	0.0014783194187388072	No data	No data	No data	No data	No data	No data	No data	No data	No data
CITED2	0.01109098339877754	No data	No data	No data	No data	No data	No data	No data	No data	No data
MRC1	0.0014783194187388072	No data	No data	No data	No data	No data	No data	No data	No data	No data
GXYLT2	0.003542862103579508	No data	No data	No data	No data	No data	No data	No data	No data	No data
KCNJ15	0.00282796451619521	No data	No data	No data	No data	No data	No data	No data	No data	No data
CASP1	0.008948952966163715	No data	No data	No data	No data	No data	No data	No data	No data	No data
PAH	0.0014783194187388072	No data	No data	No data	No data	No data	No data	No data	No data	No data
ROR2	0.003326218692162316	No data	No data	No data	No data	No data	No data	No data	No data	No data
IDE	0.0036948135901051786	No data	No data	No data	No data	No data	No data	No data	No data	No data
UBA52	0.0014783194187388072	No data	No data	No data	No data	No data	No data	No data	No data	No data
RPS5	0.0014783194187388072	No data	No data	No data	No data	No data	No data	No data	No data	No data
KRT15	0.002308696597107789	No data	No data	No data	No data	No data	No data	No data	No data	No data
PPP3CA	0.0014783194187388072	No data	No data	No data	No data	No data	No data	No data	No data	No data
PARP12	0.003274269445348326	No data	No data	No data	No data	No data	No data	No data	No data	No data
ELK3	0.0029566388374776143	No data	No data	No data	No data	No data	No data	No data	No data	No data
NQO1	0.002751316695986113	No data	No data	No data	No data	No data	No data	No data	No data	No data
GPR12	0.002082563226851111	No data	No data	No data	No data	No data	No data	No data	No data	No data
TIMD4	0.0018478992734235094	No data	No data	No data	No data	No data	No data	No data	No data	No data
RPL17-C18orf32	0.011375781097553527	No data	No data	No data	No data	No data	No data	No data	No data	No data
INSR	0.004619748183558772	No data	No data	No data	No data	No data	No data	No data	No data	No data
ADAMTS13	0.006652437384324632	No data	No data	No data	No data	No data	No data	No data	No data	No data
SLC16A14	0.0029132342172963994	No data	No data	No data	No data	No data	No data	No data	No data	No data
SERPINC1	0.004804538110901123	No data	No data	No data	No data	No data	No data	No data	No data	No data
PLG	0.009403754080310744	No data	No data	No data	No data	No data	No data	No data	No data	No data
CBR1	0.0014783194187388072	No data	No data	No data	No data	No data	No data	No data	No data	No data
DEFA1B	0.0022174791281082107	No data	No data	No data	No data	No data	No data	No data	No data	No data
PSG4	0.004012819362406053	No data	No data	No data	No data	No data	No data	No data	No data	No data
IL17RA	0.009924861675416174	No data	No data	No data	No data	No data	No data	No data	No data	No data
DIAPH3	0.001973113895586012	No data	No data	No data	No data	No data	No data	No data	No data	No data
SGO2	0.002647540953643773	No data	No data	No data	No data	No data	No data	No data	No data	No data
TBC1D9	0.0014783194187388072	No data	No data	No data	No data	No data	No data	No data	No data	No data
CHRNA7	0.0022174791281082107	No data	No data	No data	No data	No data	No data	No data	No data	No data
SFTPA2	0.004819937271512986	No data	No data	No data	No data	No data	No data	No data	No data	No data
KRTAP2-2	0.005043864207502718	No data	No data	No data	No data	No data	No data	No data	No data	No data
HDAC6	0.01605619146463538	No data	No data	No data	No data	No data	No data	No data	No data	No data
PCNA	0.002751316695986113	No data	No data	No data	No data	No data	No data	No data	No data	No data
SCD5	0.0014783194187388072	No data	No data	No data	No data	No data	No data	No data	No data	No data
CRK	0.004765514333274382	No data	No data	No data	No data	No data	No data	No data	No data	No data
FOXA2	0.0014783194187388072	No data	No data	No data	No data	No data	No data	No data	No data	No data
CDS2	0.0014783194187388072	No data	No data	No data	No data	No data	No data	No data	No data	No data
MMP27	0.0058825031145190235	No data	No data	No data	No data	No data	No data	No data	No data	No data
ANGPTL1	0.005749717221215805	No data	No data	No data	No data	No data	No data	No data	No data	No data
CTNND1	0.0014783194187388072	No data	No data	No data	No data	No data	No data	No data	No data	No data
NCAPG	0.010712961137779746	No data	No data	No data	No data	No data	No data	No data	No data	No data
KRTAP4-9	0.003710851304666319	No data	No data	No data	No data	No data	No data	No data	No data	No data
PIK3CB	0.016009358456296103	No data	No data	No data	No data	No data	No data	No data	No data	No data
DNAJB1	0.008869916512432843	No data	No data	No data	No data	No data	No data	No data	No data	No data
APOD	0.0034966564959570175	No data	No data	No data	No data	No data	No data	No data	No data	No data
ZAP70	0.0022174791281082107	No data	No data	No data	No data	No data	No data	No data	No data	No data
FCGR3A	0.01994412986623213	No data	No data	No data	No data	No data	No data	No data	No data	No data
KLK12	0.009239496367117545	No data	No data	No data	No data	No data	No data	No data	No data	No data
ORAI1	0.025540602610676255	No data	No data	No data	No data	No data	No data	No data	No data	No data
SGSM3	0.0022174791281082107	No data	No data	No data	No data	No data	No data	No data	No data	No data
KRT14	0.012170121132448773	No data	No data	No data	No data	No data	No data	No data	No data	No data
ELN	0.00201215698661671	No data	No data	No data	No data	No data	No data	No data	No data	No data
IQGAP3	0.009127003052158914	No data	No data	No data	No data	No data	No data	No data	No data	No data
TMPRSS11E	0.003094733375203441	No data	No data	No data	No data	No data	No data	No data	No data	No data
OCLN	0.019412810740052553	No data	No data	No data	No data	No data	No data	No data	No data	No data
ITPR3	0.0022174791281082107	No data	No data	No data	No data	No data	No data	No data	No data	No data
FYN	0.008500336657748143	No data	No data	No data	No data	No data	No data	No data	No data	No data
FST	0.0014783194187388072	No data	No data	No data	No data	No data	No data	No data	No data	No data
ABCA12	0.03165192783707944	No data	No data	No data	No data	No data	No data	No data	No data	No data
KRT77	0.006441886844883124	No data	No data	No data	No data	No data	No data	No data	No data	No data
TCN2	0.0036957985468470188	No data	No data	No data	No data	No data	No data	No data	No data	No data
SRGN	0.0036957985468470188	No data	No data	No data	No data	No data	No data	No data	No data	No data
TGM3	0.007925434661571938	No data	No data	No data	No data	No data	No data	No data	No data	No data
NTRK1	0.09932201941974497	No data	No data	No data	No data	No data	No data	No data	No data	No data
EGFR	0.01066343096740185	No data	No data	No data	No data	No data	No data	No data	No data	No data
AHR	0.38023808780904106	No data	No data	No data	No data	No data	No data	No data	No data	No data
CYTIP	0.0013728607531146182	No data	No data	No data	No data	No data	No data	No data	No data	No data
HS3ST6	0.005479001612179946	No data	No data	No data	No data	No data	No data	No data	No data	No data
APOH	0.00622269814218292	No data	No data	No data	No data	No data	No data	No data	No data	No data
GALNT2	0.0022174791281082107	No data	No data	No data	No data	No data	No data	No data	No data	No data
FCGR3B	0.02000572650867958	No data	No data	No data	No data	No data	No data	No data	No data	No data
IGF2BP2	0.0022174791281082107	No data	No data	No data	No data	No data	No data	No data	No data	No data
STEAP1	0.0025259056058527605	No data	No data	No data	No data	No data	No data	No data	No data	No data
EREG	0.004599851797239411	No data	No data	No data	No data	No data	No data	No data	No data	No data
RRM2	0.008793184675495544	No data	No data	No data	No data	No data	No data	No data	No data	No data
ASPA	0.003406442730542843	No data	No data	No data	No data	No data	No data	No data	No data	No data
CD81	0.0025870589827929123	No data	No data	No data	No data	No data	No data	No data	No data	No data
TLCD4	0.0024385553175740237	No data	No data	No data	No data	No data	No data	No data	No data	No data
SERPINB4	0.01937939705293603	No data	No data	No data	No data	No data	No data	No data	No data	No data
STK4	0.002751316695986113	No data	No data	No data	No data	No data	No data	No data	No data	No data
TRBV28	0.0022174791281082107	No data	No data	No data	No data	No data	No data	No data	No data	No data
ICAM3	0.0044349582562164215	No data	No data	No data	No data	No data	No data	No data	No data	No data
PMEL	0.001386399767100538	No data	No data	No data	No data	No data	No data	No data	No data	No data
TNC	0.014038612053749656	No data	No data	No data	No data	No data	No data	No data	No data	No data
PDZRN4	0.00192284584339303	No data	No data	No data	No data	No data	No data	No data	No data	No data
PGLYRP2	0.0073915970936940375	No data	No data	No data	No data	No data	No data	No data	No data	No data
PLCB3	0.0018478992734235094	No data	No data	No data	No data	No data	No data	No data	No data	No data
NEK9	0.009888930300655163	No data	No data	No data	No data	No data	No data	No data	No data	No data
CFTR	0.0073915970936940375	No data	No data	No data	No data	No data	No data	No data	No data	No data
GOT2	0.003326218692162316	No data	No data	No data	No data	No data	No data	No data	No data	No data
GSR	0.008913021591402703	No data	No data	No data	No data	No data	No data	No data	No data	No data
CLDN11	0.002472050048184161	No data	No data	No data	No data	No data	No data	No data	No data	No data
CCNF	0.002828272469451802	No data	No data	No data	No data	No data	No data	No data	No data	No data
MT1G	0.0014783194187388072	No data	No data	No data	No data	No data	No data	No data	No data	No data
TRGC1	0.0014783194187388072	No data	No data	No data	No data	No data	No data	No data	No data	No data
CHL1	0.001828045417855414	No data	No data	No data	No data	No data	No data	No data	No data	No data
YTHDF1	0.0073915970936940375	No data	No data	No data	No data	No data	No data	No data	No data	No data
ADRA1D	0.0035110086195046675	No data	No data	No data	No data	No data	No data	No data	No data	No data
HACL1	0.0026870468868098376	No data	No data	No data	No data	No data	No data	No data	No data	No data
FERMT2	0.0018810909966141816	No data	No data	No data	No data	No data	No data	No data	No data	No data
CRMP1	0.0018478992734235094	No data	No data	No data	No data	No data	No data	No data	No data	No data
MIF	0.03409098874262289	No data	No data	No data	No data	No data	No data	No data	No data	No data
SNHG3	0.006020828728832354	No data	No data	No data	No data	No data	No data	No data	No data	No data
KRTAP19-3	0.0013115049218146526	No data	No data	No data	No data	No data	No data	No data	No data	No data
LNPEP	0.0030182354799250647	No data	No data	No data	No data	No data	No data	No data	No data	No data
SLITRK4	0.00716263359690314	No data	No data	No data	No data	No data	No data	No data	No data	No data
IL34	0.017911892979435566	No data	No data	No data	No data	No data	No data	No data	No data	No data
CHROMR	0.0022174791281082107	No data	No data	No data	No data	No data	No data	No data	No data	No data
RXRA	0.0018478992734235094	No data	No data	No data	No data	No data	No data	No data	No data	No data
DOK3	0.019218152443604492	No data	No data	No data	No data	No data	No data	No data	No data	No data
DHX40	0.0014783194187388072	No data	No data	No data	No data	No data	No data	No data	No data	No data
ALYREF	0.0043050480837508115	No data	No data	No data	No data	No data	No data	No data	No data	No data
FBLN1	0.00980914595565125	No data	No data	No data	No data	No data	No data	No data	No data	No data
KLK11	0.0022174791281082107	No data	No data	No data	No data	No data	No data	No data	No data	No data
DLL1	0.0029566388374776143	No data	No data	No data	No data	No data	No data	No data	No data	No data
LCK	0.010762330338248347	No data	No data	No data	No data	No data	No data	No data	No data	No data
CBL	0.002771848910135263	No data	No data	No data	No data	No data	No data	No data	No data	No data
LMO3	0.0018006084036785814	No data	No data	No data	No data	No data	No data	No data	No data	No data
IRAK3	0.0073915970936940375	No data	No data	No data	No data	No data	No data	No data	No data	No data
ARHGEF26	0.005988459673348251	No data	No data	No data	No data	No data	No data	No data	No data	No data
CCL11	0.022856867639963054	No data	No data	No data	No data	No data	No data	No data	No data	No data
FAM149A	0.003558099820563012	No data	No data	No data	No data	No data	No data	No data	No data	No data
PLA2G10	0.0038497901529656437	No data	No data	No data	No data	No data	No data	No data	No data	No data
OBP2A	0.03400134663099257	No data	No data	No data	No data	No data	No data	No data	No data	No data
EDNRB	0.0014783194187388072	No data	No data	No data	No data	No data	No data	No data	No data	No data
IL17F	0.011068300681382344	No data	No data	No data	No data	No data	No data	No data	No data	No data
EDN1	0.016132118987300922	No data	No data	No data	No data	No data	No data	No data	No data	No data
GART	0.0036957985468470188	No data	No data	No data	No data	No data	No data	No data	No data	No data
HSPA1A	0.005615560569792552	No data	No data	No data	No data	No data	No data	No data	No data	No data
MTCO2P12	0.007051207896243127	No data	No data	No data	No data	No data	No data	No data	No data	No data
HIF3A	0.0018315697425598015	No data	No data	No data	No data	No data	No data	No data	No data	No data
PADI4	0.0014783194187388072	No data	No data	No data	No data	No data	No data	No data	No data	No data
KRT20	0.009868398086506011	No data	No data	No data	No data	No data	No data	No data	No data	No data
ADCYAP1	0.010717815785856354	No data	No data	No data	No data	No data	No data	No data	No data	No data
CD226	0.013304874768649264	No data	No data	No data	No data	No data	No data	No data	No data	No data
FLNB	0.0099581238623378	No data	No data	No data	No data	No data	No data	No data	No data	No data
NT5E	0.0024661836472370264	No data	No data	No data	No data	No data	No data	No data	No data	No data
TPRG1	0.0033572374950729665	No data	No data	No data	No data	No data	No data	No data	No data	No data
PRB3	0.006098067602297579	No data	No data	No data	No data	No data	No data	No data	No data	No data
COMP	0.0021221032650437445	No data	No data	No data	No data	No data	No data	No data	No data	No data
TBC1D4	0.010348235931171651	No data	No data	No data	No data	No data	No data	No data	No data	No data
PRDX2	0.0022174791281082107	No data	No data	No data	No data	No data	No data	No data	No data	No data
LCE1B	0.011025189246928097	No data	No data	No data	No data	No data	No data	No data	No data	No data
CD46	0.0022174791281082107	No data	No data	No data	No data	No data	No data	No data	No data	No data
FXN	0.01275112517696267	No data	No data	No data	No data	No data	No data	No data	No data	No data
ADRA2A	0.03695798546847018	No data	No data	No data	No data	No data	No data	No data	No data	No data
FCGR1BP	0.0032409974326999863	No data	No data	No data	No data	No data	No data	No data	No data	No data
ALDH7A1	0.00957464268044136	No data	No data	No data	No data	No data	No data	No data	No data	No data
DUOX1	0.004430787009569736	No data	No data	No data	No data	No data	No data	No data	No data	No data
IL1F10	0.012309205341703357	No data	No data	No data	No data	No data	No data	No data	No data	No data
A2M	0.0014783194187388072	No data	No data	No data	No data	No data	No data	No data	No data	No data
PTK2	0.0073915970936940375	No data	No data	No data	No data	No data	No data	No data	No data	No data
TCN1	0.0029434218903270012	No data	No data	No data	No data	No data	No data	No data	No data	No data
BACH1	0.006652437384324632	No data	No data	No data	No data	No data	No data	No data	No data	No data
CASP14	0.025912212984010818	No data	No data	No data	No data	No data	No data	No data	No data	No data
MAGI2	0.003515680608410754	No data	No data	No data	No data	No data	No data	No data	No data	No data
TRPM8	0.009742535613771723	No data	No data	No data	No data	No data	No data	No data	No data	No data
BCAR3	0.0038603463737944925	No data	No data	No data	No data	No data	No data	No data	No data	No data
ZDHHC9	0.005786643422923053	No data	No data	No data	No data	No data	No data	No data	No data	No data
CNGB1	0.005613096704094653	No data	No data	No data	No data	No data	No data	No data	No data	No data
RPSA	0.002843711659657289	No data	No data	No data	No data	No data	No data	No data	No data	No data
HACD1	0.0030182354799250647	No data	No data	No data	No data	No data	No data	No data	No data	No data
DRD2	0.0073915970936940375	No data	No data	No data	No data	No data	No data	No data	No data	No data
ENSG00000288534	0.0014783194187388072	No data	No data	No data	No data	No data	No data	No data	No data	No data
ABCA7	0.0035715351528073	No data	No data	No data	No data	No data	No data	No data	No data	No data
SSPN	0.006573481587537913	No data	No data	No data	No data	No data	No data	No data	No data	No data
TNFSF10	0.012121808589375237	No data	No data	No data	No data	No data	No data	No data	No data	No data
PDC	0.006542179394343696	No data	No data	No data	No data	No data	No data	No data	No data	No data
FLT1	0.0073915970936940375	No data	No data	No data	No data	No data	No data	No data	No data	No data
ITGAM	0.01333978919355188	No data	No data	No data	No data	No data	No data	No data	No data	No data
CNOT11	0.0022174791281082107	No data	No data	No data	No data	No data	No data	No data	No data	No data
EIF5B	0.0022174791281082107	No data	No data	No data	No data	No data	No data	No data	No data	No data
CLEC10A	0.0022174791281082107	No data	No data	No data	No data	No data	No data	No data	No data	No data
TLR5	0.012722375853237874	No data	No data	No data	No data	No data	No data	No data	No data	No data
LOXL2	0.0014783194187388072	No data	No data	No data	No data	No data	No data	No data	No data	No data
TRIM69	0.0029566388374776143	No data	No data	No data	No data	No data	No data	No data	No data	No data
EPOP	0.001835146195119558	No data	No data	No data	No data	No data	No data	No data	No data	No data
ZDHHC17	0.0022174791281082107	No data	No data	No data	No data	No data	No data	No data	No data	No data
CLDN1	0.02507518920007478	No data	No data	No data	No data	No data	No data	No data	No data	No data
CYP27B1	0.001770854049893494	No data	No data	No data	No data	No data	No data	No data	No data	No data
ANXA1	0.012894230485666264	No data	No data	No data	No data	No data	No data	No data	No data	No data
NMRK1	0.0014783194187388072	No data	No data	No data	No data	No data	No data	No data	No data	No data
BLOC1S1	0.0014783194187388072	No data	No data	No data	No data	No data	No data	No data	No data	No data
GABRG1	0.051458861711307424	No data	No data	No data	No data	No data	No data	No data	No data	No data
GAN	0.010064271098706265	No data	No data	No data	No data	No data	No data	No data	No data	No data
C1QTNF3	0.0030069057078303254	No data	No data	No data	No data	No data	No data	No data	No data	No data
CYP2D6	0.0014783194187388072	No data	No data	No data	No data	No data	No data	No data	No data	No data
RAPSN	0.027412546539786944	No data	No data	No data	No data	No data	No data	No data	No data	No data
LRRC17	0.006816556021943393	No data	No data	No data	No data	No data	No data	No data	No data	No data
GBP1	0.005099479547964309	No data	No data	No data	No data	No data	No data	No data	No data	No data
PRL	0.03376522616827734	No data	No data	No data	No data	No data	No data	No data	No data	No data
NLRP12	0.005674693346542105	No data	No data	No data	No data	No data	No data	No data	No data	No data
CSN3	0.008839118191209118	No data	No data	No data	No data	No data	No data	No data	No data	No data
TRAF2	0.0014783194187388072	No data	No data	No data	No data	No data	No data	No data	No data	No data
PCDH1	0.013007157663486585	No data	No data	No data	No data	No data	No data	No data	No data	No data
MCM5	0.004409099630036312	No data	No data	No data	No data	No data	No data	No data	No data	No data
ENO2	0.0014783194187388072	No data	No data	No data	No data	No data	No data	No data	No data	No data
ZNF727	0.0015640845758005586	No data	No data	No data	No data	No data	No data	No data	No data	No data
AMBP	0.01014291378968015	No data	No data	No data	No data	No data	No data	No data	No data	No data
CCND2	0.004064046775706285	No data	No data	No data	No data	No data	No data	No data	No data	No data
CENPN	0.0019057414838331169	No data	No data	No data	No data	No data	No data	No data	No data	No data
PROCR	0.0073915970936940375	No data	No data	No data	No data	No data	No data	No data	No data	No data
CCL5	0.029831559424802274	No data	No data	No data	No data	No data	No data	No data	No data	No data
TRIM32	0.0073915970936940375	No data	No data	No data	No data	No data	No data	No data	No data	No data
FCGR3A	0.01994412986623213	No data	No data	No data	No data	No data	No data	No data	No data	No data
CHRNA7	0.0022174791281082107	No data	No data	No data	No data	No data	No data	No data	No data	No data
APOH	0.00622269814218292	No data	No data	No data	No data	No data	No data	No data	No data	No data
HS3ST6	0.005479001612179946	No data	No data	No data	No data	No data	No data	No data	No data	No data
CYTIP	0.0013728607531146182	No data	No data	No data	No data	No data	No data	No data	No data	No data
FST	0.0014783194187388072	No data	No data	No data	No data	No data	No data	No data	No data	No data
EGFR	0.01066343096740185	No data	No data	No data	No data	No data	No data	No data	No data	No data
NTRK1	0.09932201941974497	No data	No data	No data	No data	No data	No data	No data	No data	No data
TGM3	0.007925434661571938	No data	No data	No data	No data	No data	No data	No data	No data	No data
SRGN	0.0036957985468470188	No data	No data	No data	No data	No data	No data	No data	No data	No data
TCN2	0.0036957985468470188	No data	No data	No data	No data	No data	No data	No data	No data	No data
KRT77	0.006441886844883124	No data	No data	No data	No data	No data	No data	No data	No data	No data
ABCA12	0.03165192783707944	No data	No data	No data	No data	No data	No data	No data	No data	No data
FYN	0.008500336657748143	No data	No data	No data	No data	No data	No data	No data	No data	No data
TMPRSS11E	0.003094733375203441	No data	No data	No data	No data	No data	No data	No data	No data	No data
SGSM3	0.0022174791281082107	No data	No data	No data	No data	No data	No data	No data	No data	No data
KRT14	0.012170121132448773	No data	No data	No data	No data	No data	No data	No data	No data	No data
ORAI1	0.025540602610676255	No data	No data	No data	No data	No data	No data	No data	No data	No data
IQGAP3	0.009127003052158914	No data	No data	No data	No data	No data	No data	No data	No data	No data
HSPA1A	0.005615560569792552	No data	No data	No data	No data	No data	No data	No data	No data	No data
OCLN	0.019412810740052553	No data	No data	No data	No data	No data	No data	No data	No data	No data
ITPR3	0.0022174791281082107	No data	No data	No data	No data	No data	No data	No data	No data	No data
AHR	0.38023808780904106	No data	No data	No data	No data	No data	No data	No data	No data	No data
TBC1D9	0.0014783194187388072	No data	No data	No data	No data	No data	No data	No data	No data	No data
SGO2	0.002647540953643773	No data	No data	No data	No data	No data	No data	No data	No data	No data
DIAPH3	0.001973113895586012	No data	No data	No data	No data	No data	No data	No data	No data	No data
IL17RA	0.009924861675416174	No data	No data	No data	No data	No data	No data	No data	No data	No data
PSG4	0.004012819362406053	No data	No data	No data	No data	No data	No data	No data	No data	No data
DEFA1B	0.0022174791281082107	No data	No data	No data	No data	No data	No data	No data	No data	No data
CBR1	0.0014783194187388072	No data	No data	No data	No data	No data	No data	No data	No data	No data
PLG	0.009403754080310744	No data	No data	No data	No data	No data	No data	No data	No data	No data
SERPINC1	0.004804538110901123	No data	No data	No data	No data	No data	No data	No data	No data	No data
SLC16A14	0.0029132342172963994	No data	No data	No data	No data	No data	No data	No data	No data	No data
ADAMTS13	0.006652437384324632	No data	No data	No data	No data	No data	No data	No data	No data	No data
INSR	0.004619748183558772	No data	No data	No data	No data	No data	No data	No data	No data	No data
RPL17-C18orf32	0.011375781097553527	No data	No data	No data	No data	No data	No data	No data	No data	No data
TIMD4	0.0018478992734235094	No data	No data	No data	No data	No data	No data	No data	No data	No data
GPR12	0.002082563226851111	No data	No data	No data	No data	No data	No data	No data	No data	No data
NQO1	0.002751316695986113	No data	No data	No data	No data	No data	No data	No data	No data	No data
ELK3	0.0029566388374776143	No data	No data	No data	No data	No data	No data	No data	No data	No data
PARP12	0.003274269445348326	No data	No data	No data	No data	No data	No data	No data	No data	No data
PPP3CA	0.0014783194187388072	No data	No data	No data	No data	No data	No data	No data	No data	No data
KRT15	0.002308696597107789	No data	No data	No data	No data	No data	No data	No data	No data	No data
RPS5	0.0014783194187388072	No data	No data	No data	No data	No data	No data	No data	No data	No data
UBA52	0.0014783194187388072	No data	No data	No data	No data	No data	No data	No data	No data	No data
IDE	0.0036948135901051786	No data	No data	No data	No data	No data	No data	No data	No data	No data
ROR2	0.003326218692162316	No data	No data	No data	No data	No data	No data	No data	No data	No data
PAH	0.0014783194187388072	No data	No data	No data	No data	No data	No data	No data	No data	No data
CASP1	0.008948952966163715	No data	No data	No data	No data	No data	No data	No data	No data	No data
KCNJ15	0.00282796451619521	No data	No data	No data	No data	No data	No data	No data	No data	No data
GXYLT2	0.003542862103579508	No data	No data	No data	No data	No data	No data	No data	No data	No data
MRC1	0.0014783194187388072	No data	No data	No data	No data	No data	No data	No data	No data	No data
CITED2	0.01109098339877754	No data	No data	No data	No data	No data	No data	No data	No data	No data
RPRD1B	0.0014783194187388072	No data	No data	No data	No data	No data	No data	No data	No data	No data
BMAL2	0.0028673254281498892	No data	No data	No data	No data	No data	No data	No data	No data	No data
HCRT	0.0014783194187388072	No data	No data	No data	No data	No data	No data	No data	No data	No data
ENSG00000187951	0.003805046015566364	No data	No data	No data	No data	No data	No data	No data	No data	No data
COL3A1	0.03527424124716913	No data	No data	No data	No data	No data	No data	No data	No data	No data
ADCY1	0.009439685455071756	No data	No data	No data	No data	No data	No data	No data	No data	No data
MAP1B	0.003230292950797095	No data	No data	No data	No data	No data	No data	No data	No data	No data
CD24	0.011826555349910457	No data	No data	No data	No data	No data	No data	No data	No data	No data
PRKN	0.0073915970936940375	No data	No data	No data	No data	No data	No data	No data	No data	No data
UBC	0.0036957985468470188	No data	No data	No data	No data	No data	No data	No data	No data	No data
ESR2	0.0022174791281082107	No data	No data	No data	No data	No data	No data	No data	No data	No data
PDE4A	0.586657248823889	No data	No data	No data	No data	No data	No data	No data	No data	No data
GPR42	0.002902844436406841	No data	No data	No data	No data	No data	No data	No data	No data	No data
MFAP5	0.009708751431470876	No data	No data	No data	No data	No data	No data	No data	No data	No data
ASAP2	0.0073915970936940375	No data	No data	No data	No data	No data	No data	No data	No data	No data
KIF22	0.0014783194187388072	No data	No data	No data	No data	No data	No data	No data	No data	No data
PLA2G7	0.0020237342777407546	No data	No data	No data	No data	No data	No data	No data	No data	No data
CD248	0.0017906941659362142	No data	No data	No data	No data	No data	No data	No data	No data	No data
ACOX2	0.004703043134998706	No data	No data	No data	No data	No data	No data	No data	No data	No data
CCL21	0.016146122562608656	No data	No data	No data	No data	No data	No data	No data	No data	No data
CTSC	0.0027498354173805515	No data	No data	No data	No data	No data	No data	No data	No data	No data
LRRC23	0.002771848910135263	No data	No data	No data	No data	No data	No data	No data	No data	No data
DNM3OS	0.00224221953828825	No data	No data	No data	No data	No data	No data	No data	No data	No data
CYP39A1	0.0033273956938927496	No data	No data	No data	No data	No data	No data	No data	No data	No data
YY1	0.00813075680306344	No data	No data	No data	No data	No data	No data	No data	No data	No data
FKBP1A	0.5966421310654338	No data	No data	No data	No data	No data	No data	No data	No data	No data
CYBA	0.0023118237888287226	No data	No data	No data	No data	No data	No data	No data	No data	No data
SGCG	0.010613720029093126	No data	No data	No data	No data	No data	No data	No data	No data	No data
CDC25A	0.0020429019239531104	No data	No data	No data	No data	No data	No data	No data	No data	No data
KCNN4	0.021250841644370355	No data	No data	No data	No data	No data	No data	No data	No data	No data
AKAP12	0.004774086306496706	No data	No data	No data	No data	No data	No data	No data	No data	No data
PID1	0.002090148833899604	No data	No data	No data	No data	No data	No data	No data	No data	No data
ENPP4	0.002153896605335498	No data	No data	No data	No data	No data	No data	No data	No data	No data
RBP4	0.004538643575364025	No data	No data	No data	No data	No data	No data	No data	No data	No data
ADCY10	0.0044349582562164215	No data	No data	No data	No data	No data	No data	No data	No data	No data
HHATL	0.0029637748109033147	No data	No data	No data	No data	No data	No data	No data	No data	No data
FMO3	0.0022174791281082107	No data	No data	No data	No data	No data	No data	No data	No data	No data
TYK2	0.4041952005739897	No data	No data	No data	No data	No data	No data	No data	No data	No data
TOX2	0.0014783194187388072	No data	No data	No data	No data	No data	No data	No data	No data	No data
SRRM2	0.008869916512432843	No data	No data	No data	No data	No data	No data	No data	No data	No data
ABCA8	0.006546334862421188	No data	No data	No data	No data	No data	No data	No data	No data	No data
VEGFA	0.02097261340599553	No data	No data	No data	No data	No data	No data	No data	No data	No data
XK	0.0022174791281082107	No data	No data	No data	No data	No data	No data	No data	No data	No data
UBASH3A	0.00997865607648695	No data	No data	No data	No data	No data	No data	No data	No data	No data
PTGER3	0.005659478805536812	No data	No data	No data	No data	No data	No data	No data	No data	No data
F2R	0.0014783194187388072	No data	No data	No data	No data	No data	No data	No data	No data	No data
CD83	0.00794596687572109	No data	No data	No data	No data	No data	No data	No data	No data	No data
GABRG3	0.051458861711307424	No data	No data	No data	No data	No data	No data	No data	No data	No data
EVPL	0.0029566388374776143	No data	No data	No data	No data	No data	No data	No data	No data	No data
TMEM45A	0.004588949862335047	No data	No data	No data	No data	No data	No data	No data	No data	No data
FSTL1	0.0016685404800990847	No data	No data	No data	No data	No data	No data	No data	No data	No data
C3orf62	0.0032387890897538096	No data	No data	No data	No data	No data	No data	No data	No data	No data
IL20	0.007925434661571938	No data	No data	No data	No data	No data	No data	No data	No data	No data
APP	0.0014783194187388072	No data	No data	No data	No data	No data	No data	No data	No data	No data
ACSS3	0.006966991052398897	No data	No data	No data	No data	No data	No data	No data	No data	No data
DCLK3	0.003326218692162316	No data	No data	No data	No data	No data	No data	No data	No data	No data
LLGL1	0.0014783194187388072	No data	No data	No data	No data	No data	No data	No data	No data	No data
NAT2	0.011210588925435952	No data	No data	No data	No data	No data	No data	No data	No data	No data
GALNT6	0.004553885591097121	No data	No data	No data	No data	No data	No data	No data	No data	No data
SPAG11B	0.007761176948378739	No data	No data	No data	No data	No data	No data	No data	No data	No data
PCSK9	0.006234196182106444	No data	No data	No data	No data	No data	No data	No data	No data	No data
SH2B1	0.0014783194187388072	No data	No data	No data	No data	No data	No data	No data	No data	No data
BLVRB	0.0036957985468470188	No data	No data	No data	No data	No data	No data	No data	No data	No data
UPK1A	0.004507011485380178	No data	No data	No data	No data	No data	No data	No data	No data	No data
DEPDC1B	0.005902130487837069	No data	No data	No data	No data	No data	No data	No data	No data	No data
CTHRC1	0.00465496729957074	No data	No data	No data	No data	No data	No data	No data	No data	No data
MFAP4	0.005084858205384999	No data	No data	No data	No data	No data	No data	No data	No data	No data
ITLN1	0.03204052017974873	No data	No data	No data	No data	No data	No data	No data	No data	No data
ASAP1	0.0073915970936940375	No data	No data	No data	No data	No data	No data	No data	No data	No data
CLDN3	0.011066863426391904	No data	No data	No data	No data	No data	No data	No data	No data	No data
TRIB2	0.0035807150001091444	No data	No data	No data	No data	No data	No data	No data	No data	No data
WIPF1	0.0014783194187388072	No data	No data	No data	No data	No data	No data	No data	No data	No data
MAPKAPK2	0.00794596687572109	No data	No data	No data	No data	No data	No data	No data	No data	No data
SERPINE1	0.0073915970936940375	No data	No data	No data	No data	No data	No data	No data	No data	No data
DEPDC1	0.005231427683207722	No data	No data	No data	No data	No data	No data	No data	No data	No data
CCR10	0.009810975163644504	No data	No data	No data	No data	No data	No data	No data	No data	No data
FBN1	0.002115456378663339	No data	No data	No data	No data	No data	No data	No data	No data	No data
CD2	0.0155506883522833	No data	No data	No data	No data	No data	No data	No data	No data	No data
PSAPL1	0.014549133101288154	No data	No data	No data	No data	No data	No data	No data	No data	No data
PRSS33	0.0022174791281082107	No data	No data	No data	No data	No data	No data	No data	No data	No data
RYR1	0.0036957985468470188	No data	No data	No data	No data	No data	No data	No data	No data	No data
ADORA2A	0.048250703250502736	No data	No data	No data	No data	No data	No data	No data	No data	No data
COL17A1	0.009218964152968395	No data	No data	No data	No data	No data	No data	No data	No data	No data
SOD3	0.012896476458479312	No data	No data	No data	No data	No data	No data	No data	No data	No data
PLA2G2A	0.004506934951724416	No data	No data	No data	No data	No data	No data	No data	No data	No data
RALBP1	0.0014783194187388072	No data	No data	No data	No data	No data	No data	No data	No data	No data
BGN	0.01006078493308355	No data	No data	No data	No data	No data	No data	No data	No data	No data
STAR	0.0022174791281082107	No data	No data	No data	No data	No data	No data	No data	No data	No data
TICAM1	0.0029566388374776143	No data	No data	No data	No data	No data	No data	No data	No data	No data
PCSK5	0.0015510851763861932	No data	No data	No data	No data	No data	No data	No data	No data	No data
H3C14	0.00819235344551089	No data	No data	No data	No data	No data	No data	No data	No data	No data
LMOD1	0.0014783194187388072	No data	No data	No data	No data	No data	No data	No data	No data	No data
H1-5	0.009724672587461961	No data	No data	No data	No data	No data	No data	No data	No data	No data
C5orf46	0.01883825371823951	No data	No data	No data	No data	No data	No data	No data	No data	No data
MAPK9	0.0022174791281082107	No data	No data	No data	No data	No data	No data	No data	No data	No data
MUC15	0.004051535883471984	No data	No data	No data	No data	No data	No data	No data	No data	No data
JUN	0.017602565978012644	No data	No data	No data	No data	No data	No data	No data	No data	No data
CXCL8	0.03956874077651795	No data	No data	No data	No data	No data	No data	No data	No data	No data
YME1L1	0.0022174791281082107	No data	No data	No data	No data	No data	No data	No data	No data	No data
AIF1	0.008685126585090493	No data	No data	No data	No data	No data	No data	No data	No data	No data
CKS2	0.008524612167542788	No data	No data	No data	No data	No data	No data	No data	No data	No data
GSTP1	0.011976222620314404	No data	No data	No data	No data	No data	No data	No data	No data	No data
PACC1	0.0036957985468470188	No data	No data	No data	No data	No data	No data	No data	No data	No data
SELE	0.029447094980732398	No data	No data	No data	No data	No data	No data	No data	No data	No data
RBP2	0.0044349582562164215	No data	No data	No data	No data	No data	No data	No data	No data	No data
EDA	0.012011345277252809	No data	No data	No data	No data	No data	No data	No data	No data	No data
SH3BP4	0.006652437384324632	No data	No data	No data	No data	No data	No data	No data	No data	No data
TRIM10	0.002450119569770007	No data	No data	No data	No data	No data	No data	No data	No data	No data
IL12A	0.0073915970936940375	No data	No data	No data	No data	No data	No data	No data	No data	No data
MGP	0.0032493849741659017	No data	No data	No data	No data	No data	No data	No data	No data	No data
MIR17HG	0.0025833791360936843	No data	No data	No data	No data	No data	No data	No data	No data	No data
RGS18	0.0013845820684226377	No data	No data	No data	No data	No data	No data	No data	No data	No data
WEE1	0.0073915970936940375	No data	No data	No data	No data	No data	No data	No data	No data	No data
NRXN1	0.013304874768649264	No data	No data	No data	No data	No data	No data	No data	No data	No data
PKIB	0.004687891627009511	No data	No data	No data	No data	No data	No data	No data	No data	No data
MALAT1	0.010341690079833203	No data	No data	No data	No data	No data	No data	No data	No data	No data
TPX2	0.0028326336335032782	No data	No data	No data	No data	No data	No data	No data	No data	No data
PTGS1	0.009403754080310744	No data	No data	No data	No data	No data	No data	No data	No data	No data
ITCH	0.0014783194187388072	No data	No data	No data	No data	No data	No data	No data	No data	No data
IL4I1	0.003576534489374631	No data	No data	No data	No data	No data	No data	No data	No data	No data
ARHGAP4	0.0014783194187388072	No data	No data	No data	No data	No data	No data	No data	No data	No data
WAKMAR2	0.007984509129211616	No data	No data	No data	No data	No data	No data	No data	No data	No data
NELL2	0.012050189965830557	No data	No data	No data	No data	No data	No data	No data	No data	No data
ENG	0.007206807166351686	No data	No data	No data	No data	No data	No data	No data	No data	No data
SEMA7A	0.0073915970936940375	No data	No data	No data	No data	No data	No data	No data	No data	No data
KITLG	0.00941668937522471	No data	No data	No data	No data	No data	No data	No data	No data	No data
PCSK1	0.001219075937059001	No data	No data	No data	No data	No data	No data	No data	No data	No data
EMX2OS	0.003558828731049562	No data	No data	No data	No data	No data	No data	No data	No data	No data
CD53	0.002751316695986113	No data	No data	No data	No data	No data	No data	No data	No data	No data
LPAR1	0.002792674185189827	No data	No data	No data	No data	No data	No data	No data	No data	No data
MSMB	0.021464750160637387	No data	No data	No data	No data	No data	No data	No data	No data	No data
FOXE3	0.04318355812063398	No data	No data	No data	No data	No data	No data	No data	No data	No data
MSH3	0.002751316695986113	No data	No data	No data	No data	No data	No data	No data	No data	No data
ACOX1	0.0014783194187388072	No data	No data	No data	No data	No data	No data	No data	No data	No data
HLA-DPB1	0.007925434661571938	No data	No data	No data	No data	No data	No data	No data	No data	No data
ZNF410	0.0014783194187388072	No data	No data	No data	No data	No data	No data	No data	No data	No data
KRTAP9-4	0.0020485501514615994	No data	No data	No data	No data	No data	No data	No data	No data	No data
RAB25	0.010348235931171651	No data	No data	No data	No data	No data	No data	No data	No data	No data
SHARPIN	0.017472914240926736	No data	No data	No data	No data	No data	No data	No data	No data	No data
VKORC1	0.048250703250502736	No data	No data	No data	No data	No data	No data	No data	No data	No data
LPIN1	0.0014783194187388072	No data	No data	No data	No data	No data	No data	No data	No data	No data
GLRX	0.004274151646197179	No data	No data	No data	No data	No data	No data	No data	No data	No data
GNAI1	0.0030139623790213883	No data	No data	No data	No data	No data	No data	No data	No data	No data
NR1H2	0.07391597093694036	No data	No data	No data	No data	No data	No data	No data	No data	No data
KRT31	0.0023228786798053934	No data	No data	No data	No data	No data	No data	No data	No data	No data
BUB1B	0.005424848678707352	No data	No data	No data	No data	No data	No data	No data	No data	No data
DLX3	0.0014783194187388072	No data	No data	No data	No data	No data	No data	No data	No data	No data
PRG2	0.009496149043981921	No data	No data	No data	No data	No data	No data	No data	No data	No data
C9orf152	0.0016238207454869155	No data	No data	No data	No data	No data	No data	No data	No data	No data
ACADL	0.009868558926392131	No data	No data	No data	No data	No data	No data	No data	No data	No data
TFAP2B	0.0044349582562164215	No data	No data	No data	No data	No data	No data	No data	No data	No data
CYP2C19	0.0014783194187388072	No data	No data	No data	No data	No data	No data	No data	No data	No data
CD5L	0.00811022458891429	No data	No data	No data	No data	No data	No data	No data	No data	No data
GHR	0.0026832703917598734	No data	No data	No data	No data	No data	No data	No data	No data	No data
CDK1	0.007224070148592112	No data	No data	No data	No data	No data	No data	No data	No data	No data
RYR2	0.0036957985468470188	No data	No data	No data	No data	No data	No data	No data	No data	No data
LHFPL6	0.0017974337459761242	No data	No data	No data	No data	No data	No data	No data	No data	No data
KRT2	0.033380452475122266	No data	No data	No data	No data	No data	No data	No data	No data	No data
FLII	0.0022174791281082107	No data	No data	No data	No data	No data	No data	No data	No data	No data
MT1JP	0.0014783194187388072	No data	No data	No data	No data	No data	No data	No data	No data	No data
FAF2	0.010717815785856353	No data	No data	No data	No data	No data	No data	No data	No data	No data
ELOVL6	0.0022174791281082107	No data	No data	No data	No data	No data	No data	No data	No data	No data
CHKA	0.028067536741888187	No data	No data	No data	No data	No data	No data	No data	No data	No data
DSG3	0.0043077661902360806	No data	No data	No data	No data	No data	No data	No data	No data	No data
JAK2	0.4179958992082427	No data	No data	No data	No data	No data	No data	No data	No data	No data
SLC27A2	0.0017600054040899263	No data	No data	No data	No data	No data	No data	No data	No data	No data
ENPP3	0.00794596687572109	No data	No data	No data	No data	No data	No data	No data	No data	No data
G0S2	0.0036394961248774854	No data	No data	No data	No data	No data	No data	No data	No data	No data
TNFAIP6	0.0025870589827929123	No data	No data	No data	No data	No data	No data	No data	No data	No data
RLN3	0.00819235344551089	No data	No data	No data	No data	No data	No data	No data	No data	No data
MINDY3	0.0031568279254318285	No data	No data	No data	No data	No data	No data	No data	No data	No data
ENSG00000251616	0.005686737455270699	No data	No data	No data	No data	No data	No data	No data	No data	No data
TPI1	0.0073915970936940375	No data	No data	No data	No data	No data	No data	No data	No data	No data
OAS2	0.005591629144446056	No data	No data	No data	No data	No data	No data	No data	No data	No data
MACROD2	0.010711834178083282	No data	No data	No data	No data	No data	No data	No data	No data	No data
KLF2	0.0073915970936940375	No data	No data	No data	No data	No data	No data	No data	No data	No data
MAL	0.0014783194187388072	No data	No data	No data	No data	No data	No data	No data	No data	No data
DEFB4B	0.025940369615200194	No data	No data	No data	No data	No data	No data	No data	No data	No data
CLCA2	0.004229636114724921	No data	No data	No data	No data	No data	No data	No data	No data	No data
NFKB1	0.021347981518244644	No data	No data	No data	No data	No data	No data	No data	No data	No data
DUSP8	0.022174791281082105	No data	No data	No data	No data	No data	No data	No data	No data	No data
CALM1	0.0014783194187388072	No data	No data	No data	No data	No data	No data	No data	No data	No data
EBP	0.0022174791281082107	No data	No data	No data	No data	No data	No data	No data	No data	No data
HSP90AA1	0.031744125097762387	No data	No data	No data	No data	No data	No data	No data	No data	No data
NBEAL2	0.00132444481916095	No data	No data	No data	No data	No data	No data	No data	No data	No data
IGFL3	0.0073915970936940375	No data	No data	No data	No data	No data	No data	No data	No data	No data
IFNAR1	0.00406537840153172	No data	No data	No data	No data	No data	No data	No data	No data	No data
DNASE1L3	0.026794539464640877	No data	No data	No data	No data	No data	No data	No data	No data	No data
TLR8	0.01125945559511093	No data	No data	No data	No data	No data	No data	No data	No data	No data
RGS13	0.00406703768440815	No data	No data	No data	No data	No data	No data	No data	No data	No data
ITGB1	0.012165336883371436	No data	No data	No data	No data	No data	No data	No data	No data	No data
SLC26A9	0.0025867860845920285	No data	No data	No data	No data	No data	No data	No data	No data	No data
DNAH8	0.0022174791281082107	No data	No data	No data	No data	No data	No data	No data	No data	No data
ADRA2C	0.03695798546847018	No data	No data	No data	No data	No data	No data	No data	No data	No data
AICDA	0.0022174791281082107	No data	No data	No data	No data	No data	No data	No data	No data	No data
TSACC	0.0014783194187388072	No data	No data	No data	No data	No data	No data	No data	No data	No data
AGT	0.005338375678779025	No data	No data	No data	No data	No data	No data	No data	No data	No data
KLHDC7B-DT	0.0024666945876297727	No data	No data	No data	No data	No data	No data	No data	No data	No data
VSTM1	0.0073915970936940375	No data	No data	No data	No data	No data	No data	No data	No data	No data
ADM	0.016815883388153933	No data	No data	No data	No data	No data	No data	No data	No data	No data
CYP4F22	0.1478319418738807	No data	No data	0.24317231904464845	No data	No data	No data	No data	No data	No data
CERS3	0.002843711659657289	No data	No data	No data	No data	No data	No data	No data	No data	No data
CENPE	0.0051403055693266106	No data	No data	No data	No data	No data	No data	No data	No data	No data
TYMS	0.011002957067296546	No data	No data	No data	No data	No data	No data	No data	No data	No data
CD36	0.010522759751439424	No data	No data	No data	No data	No data	No data	No data	No data	No data
CNDP1	0.0022174791281082107	No data	No data	No data	No data	No data	No data	No data	No data	No data
ADD3	0.002705375118472739	No data	No data	No data	No data	No data	No data	No data	No data	No data
C1GALT1	0.0022174791281082107	No data	No data	No data	No data	No data	No data	No data	No data	No data
CCN2	0.0019036905297278456	No data	No data	No data	No data	No data	No data	No data	No data	No data
HMOX1	0.020495755048097353	No data	No data	No data	No data	No data	No data	No data	No data	No data
APOB	0.0073915970936940375	No data	No data	No data	No data	No data	No data	No data	No data	No data
KRTAP3-3	0.0036431072327398843	No data	No data	No data	No data	No data	No data	No data	No data	No data
NOTCH1	0.0022174791281082107	No data	No data	No data	No data	No data	No data	No data	No data	No data
HMGCR	0.0030182354799250647	No data	No data	No data	No data	No data	No data	No data	No data	No data
NOTCH4	0.014783194187388075	No data	No data	No data	No data	No data	No data	No data	No data	No data
IL11	0.0014783194187388072	No data	No data	No data	No data	No data	No data	No data	No data	No data
MUC7	0.0051320305167424736	No data	No data	No data	No data	No data	No data	No data	No data	No data
EIF2AK2	0.0022174791281082107	No data	No data	No data	No data	No data	No data	No data	No data	No data
TTK	0.0078054633291034905	No data	No data	No data	No data	No data	No data	No data	No data	No data
SLC6A2	0.46839113527748666	No data	No data	No data	No data	No data	No data	No data	No data	No data
ARHGAP25	0.005913277674955229	No data	No data	No data	No data	No data	No data	No data	No data	No data
PTBP1	0.008869916512432843	No data	No data	No data	No data	No data	No data	No data	No data	No data
OR51E1	0.0014783194187388072	No data	No data	No data	No data	No data	No data	No data	No data	No data
RPLP0	0.0022174791281082107	No data	No data	No data	No data	No data	No data	No data	No data	No data
ATF6B	0.0036957985468470188	No data	No data	No data	No data	No data	No data	No data	No data	No data
GLB1L3	0.0026548230936748567	No data	No data	No data	No data	No data	No data	No data	No data	No data
THBS1	0.0014783194187388072	No data	No data	No data	No data	No data	No data	No data	No data	No data
COL6A2	0.0014783194187388072	No data	No data	No data	No data	No data	No data	No data	No data	No data
KCNA2	0.00794596687572109	No data	No data	No data	No data	No data	No data	No data	No data	No data
KDR	0.0073915970936940375	No data	No data	No data	No data	No data	No data	No data	No data	No data
JUNB	0.01531349960917431	No data	No data	No data	No data	No data	No data	No data	No data	No data
FANCA	0.01275112517696267	No data	No data	No data	No data	No data	No data	No data	No data	No data
IL23A	0.0173099667184684	No data	No data	No data	No data	No data	No data	No data	No data	No data
CD86	0.039133167337933164	No data	No data	No data	No data	No data	No data	No data	No data	No data
OGT	0.0022174791281082107	No data	No data	No data	No data	No data	No data	No data	No data	No data
KRTAP2-4	0.0027041929405212735	No data	No data	No data	No data	No data	No data	No data	No data	No data
PIEZO1	0.00794596687572109	No data	No data	No data	No data	No data	No data	No data	No data	No data
PHF11	0.012737775013849737	No data	No data	No data	No data	No data	No data	No data	No data	No data
GPR119	0.0022174791281082107	No data	No data	No data	No data	No data	No data	No data	No data	No data
BCL6	0.009239496367117545	No data	No data	No data	No data	No data	No data	No data	No data	No data
MMP8	0.004229636114724921	No data	No data	No data	No data	No data	No data	No data	No data	No data
ATP1A2	0.0037952786801218963	No data	No data	No data	No data	No data	No data	No data	No data	No data
GABRA3	0.051458861711307424	No data	No data	No data	No data	No data	No data	No data	No data	No data
MEGF9	0.0040822423418730045	No data	No data	No data	No data	No data	No data	No data	No data	No data
PSMD7	0.002843711659657289	No data	No data	No data	No data	No data	No data	No data	No data	No data
NRTN	0.0050375692133612735	No data	No data	No data	No data	No data	No data	No data	No data	No data
IAPP	0.007761176948378739	No data	No data	No data	No data	No data	No data	No data	No data	No data
ABCC8	0.009609076221802246	No data	No data	No data	No data	No data	No data	No data	No data	No data
TFF2	0.005163476127370266	No data	No data	No data	No data	No data	No data	No data	No data	No data
ABCA13	0.0026434495641927025	No data	No data	No data	No data	No data	No data	No data	No data	No data
TNFRSF4	0.40194781768082155	No data	No data	No data	No data	No data	No data	No data	No data	No data
HLA-DRB1	0.012006690144754615	No data	No data	No data	No data	No data	No data	No data	No data	No data
RBM45	0.00302850158699964	No data	No data	No data	No data	No data	No data	No data	No data	No data
GRID2	0.0073915970936940375	No data	No data	No data	No data	No data	No data	No data	No data	No data
GRIK5	0.0014783194187388072	No data	No data	No data	No data	No data	No data	No data	No data	No data
MUL1	0.0073915970936940375	No data	No data	No data	No data	No data	No data	No data	No data	No data
ENSG00000280339	0.0032110508010453763	No data	No data	No data	No data	No data	No data	No data	No data	No data
LCT	0.0022174791281082107	No data	No data	No data	No data	No data	No data	No data	No data	No data
CXCR6	0.0031819673170211797	No data	No data	No data	No data	No data	No data	No data	No data	No data
KLHDC7B	0.0031660194810941783	No data	No data	No data	No data	No data	No data	No data	No data	No data
ZNF423	0.0020486295094240396	No data	No data	No data	No data	No data	No data	No data	No data	No data
DCANP1	0.0022174791281082107	No data	No data	No data	No data	No data	No data	No data	No data	No data
POSTN	0.03496680980303298	No data	No data	No data	No data	No data	No data	No data	No data	No data
CBS	0.0014783194187388072	No data	No data	No data	No data	No data	No data	No data	No data	No data
ADRB2	0.01490638747228297	No data	No data	No data	No data	No data	No data	No data	No data	No data
SEC14L2	0.0099581238623378	No data	No data	No data	No data	No data	No data	No data	No data	No data
ALOX15	0.0014783194187388072	No data	No data	No data	No data	No data	No data	No data	No data	No data
IFNA1	0.017804193071940273	No data	No data	No data	No data	No data	No data	No data	No data	No data
TUBG2	0.0073915970936940375	No data	No data	No data	No data	No data	No data	No data	No data	No data
LTB4R	0.014399023889914115	No data	No data	No data	No data	No data	No data	No data	No data	No data
FOLR1	0.00401211477634151	No data	No data	No data	No data	No data	No data	No data	No data	No data
TNFSF13B	0.017247059885286083	No data	No data	No data	No data	No data	No data	No data	No data	No data
PROM1	0.006652437384324632	No data	No data	No data	No data	No data	No data	No data	No data	No data
POLQ	0.0020736939102685356	No data	No data	No data	No data	No data	No data	No data	No data	No data
SMAD2	0.008500336657748143	No data	No data	No data	No data	No data	No data	No data	No data	No data
INSYN1	0.00522083737875102	No data	No data	No data	No data	No data	No data	No data	No data	No data
SAA2	0.0038959876348012316	No data	No data	No data	No data	No data	No data	No data	No data	No data
ADRB1	0.04941297623060521	No data	No data	No data	No data	No data	No data	No data	No data	No data
IGFL2	0.009870686895487243	No data	No data	No data	No data	No data	No data	No data	No data	No data
NUP210	0.003832587592209709	No data	No data	No data	No data	No data	No data	No data	No data	No data
JCHAIN	0.0023339741258929718	No data	No data	No data	No data	No data	No data	No data	No data	No data
KCNK18	0.002771848910135263	No data	No data	No data	No data	No data	No data	No data	No data	No data
ESM1	0.0022174791281082107	No data	No data	No data	No data	No data	No data	No data	No data	No data
NRG1	0.008869916512432843	No data	No data	No data	No data	No data	No data	No data	No data	No data
KRT34	0.0023427646771951027	No data	No data	No data	No data	No data	No data	No data	No data	No data
SERPINB2	0.0031248093730453963	No data	No data	No data	No data	No data	No data	No data	No data	No data
SNX10	0.0012876741670587327	No data	No data	No data	No data	No data	No data	No data	No data	No data
HPGD	0.010789918624315002	No data	No data	No data	No data	No data	No data	No data	No data	No data
SLCO6A1	0.008332986541689213	No data	No data	No data	No data	No data	No data	No data	No data	No data
FCGR2A	0.00794596687572109	No data	No data	No data	No data	No data	No data	No data	No data	No data
KANSL1-AS1	0.0016632472286909734	No data	No data	No data	No data	No data	No data	No data	No data	No data
RSAD2	0.00406809662819461	No data	No data	No data	No data	No data	No data	No data	No data	No data
FLT4	0.0073915970936940375	No data	No data	No data	No data	No data	No data	No data	No data	No data
ZNF704	0.0027743930692812765	No data	No data	No data	No data	No data	No data	No data	No data	No data
PLN	0.0036988788660461225	No data	No data	No data	No data	No data	No data	No data	No data	No data
SPN	0.011826555349910457	No data	No data	No data	No data	No data	No data	No data	No data	No data
CD5	0.025066137677565423	No data	No data	No data	No data	No data	No data	No data	No data	No data
ATP12A	0.003088030662587471	No data	No data	No data	No data	No data	No data	No data	No data	No data
RBM14-RBM4	0.0014783194187388072	No data	No data	No data	No data	No data	No data	No data	No data	No data
SFTPC	0.017331229392554243	No data	No data	No data	No data	No data	No data	No data	No data	No data
LYPLA2P1	0.0014783194187388072	No data	No data	No data	No data	No data	No data	No data	No data	No data
ALCAM	0.0029361066233284643	No data	No data	No data	No data	No data	No data	No data	No data	No data
SLC4A11	0.003349393442700806	No data	No data	No data	No data	No data	No data	No data	No data	No data
HMGCS2	0.001723585814801812	No data	No data	No data	No data	No data	No data	No data	No data	No data
HSPB2	0.0014783194187388072	No data	No data	No data	No data	No data	No data	No data	No data	No data
GABRG2	0.051458861711307424	No data	No data	No data	No data	No data	No data	No data	No data	No data
TROAP	0.004284437348620175	No data	No data	No data	No data	No data	No data	No data	No data	No data
ALPI	0.007761176948378739	No data	No data	No data	No data	No data	No data	No data	No data	No data
ADGRE2	0.0014783194187388072	No data	No data	No data	No data	No data	No data	No data	No data	No data
DNM1L	0.0018478992734235094	No data	No data	No data	No data	No data	No data	No data	No data	No data
NFASC	0.003642558946025247	No data	No data	No data	No data	No data	No data	No data	No data	No data
OSBPL1A	0.0036385801514304543	No data	No data	No data	No data	No data	No data	No data	No data	No data
NRTN	0.0050375692133612735	No data	No data	No data	No data	No data	No data	No data	No data	No data
NCK2	0.0022174791281082107	No data	No data	No data	No data	No data	No data	No data	No data	No data
ALB	0.011850655152700767	No data	No data	No data	No data	No data	No data	No data	No data	No data
IKZF1	0.004076453226428904	No data	No data	No data	No data	No data	No data	No data	No data	No data
HLA-DMA	0.0051741179655858255	No data	No data	No data	No data	No data	No data	No data	No data	No data
FGFR2	0.00997865607648695	No data	No data	No data	No data	No data	No data	No data	No data	No data
PWAR1	0.0014783194187388072	No data	No data	No data	No data	No data	No data	No data	No data	No data
CDKAL1	0.009239496367117545	No data	No data	No data	No data	No data	No data	No data	No data	No data
NINJ2-AS1	0.004072823172304483	No data	No data	No data	No data	No data	No data	No data	No data	No data
TMEM79	0.017285031910718656	No data	No data	No data	No data	No data	No data	No data	No data	No data
CBLC	0.0028117247547807217	No data	No data	No data	No data	No data	No data	No data	No data	No data
CKAP4	0.0014783194187388072	No data	No data	No data	No data	No data	No data	No data	No data	No data
EXO1	0.0019990830544641433	No data	No data	No data	No data	No data	No data	No data	No data	No data
PDE6B	0.0073915970936940375	No data	No data	No data	No data	No data	No data	No data	No data	No data
SIN3A	0.0022174791281082107	No data	No data	No data	No data	No data	No data	No data	No data	No data
PDGFRA	0.002883711061278898	No data	No data	No data	No data	No data	No data	No data	No data	No data
TK1	0.004251099008581772	No data	No data	No data	No data	No data	No data	No data	No data	No data
RACGAP1	0.0032239774351773397	No data	No data	No data	No data	No data	No data	No data	No data	No data
ADCK1	0.002751316695986113	No data	No data	No data	No data	No data	No data	No data	No data	No data
FAM110C	0.0018036161004920687	No data	No data	No data	No data	No data	No data	No data	No data	No data
NR4A2	0.0014783194187388072	No data	No data	No data	No data	No data	No data	No data	No data	No data
AQP9	0.01209357544000846	No data	No data	No data	No data	No data	No data	No data	No data	No data
ADAMTS2	0.007761176948378739	No data	No data	No data	No data	No data	No data	No data	No data	No data
PSMD7	0.002843711659657289	No data	No data	No data	No data	No data	No data	No data	No data	No data
MEGF9	0.0040822423418730045	No data	No data	No data	No data	No data	No data	No data	No data	No data
GABRA3	0.051458861711307424	No data	No data	No data	No data	No data	No data	No data	No data	No data
ATP1A2	0.0037952786801218963	No data	No data	No data	No data	No data	No data	No data	No data	No data
MMP8	0.004229636114724921	No data	No data	No data	No data	No data	No data	No data	No data	No data
BCL6	0.009239496367117545	No data	No data	No data	No data	No data	No data	No data	No data	No data
GPR119	0.0022174791281082107	No data	No data	No data	No data	No data	No data	No data	No data	No data
PHF11	0.012737775013849737	No data	No data	No data	No data	No data	No data	No data	No data	No data
PIEZO1	0.00794596687572109	No data	No data	No data	No data	No data	No data	No data	No data	No data
KRTAP2-4	0.0027041929405212735	No data	No data	No data	No data	No data	No data	No data	No data	No data
OGT	0.0022174791281082107	No data	No data	No data	No data	No data	No data	No data	No data	No data
CD86	0.039133167337933164	No data	No data	No data	No data	No data	No data	No data	No data	No data
IL23A	0.0173099667184684	No data	No data	No data	No data	No data	No data	No data	No data	No data
FANCA	0.01275112517696267	No data	No data	No data	No data	No data	No data	No data	No data	No data
JUNB	0.01531349960917431	No data	No data	No data	No data	No data	No data	No data	No data	No data
KDR	0.0073915970936940375	No data	No data	No data	No data	No data	No data	No data	No data	No data
KCNA2	0.00794596687572109	No data	No data	No data	No data	No data	No data	No data	No data	No data
COL6A2	0.0014783194187388072	No data	No data	No data	No data	No data	No data	No data	No data	No data
THBS1	0.0014783194187388072	No data	No data	No data	No data	No data	No data	No data	No data	No data
GLB1L3	0.0026548230936748567	No data	No data	No data	No data	No data	No data	No data	No data	No data
ATF6B	0.0036957985468470188	No data	No data	No data	No data	No data	No data	No data	No data	No data
NFIA	0.0022174791281082107	No data	No data	No data	No data	No data	No data	No data	No data	No data
NFATC1	0.013674454623333965	No data	No data	No data	No data	No data	No data	No data	No data	No data
AOC3	0.009424286294459896	No data	No data	No data	No data	No data	No data	No data	No data	No data
ME1	0.0021391170843779593	No data	No data	No data	No data	No data	No data	No data	No data	No data
ACOT8	0.0073915970936940375	No data	No data	No data	No data	No data	No data	No data	No data	No data
BCAR1	0.0014783194187388072	No data	No data	No data	No data	No data	No data	No data	No data	No data
HERC6	0.003494257002593932	No data	No data	No data	No data	No data	No data	No data	No data	No data
KIF20A	0.010540362998599907	No data	No data	No data	No data	No data	No data	No data	No data	No data
GPD1	0.003757673853482318	No data	No data	No data	No data	No data	No data	No data	No data	No data
CEACAM7	0.0044349582562164215	No data	No data	No data	No data	No data	No data	No data	No data	No data
SLC25A18	0.001066663797700027	No data	No data	No data	No data	No data	No data	No data	No data	No data
DSG1	0.009830629168424102	No data	No data	No data	No data	No data	No data	No data	No data	No data
KIR3DL1	0.013248411179739098	No data	No data	No data	No data	No data	No data	No data	No data	No data
ARF3	0.0022174791281082107	No data	No data	No data	No data	No data	No data	No data	No data	No data
OPN3	0.0073915970936940375	No data	No data	No data	No data	No data	No data	No data	No data	No data
PPP1R1B	0.0016517251347031446	No data	No data	No data	No data	No data	No data	No data	No data	No data
PNPLA1	0.005543697820270526	No data	No data	No data	No data	No data	No data	No data	No data	No data
EGF	0.024835707721406933	No data	No data	No data	No data	No data	No data	No data	No data	No data
SMARCB1	0.0022174791281082107	No data	No data	No data	No data	No data	No data	No data	No data	No data
ERAP1	0.02025690203242509	No data	No data	No data	No data	No data	No data	No data	No data	No data
LIPE	0.0012601193062812923	No data	No data	No data	No data	No data	No data	No data	No data	No data
NR1H3	0.07391597093694036	No data	No data	No data	No data	No data	No data	No data	No data	No data
IKBKB	0.010132647682605574	No data	No data	No data	No data	No data	No data	No data	No data	No data
PARK7	0.0022174791281082107	No data	No data	No data	No data	No data	No data	No data	No data	No data
TIMP1	0.015963796500964203	No data	No data	No data	No data	No data	No data	No data	No data	No data
TNS1	0.014783194187388075	No data	No data	No data	No data	No data	No data	No data	No data	No data
GRIK2	0.0014783194187388072	No data	No data	No data	No data	No data	No data	No data	No data	No data
KRT1	0.008992583921230658	No data	No data	No data	No data	No data	No data	No data	No data	No data
MC1R	0.017000673315496286	No data	No data	No data	No data	No data	No data	No data	No data	No data
FAM107B	0.002050580505993323	No data	No data	No data	No data	No data	No data	No data	No data	No data
SPINK1	0.0014783194187388072	No data	No data	No data	No data	No data	No data	No data	No data	No data
GABRA5	0.051458861711307424	No data	No data	No data	No data	No data	No data	No data	No data	No data
PDZK1IP1	0.0025870589827929123	No data	No data	No data	No data	No data	No data	No data	No data	No data
MUC1	0.0022174791281082107	No data	No data	No data	No data	No data	No data	No data	No data	No data
FGF19	0.0036957985468470188	No data	No data	No data	No data	No data	No data	No data	No data	No data
TNFRSF9	0.006652437384324632	No data	No data	No data	No data	No data	No data	No data	No data	No data
FOLH1	0.009403754080310744	No data	No data	No data	No data	No data	No data	No data	No data	No data
SERPINA1	0.019356740395557005	No data	No data	No data	No data	No data	No data	No data	No data	No data
CARD18	0.007412314427963498	No data	No data	No data	No data	No data	No data	No data	No data	No data
SELENOO	0.004331452829936296	No data	No data	No data	No data	No data	No data	No data	No data	No data
UVRAG	0.0014783194187388072	No data	No data	No data	No data	No data	No data	No data	No data	No data
ANK1	0.0014783194187388072	No data	No data	No data	No data	No data	No data	No data	No data	No data
SNHG14	0.0033946975210144225	No data	No data	No data	No data	No data	No data	No data	No data	No data
RPS6	0.0073915970936940375	No data	No data	No data	No data	No data	No data	No data	No data	No data
RAB40B	0.007022017239009335	No data	No data	No data	No data	No data	No data	No data	No data	No data
CD38	0.012196135204595159	No data	No data	No data	No data	No data	No data	No data	No data	No data
MT-CO2	0.007051207896243127	No data	No data	No data	No data	No data	No data	No data	No data	No data
CD14	0.013302828077535276	No data	No data	No data	No data	No data	No data	No data	No data	No data
TNFSF11	0.0073915970936940375	No data	No data	No data	No data	No data	No data	No data	No data	No data
PARP9	0.003310091210829559	No data	No data	No data	No data	No data	No data	No data	No data	No data
SMAD1	0.0022174791281082107	No data	No data	No data	No data	No data	No data	No data	No data	No data
NFE2L2	0.018429809059888103	No data	No data	No data	No data	No data	No data	No data	No data	No data
SNAP29	0.03176169271160328	No data	No data	No data	No data	No data	No data	No data	No data	No data
PRKCG	0.010573564410715216	No data	No data	No data	No data	No data	No data	No data	No data	No data
C3AR1	0.00819235344551089	No data	No data	No data	No data	No data	No data	No data	No data	No data
P2RX7	0.0037676612963690433	No data	No data	No data	No data	No data	No data	No data	No data	No data
ACVR1C	0.0013532299824287805	No data	No data	No data	No data	No data	No data	No data	No data	No data
C3	0.004082487416031627	No data	No data	No data	No data	No data	No data	No data	No data	No data
SHB	0.013736051265781417	No data	No data	No data	No data	No data	No data	No data	No data	No data
STIL	0.004284661233562636	No data	No data	No data	No data	No data	No data	No data	No data	No data
KLK10	0.0022174791281082107	No data	No data	No data	No data	No data	No data	No data	No data	No data
FSCN1	0.00290786547319443	No data	No data	No data	No data	No data	No data	No data	No data	No data
ACP5	0.0014783194187388072	No data	No data	No data	No data	No data	No data	No data	No data	No data
ERAP2	0.007925434661571938	No data	No data	No data	No data	No data	No data	No data	No data	No data
BCL2L2	0.0014783194187388072	No data	No data	No data	No data	No data	No data	No data	No data	No data
F8	0.0014783194187388072	No data	No data	No data	No data	No data	No data	No data	No data	No data
KRT80	0.003575698949859621	No data	No data	No data	No data	No data	No data	No data	No data	No data
RARRES1	0.0034465089996520864	No data	No data	No data	No data	No data	No data	No data	No data	No data
CD44	0.015165469478969218	No data	No data	No data	No data	No data	No data	No data	No data	No data
ST8SIA4	0.0010522505601285675	No data	No data	No data	No data	No data	No data	No data	No data	No data
PIGF	0.0014783194187388072	No data	No data	No data	No data	No data	No data	No data	No data	No data
TMEM184B	0.0029566388374776143	No data	No data	No data	No data	No data	No data	No data	No data	No data
ITPRID2	0.010717815785856353	No data	No data	No data	No data	No data	No data	No data	No data	No data
PDGFRL	0.011111824536942807	No data	No data	No data	No data	No data	No data	No data	No data	No data
PSG2	0.0044349582562164215	No data	No data	No data	No data	No data	No data	No data	No data	No data
TMEM170B	0.003704455152495502	No data	No data	No data	No data	No data	No data	No data	No data	No data
TAT	0.008664594370941343	No data	No data	No data	No data	No data	No data	No data	No data	No data
BIRC5	0.004815047545991118	No data	No data	No data	No data	No data	No data	No data	No data	No data
UST	0.0022650793191826375	No data	No data	No data	No data	No data	No data	No data	No data	No data
FOSL1	0.0042858530493013	No data	No data	No data	No data	No data	No data	No data	No data	No data
LPAR2	0.002902844436406841	No data	No data	No data	No data	No data	No data	No data	No data	No data
PAFAH1B1	0.0014783194187388072	No data	No data	No data	No data	No data	No data	No data	No data	No data
VPS50	0.011826555349910457	No data	No data	No data	No data	No data	No data	No data	No data	No data
YOD1	0.00495759192312893	No data	No data	No data	No data	No data	No data	No data	No data	No data
IRAK2	0.0044349582562164215	No data	No data	No data	No data	No data	No data	No data	No data	No data
KLRK1	0.007761176948378739	No data	No data	No data	No data	No data	No data	No data	No data	No data
ZC3H12A	0.026770146771488344	No data	No data	No data	No data	No data	No data	No data	No data	No data
CLDN7	0.02044764925575132	No data	No data	No data	No data	No data	No data	No data	No data	No data
HDAC1	0.0073915970936940375	No data	No data	No data	No data	No data	No data	No data	No data	No data
PPARG	0.020005810397364047	No data	No data	No data	No data	No data	No data	No data	No data	No data
DGAT2	0.007331550727779905	No data	No data	No data	No data	No data	No data	No data	No data	No data
SERPINB13	0.002491920595659328	No data	No data	No data	No data	No data	No data	No data	No data	No data
RB1CC1	0.0014783194187388072	No data	No data	No data	No data	No data	No data	No data	No data	No data
IL10RA	0.007761176948378737	No data	No data	No data	No data	No data	No data	No data	No data	No data
H4C14	0.0022174791281082107	No data	No data	No data	No data	No data	No data	No data	No data	No data
SETMAR	0.0029566388374776143	No data	No data	No data	No data	No data	No data	No data	No data	No data
PRH1	0.012207210029492342	No data	No data	No data	No data	No data	No data	No data	No data	No data
PGM5	0.003276995652358313	No data	No data	No data	No data	No data	No data	No data	No data	No data
TNFRSF8	0.03733384280630071	No data	No data	No data	No data	No data	No data	No data	No data	No data
RAG1	0.0025870589827929123	No data	No data	No data	No data	No data	No data	No data	No data	No data
ANGPT2	0.00997865607648695	No data	No data	No data	No data	No data	No data	No data	No data	No data
STAC2	0.0012077313604782762	No data	No data	No data	No data	No data	No data	No data	No data	No data
CRY2	0.0073915970936940375	No data	No data	No data	No data	No data	No data	No data	No data	No data
KRTAP1-5	0.002421814079113612	No data	No data	No data	No data	No data	No data	No data	No data	No data
ALG1	0.0014783194187388072	No data	No data	No data	No data	No data	No data	No data	No data	No data
RORB	0.0073915970936940375	No data	No data	No data	No data	No data	No data	No data	No data	No data
TNFRSF1B	0.00302850158699964	No data	No data	No data	No data	No data	No data	No data	No data	No data
HLA-DPA1	0.03157854536139286	No data	No data	No data	No data	No data	No data	No data	No data	No data
SLC16A1	0.0014783194187388072	No data	No data	No data	No data	No data	No data	No data	No data	No data
HSP90AB1	0.031721026356844595	No data	No data	No data	No data	No data	No data	No data	No data	No data
DCLK1	0.004862668563405327	No data	No data	No data	No data	No data	No data	No data	No data	No data
NCR2	0.0022174791281082107	No data	No data	No data	No data	No data	No data	No data	No data	No data
CHKB	0.028067536741888187	No data	No data	No data	No data	No data	No data	No data	No data	No data
SMAD6	0.0014783194187388072	No data	No data	No data	No data	No data	No data	No data	No data	No data
IKBIP	0.0013097162233023337	No data	No data	No data	No data	No data	No data	No data	No data	No data
RPS2	0.0014783194187388072	No data	No data	No data	No data	No data	No data	No data	No data	No data
FCHSD1	0.002314134522595328	No data	No data	No data	No data	No data	No data	No data	No data	No data
AGPS	0.0022174791281082107	No data	No data	No data	No data	No data	No data	No data	No data	No data
MAOB	0.002902844436406841	No data	No data	No data	No data	No data	No data	No data	No data	No data
S100A12	0.013995154413912452	No data	No data	No data	No data	No data	No data	No data	No data	No data
GPC3	0.003799874018846814	No data	No data	No data	No data	No data	No data	No data	No data	No data
SDC4	0.011251653353734252	No data	No data	No data	No data	No data	No data	No data	No data	No data
MT1X	0.00406537840153172	No data	No data	No data	No data	No data	No data	No data	No data	No data
FBP1	0.00471295890937321	No data	No data	No data	No data	No data	No data	No data	No data	No data
CCL18	0.026487722880059954	No data	No data	No data	No data	No data	No data	No data	No data	No data
GATA6	0.003082951683205802	No data	No data	No data	No data	No data	No data	No data	No data	No data
PLA2G2D	0.0025870589827929123	No data	No data	No data	No data	No data	No data	No data	No data	No data
TGM2	0.009062508681151871	No data	No data	No data	No data	No data	No data	No data	No data	No data
WNT5A	0.010740311613384302	No data	No data	No data	No data	No data	No data	No data	No data	No data
PCK1	0.0035538134402840556	No data	No data	No data	No data	No data	No data	No data	No data	No data
YY1AP1	0.009650140650100548	No data	No data	No data	No data	No data	No data	No data	No data	No data
HAS1	0.010512493644364851	No data	No data	No data	No data	No data	No data	No data	No data	No data
SCAND1	0.004001862088252174	No data	No data	No data	No data	No data	No data	No data	No data	No data
ZNF341	0.003964144724478717	No data	No data	No data	No data	No data	No data	No data	No data	No data
CYB5A	0.002331605174633318	No data	No data	No data	No data	No data	No data	No data	No data	No data
MS4A14	0.001262481883898404	No data	No data	No data	No data	No data	No data	No data	No data	No data
ADAM8	0.006013443368959163	No data	No data	No data	No data	No data	No data	No data	No data	No data
EFEMP1	0.0038294115344356854	No data	No data	No data	No data	No data	No data	No data	No data	No data
BTG3	0.003210827648644093	No data	No data	No data	No data	No data	No data	No data	No data	No data
GRP	0.00302850158699964	No data	No data	No data	No data	No data	No data	No data	No data	No data
MSX2	0.0025870589827929123	No data	No data	No data	No data	No data	No data	No data	No data	No data
HPSE	0.003078662387551094	No data	No data	No data	No data	No data	No data	No data	No data	No data
IL27	0.00811022458891429	No data	No data	No data	No data	No data	No data	No data	No data	No data
C12orf56	0.0012021811924433946	No data	No data	No data	No data	No data	No data	No data	No data	No data
TH	0.002751316695986113	No data	No data	No data	No data	No data	No data	No data	No data	No data
ASAH1	0.009503425409261513	No data	No data	No data	No data	No data	No data	No data	No data	No data
SERPINA13P	0.0014783194187388072	No data	No data	No data	No data	No data	No data	No data	No data	No data
IL5RA	0.03951619669038354	No data	No data	No data	No data	No data	No data	No data	No data	No data
CMA1	0.0444771862911301	No data	No data	No data	No data	No data	No data	No data	No data	No data
SPRR2A	0.004734176710947972	No data	No data	No data	No data	No data	No data	No data	No data	No data
MMRN1	0.004523256472571815	No data	No data	No data	No data	No data	No data	No data	No data	No data
CD70	0.0025870589827929123	No data	No data	No data	No data	No data	No data	No data	No data	No data
CCL1	0.008415115398285813	No data	No data	No data	No data	No data	No data	No data	No data	No data
PARPBP	0.0016738888847123265	No data	No data	No data	No data	No data	No data	No data	No data	No data
OGN	0.01255674756581081	No data	No data	No data	No data	No data	No data	No data	No data	No data
NR4A1	0.0044349582562164215	No data	No data	No data	No data	No data	No data	No data	No data	No data
IRF3	0.0018478992734235094	No data	No data	No data	No data	No data	No data	No data	No data	No data
HPD	0.011540806729949693	No data	No data	No data	No data	No data	No data	No data	No data	No data
TNFSF8	0.015735478279625657	No data	No data	No data	No data	No data	No data	No data	No data	No data
KRTAP9-9	0.0020751764388021294	No data	No data	No data	No data	No data	No data	No data	No data	No data
GRK2	0.0014783194187388072	No data	No data	No data	No data	No data	No data	No data	No data	No data
PELI1	0.0073915970936940375	No data	No data	No data	No data	No data	No data	No data	No data	No data
RLN2	0.003675266332697868	No data	No data	No data	No data	No data	No data	No data	No data	No data
KRTAP4-12	0.00317076760934277	No data	No data	No data	No data	No data	No data	No data	No data	No data
CENPW	0.0023281431674903033	No data	No data	No data	No data	No data	No data	No data	No data	No data
ACER1	0.004150126195040964	No data	No data	No data	No data	No data	No data	No data	No data	No data
IDS	0.0022174791281082107	No data	No data	No data	No data	No data	No data	No data	No data	No data
PRRX1	0.0073915970936940375	No data	No data	No data	No data	No data	No data	No data	No data	No data
UBE2C	0.00583594360264891	No data	No data	No data	No data	No data	No data	No data	No data	No data
HFE	0.0051535857514366755	No data	No data	No data	No data	No data	No data	No data	No data	No data
TMC4	0.0010479338472432328	No data	No data	No data	No data	No data	No data	No data	No data	No data
CCBE1	0.003309412795652794	No data	No data	No data	No data	No data	No data	No data	No data	No data
KIF14	0.011810620113693476	No data	No data	No data	No data	No data	No data	No data	No data	No data
ERAS	0.0022174791281082107	No data	No data	No data	No data	No data	No data	No data	No data	No data
GPLD1	0.00955077794911682	No data	No data	No data	No data	No data	No data	No data	No data	No data
KRTAP17-1	0.0015871154880943094	No data	No data	No data	No data	No data	No data	No data	No data	No data
IL17C	0.015211407760611684	No data	No data	No data	No data	No data	No data	No data	No data	No data
GPR15	0.0014783194187388072	No data	No data	No data	No data	No data	No data	No data	No data	No data
CARD14	0.05511416046574526	No data	No data	No data	No data	No data	No data	No data	No data	No data
PGD	0.0022174791281082107	No data	No data	No data	No data	No data	No data	No data	No data	No data
CARMIL2	0.004866134753348573	No data	No data	No data	No data	No data	No data	No data	No data	No data
NLRX1	0.009793866149144598	No data	No data	No data	No data	No data	No data	No data	No data	No data
BSG	0.002771848910135263	No data	No data	No data	No data	No data	No data	No data	No data	No data
MTHFR	0.0036957985468470188	No data	No data	No data	No data	No data	No data	No data	No data	No data
LTBR	0.0073915970936940375	No data	No data	No data	No data	No data	No data	No data	No data	No data
WASF3	0.0029267446151863257	No data	No data	No data	No data	No data	No data	No data	No data	No data
LGMN	0.0014783194187388072	No data	No data	No data	No data	No data	No data	No data	No data	No data
OPRPN	0.008869916512432843	No data	No data	No data	No data	No data	No data	No data	No data	No data
CLOCK	0.003980157142069391	No data	No data	No data	No data	No data	No data	No data	No data	No data
LEP	0.028551124794422726	No data	No data	No data	No data	No data	No data	No data	No data	No data
ENSG00000280371	0.0014783194187388072	No data	No data	No data	No data	No data	No data	No data	No data	No data
RBM45	0.00302850158699964	No data	No data	No data	No data	No data	No data	No data	No data	No data
HLA-DRB1	0.012006690144754615	No data	No data	No data	No data	No data	No data	No data	No data	No data
TNFRSF4	0.40194781768082155	No data	No data	No data	No data	No data	No data	No data	No data	No data
ABCA13	0.0026434495641927025	No data	No data	No data	No data	No data	No data	No data	No data	No data
TFF2	0.005163476127370266	No data	No data	No data	No data	No data	No data	No data	No data	No data
ABCC8	0.009609076221802246	No data	No data	No data	No data	No data	No data	No data	No data	No data
KCNJ11	0.25870589827929125	No data	No data	0.42555155832813474	No data	No data	No data	No data	No data	No data
CX3CL1	0.028314702930557642	No data	No data	No data	No data	No data	No data	No data	No data	No data
MR1	0.012832633843218812	No data	No data	No data	No data	No data	No data	No data	No data	No data
UCN3	0.017331229392554243	No data	No data	No data	No data	No data	No data	No data	No data	No data
HRH1	0.3982036247583746	No data	No data	No data	No data	No data	No data	No data	No data	No data
FOXM1	0.007601272627852752	No data	No data	No data	No data	No data	No data	No data	No data	No data
DBF4	0.0014796721145101696	No data	No data	No data	No data	No data	No data	No data	No data	No data
HSPB3	0.0014783194187388072	No data	No data	No data	No data	No data	No data	No data	No data	No data
COL21A1	0.00260307538339188	No data	No data	No data	No data	No data	No data	No data	No data	No data
MAP1LC3B	0.0031009565816398767	No data	No data	No data	No data	No data	No data	No data	No data	No data
MAP2K1	0.002771848910135263	No data	No data	No data	No data	No data	No data	No data	No data	No data
S1PR4	0.07391597093694036	No data	No data	No data	No data	No data	No data	No data	No data	No data
ESR1	0.01849246107662627	No data	No data	No data	No data	No data	No data	No data	No data	No data
RPS6KA5	0.002843711659657289	No data	No data	No data	No data	No data	No data	No data	No data	No data
TPSAB1	0.009239496367117545	No data	No data	No data	No data	No data	No data	No data	No data	No data
VSNL1	0.003988528855294828	No data	No data	No data	No data	No data	No data	No data	No data	No data
SELP	0.011763200898516972	No data	No data	No data	No data	No data	No data	No data	No data	No data
CD200	0.009403754080310744	No data	No data	No data	No data	No data	No data	No data	No data	No data
STAMBP	0.0025870589827929123	No data	No data	No data	No data	No data	No data	No data	No data	No data
MPO	0.012289338886088946	No data	No data	No data	No data	No data	No data	No data	No data	No data
DAPK2	0.0018478992734235094	No data	No data	No data	No data	No data	No data	No data	No data	No data
GSTA4	0.0073915970936940375	No data	No data	No data	No data	No data	No data	No data	No data	No data
PLVAP	0.0023244779442369804	No data	No data	No data	No data	No data	No data	No data	No data	No data
CARMIL2	0.004866134753348573	No data	No data	No data	No data	No data	No data	No data	No data	No data
ORMDL3	0.011287584728495267	No data	No data	No data	No data	No data	No data	No data	No data	No data
TDH	0.0036957985468470188	No data	No data	No data	No data	No data	No data	No data	No data	No data
PLAT	0.0012623915776722146	No data	No data	No data	No data	No data	No data	No data	No data	No data
TF	0.009440836700998552	No data	No data	No data	No data	No data	No data	No data	No data	No data
ADAM9	0.0014783194187388072	No data	No data	No data	No data	No data	No data	No data	No data	No data
RLN1	0.009724672587461961	No data	No data	No data	No data	No data	No data	No data	No data	No data
LPA	0.0014783194187388072	No data	No data	No data	No data	No data	No data	No data	No data	No data
CYP4F8	0.002078584222241524	No data	No data	No data	No data	No data	No data	No data	No data	No data
STAT2	0.024022690554505618	No data	No data	No data	No data	No data	No data	No data	No data	No data
POLR3G	0.0033303530106282174	No data	No data	No data	No data	No data	No data	No data	No data	No data
ACAP1	0.0023373984552103547	No data	No data	No data	No data	No data	No data	No data	No data	No data
ELANE	0.005164055327332332	No data	No data	No data	No data	No data	No data	No data	No data	No data
F2RL1	0.021621264565145546	No data	No data	No data	No data	No data	No data	No data	No data	No data
AVP	0.01420829219121187	No data	No data	No data	No data	No data	No data	No data	No data	No data
SH2D2A	0.002762749857683312	No data	No data	No data	No data	No data	No data	No data	No data	No data
RETREG1	0.004699543521825993	No data	No data	No data	No data	No data	No data	No data	No data	No data
DOCK8	0.030582455148187786	No data	No data	No data	No data	No data	No data	No data	No data	No data
HSD17B2	0.0013970019709269906	No data	No data	No data	No data	No data	No data	No data	No data	No data
NLRP1	0.00989343481702462	No data	No data	No data	No data	No data	No data	No data	No data	No data
LTA	0.009847865872356861	No data	No data	No data	No data	No data	No data	No data	No data	No data
NR1I2	0.018361317136769393	No data	No data	No data	No data	No data	No data	No data	No data	No data
PCDHB10	0.003571181222513693	No data	No data	No data	No data	No data	No data	No data	No data	No data
HRH2	0.261140024263279	No data	No data	No data	No data	No data	No data	No data	No data	No data
BTK	0.07428555079162506	No data	No data	No data	No data	No data	No data	No data	No data	No data
CRY1	0.0014783194187388072	No data	No data	No data	No data	No data	No data	No data	No data	No data
CALHM3	0.011572571860885469	No data	No data	No data	No data	No data	No data	No data	No data	No data
EBF1	0.0013203568206614272	No data	No data	No data	No data	No data	No data	No data	No data	No data
SLAMF7	0.011183052079149975	No data	No data	No data	No data	No data	No data	No data	No data	No data
NCKAP1	0.0073915970936940375	No data	No data	No data	No data	No data	No data	No data	No data	No data
TFDP1	0.002751316695986113	No data	No data	No data	No data	No data	No data	No data	No data	No data
SAA1	0.0038959876348012316	No data	No data	No data	No data	No data	No data	No data	No data	No data
METTL9	0.0014783194187388072	No data	No data	No data	No data	No data	No data	No data	No data	No data
MMP9	0.012093952054888503	No data	No data	No data	No data	No data	No data	No data	No data	No data
NKX2-5	0.0022174791281082107	No data	No data	No data	No data	No data	No data	No data	No data	No data
PRR15L	0.0016080463638597246	No data	No data	No data	No data	No data	No data	No data	No data	No data
TOP2A	0.006544126897306366	No data	No data	No data	No data	No data	No data	No data	No data	No data
ANXA9	0.0030497813852703526	No data	No data	No data	No data	No data	No data	No data	No data	No data
SRPRA	0.003326218692162316	No data	No data	No data	No data	No data	No data	No data	No data	No data
SLC6A4	0.047121431472299476	No data	No data	No data	No data	No data	No data	No data	No data	No data
CCDC6	0.0022174791281082107	No data	No data	No data	No data	No data	No data	No data	No data	No data
PTGDR	0.008599905325628163	No data	No data	No data	No data	No data	No data	No data	No data	No data
DHCR7	0.001775045708782509	No data	No data	No data	No data	No data	No data	No data	No data	No data
MPZL2	0.004062500615658899	No data	No data	No data	No data	No data	No data	No data	No data	No data
TCEAL7	0.002777667702690797	No data	No data	No data	No data	No data	No data	No data	No data	No data
MT1IP	0.0014783194187388072	No data	No data	No data	No data	No data	No data	No data	No data	No data
TAB3	0.0073915970936940375	No data	No data	No data	No data	No data	No data	No data	No data	No data
CD1A	0.020389901700929945	No data	No data	No data	No data	No data	No data	No data	No data	No data
TNFSF12	0.01472363819561218	No data	No data	No data	No data	No data	No data	No data	No data	No data
IKZF3	0.0014783194187388072	No data	No data	No data	No data	No data	No data	No data	No data	No data
KLF5	0.0051741179655858255	No data	No data	No data	No data	No data	No data	No data	No data	No data
MRGPRX2	0.022668436709346235	No data	No data	No data	No data	No data	No data	No data	No data	No data
SLC35A1	0.0014783194187388072	No data	No data	No data	No data	No data	No data	No data	No data	No data
HRH3	0.0044144260420672715	No data	No data	No data	No data	No data	No data	No data	No data	No data
KRT86	0.0012615172039738757	No data	No data	No data	No data	No data	No data	No data	No data	No data
NGFR	0.010502227537290276	No data	No data	No data	No data	No data	No data	No data	No data	No data
PDE4D	0.5850205305872989	No data	No data	No data	No data	No data	No data	No data	No data	No data
PLAC9	0.0035241249500640786	No data	No data	No data	No data	No data	No data	No data	No data	No data
C5	0.010237977941190713	No data	No data	No data	No data	No data	No data	No data	No data	No data
B3GAT1	0.009588544007653096	No data	No data	No data	No data	No data	No data	No data	No data	No data
IDO1	0.017331857929722073	No data	No data	No data	No data	No data	No data	No data	No data	No data
SMOC1	0.002771848910135263	No data	No data	No data	No data	No data	No data	No data	No data	No data
DIRAS3	0.002822582153790663	No data	No data	No data	No data	No data	No data	No data	No data	No data
ADA	0.0035110086195046675	No data	No data	No data	No data	No data	No data	No data	No data	No data
CEACAM1	0.0022174791281082107	No data	No data	No data	No data	No data	No data	No data	No data	No data
DEGS2	0.011087395640541052	No data	No data	No data	No data	No data	No data	No data	No data	No data
RENBP	0.0018478992734235094	No data	No data	No data	No data	No data	No data	No data	No data	No data
ITGA1	0.0044349582562164215	No data	No data	No data	No data	No data	No data	No data	No data	No data
PTEN	0.015337563969415128	No data	No data	No data	No data	No data	No data	No data	No data	No data
PAOX	0.0030783157820113553	No data	No data	No data	No data	No data	No data	No data	No data	No data
NXF1	0.0099581238623378	No data	No data	No data	No data	No data	No data	No data	No data	No data
ALKAL2	0.0021693957535461566	No data	No data	No data	No data	No data	No data	No data	No data	No data
AOC1	0.020943222036365616	No data	No data	No data	No data	No data	No data	No data	No data	No data
FOS	0.015484144224827044	No data	No data	No data	No data	No data	No data	No data	No data	No data
CAPG	0.0022174791281082107	No data	No data	No data	No data	No data	No data	No data	No data	No data
MBP	0.011103272722192012	No data	No data	No data	No data	No data	No data	No data	No data	No data
SERPINB12	0.0073915970936940375	No data	No data	No data	No data	No data	No data	No data	No data	No data
ACP3	0.0073915970936940375	No data	No data	No data	No data	No data	No data	No data	No data	No data
GABRA1	0.051458861711307424	No data	No data	No data	No data	No data	No data	No data	No data	No data
SETDB2	0.0022174791281082107	No data	No data	No data	No data	No data	No data	No data	No data	No data
CD28	0.01961483482096607	No data	No data	No data	No data	No data	No data	No data	No data	No data
MAGI2-AS3	0.002772654079690234	No data	No data	No data	No data	No data	No data	No data	No data	No data
REN	0.0018478992734235094	No data	No data	No data	No data	No data	No data	No data	No data	No data
TP53	0.010695628423831913	No data	No data	No data	No data	No data	No data	No data	No data	No data
AADACL2	0.00291998660632682	No data	No data	No data	No data	No data	No data	No data	No data	No data
CNTN1	0.005429213440681654	No data	No data	No data	No data	No data	No data	No data	No data	No data
CIDEC	0.0023442879007633953	No data	No data	No data	No data	No data	No data	No data	No data	No data
PGLYRP3	0.07444980850481825	No data	No data	No data	No data	No data	No data	No data	No data	No data
INA	0.0022266053343240034	No data	No data	No data	No data	No data	No data	No data	No data	No data
MME	0.017994021836032166	No data	No data	No data	No data	No data	No data	No data	No data	No data
APOC1	0.012421934325504376	No data	No data	No data	No data	No data	No data	No data	No data	No data
LARS1	0.0029566388374776143	No data	No data	No data	No data	No data	No data	No data	No data	No data
DSEL	0.003433629871027761	No data	No data	No data	No data	No data	No data	No data	No data	No data
CKAP2L	0.0021744520481968292	No data	No data	No data	No data	No data	No data	No data	No data	No data
NHLH2	0.002214183134966085	No data	No data	No data	No data	No data	No data	No data	No data	No data
COPS7A	0.0018478992734235094	No data	No data	No data	No data	No data	No data	No data	No data	No data
HSPG2	0.0014783194187388072	No data	No data	No data	No data	No data	No data	No data	No data	No data
CRH	0.01362618121731841	No data	No data	No data	No data	No data	No data	No data	No data	No data
PGLYRP4	0.053845731606146134	No data	No data	No data	No data	No data	No data	No data	No data	No data
CCN6	0.011540806729949693	No data	No data	No data	No data	No data	No data	No data	No data	No data
CHRM3	0.3695798546847018	No data	No data	No data	No data	No data	No data	No data	No data	No data
COMTD1	0.003274125668378852	No data	No data	No data	No data	No data	No data	No data	No data	No data
KRTAP4-3	0.003091693224875991	No data	No data	No data	No data	No data	No data	No data	No data	No data
CAMK2G	0.0014783194187388072	No data	No data	No data	No data	No data	No data	No data	No data	No data
IFNA2	0.008784695252970515	No data	No data	No data	No data	No data	No data	No data	No data	No data
S1PR1	0.0804843802348596	No data	No data	No data	No data	No data	No data	No data	No data	No data
AGXT	0.009361034504137158	No data	No data	No data	No data	No data	No data	No data	No data	No data
PLA2G6	0.0018478992734235094	No data	No data	No data	No data	No data	No data	No data	No data	No data
CRISP3	0.0016513607418884454	No data	No data	No data	No data	No data	No data	No data	No data	No data
SOX7	0.0036957985468470188	No data	No data	No data	No data	No data	No data	No data	No data	No data
DAPK1	0.0022174791281082107	No data	No data	No data	No data	No data	No data	No data	No data	No data
PGM2	0.0018864915698550042	No data	No data	No data	No data	No data	No data	No data	No data	No data
FIBIN	0.007834642535275143	No data	No data	No data	No data	No data	No data	No data	No data	No data
AREG	0.007895063384876642	No data	No data	No data	No data	No data	No data	No data	No data	No data
GRAP2	0.004765514333274382	No data	No data	No data	No data	No data	No data	No data	No data	No data
NFATC2IP	0.0073915970936940375	No data	No data	No data	No data	No data	No data	No data	No data	No data
SLC14A1	0.001211688521099	No data	No data	No data	No data	No data	No data	No data	No data	No data
NAP1L1	0.0073915970936940375	No data	No data	No data	No data	No data	No data	No data	No data	No data
GABRA2	0.051458861711307424	No data	No data	No data	No data	No data	No data	No data	No data	No data
HMMR	0.007050049019638204	No data	No data	No data	No data	No data	No data	No data	No data	No data
SETD2	0.0036957985468470188	No data	No data	No data	No data	No data	No data	No data	No data	No data
SOCS2	0.004588949862335047	No data	No data	No data	No data	No data	No data	No data	No data	No data
GSDMA	0.04846300634480494	No data	No data	No data	No data	No data	No data	No data	No data	No data
HOMER1	0.0032387890897538096	No data	No data	No data	No data	No data	No data	No data	No data	No data
CCN5	0.009850443726955031	No data	No data	No data	No data	No data	No data	No data	No data	No data
NEK1	0.0014783194187388072	No data	No data	No data	No data	No data	No data	No data	No data	No data
SDCBP2	0.010362106447123315	No data	No data	No data	No data	No data	No data	No data	No data	No data
DTL	0.003226070769012199	No data	No data	No data	No data	No data	No data	No data	No data	No data
PARP14	0.009479111127847637	No data	No data	No data	No data	No data	No data	No data	No data	No data
S100A14	0.008869916512432843	No data	No data	No data	No data	No data	No data	No data	No data	No data
HPS1	0.0014783194187388072	No data	No data	No data	No data	No data	No data	No data	No data	No data
DDR2	0.0023615138617239235	No data	No data	No data	No data	No data	No data	No data	No data	No data
HRH4	0.07929660716731339	No data	No data	No data	No data	No data	No data	No data	No data	No data
OSM	0.00979077374627887	No data	No data	No data	No data	No data	No data	No data	No data	No data
TRAF3IP2	0.004229636114724921	No data	No data	No data	No data	No data	No data	No data	No data	No data
PTTG1	0.005632984507420663	No data	No data	No data	No data	No data	No data	No data	No data	No data
NLRP3	0.024234386832837365	No data	No data	No data	No data	No data	No data	No data	No data	No data
C4B	0.007048160427734869	No data	No data	No data	No data	No data	No data	No data	No data	No data
PRKCQ-AS1	0.0017548261453413884	No data	No data	No data	No data	No data	No data	No data	No data	No data
MRAP	0.0011432262073223377	No data	No data	No data	No data	No data	No data	No data	No data	No data
CEACAM6	0.0010443772692187694	No data	No data	No data	No data	No data	No data	No data	No data	No data
PSMD14	0.0022174791281082107	No data	No data	No data	No data	No data	No data	No data	No data	No data
COX8A	0.004804538110901123	No data	No data	No data	No data	No data	No data	No data	No data	No data
CACYBP	0.0014783194187388072	No data	No data	No data	No data	No data	No data	No data	No data	No data
CASZ1	0.0025870589827929123	No data	No data	No data	No data	No data	No data	No data	No data	No data
FAR2	0.0023868282965135035	No data	No data	No data	No data	No data	No data	No data	No data	No data
SUPT16H	0.0031488864198606077	No data	No data	No data	No data	No data	No data	No data	No data	No data
LYPLAL1	0.0022174791281082107	No data	No data	No data	No data	No data	No data	No data	No data	No data
IL31RA	0.367099441090954	No data	No data	No data	No data	No data	No data	No data	No data	No data
EXOSC10	0.0029566388374776143	No data	No data	No data	No data	No data	No data	No data	No data	No data
SST	0.00406537840153172	No data	No data	No data	No data	No data	No data	No data	No data	No data
SHH	0.0022174791281082107	No data	No data	No data	No data	No data	No data	No data	No data	No data
ERAL1	0.0022174791281082107	No data	No data	No data	No data	No data	No data	No data	No data	No data
DYNC2I2	0.0026325185285522574	No data	No data	No data	No data	No data	No data	No data	No data	No data
CH25H	0.0036261297783074624	No data	No data	No data	No data	No data	No data	No data	No data	No data
GZMK	0.004681344826006223	No data	No data	No data	No data	No data	No data	No data	No data	No data
ALDH16A1	0.0046563740997982404	No data	No data	No data	No data	No data	No data	No data	No data	No data
HLX	0.0073915970936940375	No data	No data	No data	No data	No data	No data	No data	No data	No data
ABHD12B	0.011526783645392384	No data	No data	No data	No data	No data	No data	No data	No data	No data
CYP19A1	0.0029566388374776143	No data	No data	No data	No data	No data	No data	No data	No data	No data
ICAM1	0.04740853841890735	No data	No data	No data	No data	No data	No data	No data	No data	No data
LYZ	0.00301436325512848	No data	No data	No data	No data	No data	No data	No data	No data	No data
PSORS1C2	0.0144184643864612	No data	No data	No data	No data	No data	No data	No data	No data	No data
FCGR2B	0.0014783194187388072	No data	No data	No data	No data	No data	No data	No data	No data	No data
COTL1	0.0014783194187388072	No data	No data	No data	No data	No data	No data	No data	No data	No data
OXER1	0.0036957985468470188	No data	No data	No data	No data	No data	No data	No data	No data	No data
SECTM1	0.004064977721558405	No data	No data	No data	No data	No data	No data	No data	No data	No data
SEMA4A	0.0044349582562164215	No data	No data	No data	No data	No data	No data	No data	No data	No data
YBX2	0.0016761441801393532	No data	No data	No data	No data	No data	No data	No data	No data	No data
FOXD1	0.004162646704494102	No data	No data	No data	No data	No data	No data	No data	No data	No data
RECK	0.006032493860666879	No data	No data	No data	No data	No data	No data	No data	No data	No data
CA3	0.009609076221802246	No data	No data	No data	No data	No data	No data	No data	No data	No data
DNASE1L2	0.0025659221151983934	No data	No data	No data	No data	No data	No data	No data	No data	No data
FUT4	0.0014783194187388072	No data	No data	No data	No data	No data	No data	No data	No data	No data
IGDCC4	0.0041644579692804535	No data	No data	No data	No data	No data	No data	No data	No data	No data
OPRM1	0.08785785450688116	No data	No data	No data	No data	No data	No data	No data	No data	No data
CORO2B	0.0031943591856467843	No data	No data	No data	No data	No data	No data	No data	No data	No data
CD47	0.009889214989341763	No data	No data	No data	No data	No data	No data	No data	No data	No data
GPR34	0.00167199431222254	No data	No data	No data	No data	No data	No data	No data	No data	No data
AADAC	0.0015924401890596875	No data	No data	No data	No data	No data	No data	No data	No data	No data
NMBR	0.0014783194187388072	No data	No data	No data	No data	No data	No data	No data	No data	No data
HDAC3	0.009883797247117874	No data	No data	No data	No data	No data	No data	No data	No data	No data
GEN1	0.003700076740095693	No data	No data	No data	No data	No data	No data	No data	No data	No data
HBD	0.014567605938821997	No data	No data	No data	No data	No data	No data	No data	No data	No data
TRAK2	0.0051741179655858255	No data	No data	No data	No data	No data	No data	No data	No data	No data
CSF1	0.0014783194187388072	No data	No data	No data	No data	No data	No data	No data	No data	No data
HAO2	0.0019053483979641482	No data	No data	No data	No data	No data	No data	No data	No data	No data
CTRL	0.0014783194187388072	No data	No data	No data	No data	No data	No data	No data	No data	No data
CST12P	0.0014783194187388072	No data	No data	No data	No data	No data	No data	No data	No data	No data
PSMB9	0.004989328038243475	No data	No data	No data	No data	No data	No data	No data	No data	No data
CNR1	0.031074034323872204	No data	No data	No data	No data	No data	No data	No data	No data	No data
PDZRN3	0.0033446589165466102	No data	No data	No data	No data	No data	No data	No data	No data	No data
TFF3	0.014783194187388075	No data	No data	No data	No data	No data	No data	No data	No data	No data
FHL1	0.004223170862097009	No data	No data	No data	No data	No data	No data	No data	No data	No data
KIF18A	0.003941066045320546	No data	No data	No data	No data	No data	No data	No data	No data	No data
TGFB1	0.03447748241648944	No data	No data	No data	No data	No data	No data	No data	No data	No data
CDC42	0.020696471862343302	No data	No data	No data	No data	No data	No data	No data	No data	No data
MARK2	0.0022896385804509747	No data	No data	No data	No data	No data	No data	No data	No data	No data
CBLL2	0.0073915970936940375	No data	No data	No data	No data	No data	No data	No data	No data	No data
ATP4A	0.04889746799620096	No data	No data	No data	No data	No data	No data	No data	No data	No data
MRGPRX1	0.0036957985468470188	No data	No data	No data	No data	No data	No data	No data	No data	No data
KRTAP4-1	0.0032773177524874756	No data	No data	No data	No data	No data	No data	No data	No data	No data
CDC7	0.005270880205921379	No data	No data	No data	No data	No data	No data	No data	No data	No data
PGRMC2	0.006461008049755217	No data	No data	No data	No data	No data	No data	No data	No data	No data
CD274	0.00426662925475316	No data	No data	No data	No data	No data	No data	No data	No data	No data
ECRG4	0.0015676296367389145	No data	No data	No data	No data	No data	No data	No data	No data	No data
LANCL1	0.002843711659657289	No data	No data	No data	No data	No data	No data	No data	No data	No data
RNF19A	0.004765514333274382	No data	No data	No data	No data	No data	No data	No data	No data	No data
PSMD2	0.0014783194187388072	No data	No data	No data	No data	No data	No data	No data	No data	No data
STC2	0.0014783194187388072	No data	No data	No data	No data	No data	No data	No data	No data	No data
CRYAB	0.003283606207205885	No data	No data	No data	No data	No data	No data	No data	No data	No data
DNMT1	0.011703362065015557	No data	No data	No data	No data	No data	No data	No data	No data	No data
FGL2	0.001299606310504072	No data	No data	No data	No data	No data	No data	No data	No data	No data
SOX6	0.0014783194187388072	No data	No data	No data	No data	No data	No data	No data	No data	No data
MT1H	0.0014783194187388072	No data	No data	No data	No data	No data	No data	No data	No data	No data
PPL	0.0014783194187388072	No data	No data	No data	No data	No data	No data	No data	No data	No data
VIT	0.002879515382003765	No data	No data	No data	No data	No data	No data	No data	No data	No data
TGM1	0.007853712991089657	No data	No data	No data	No data	No data	No data	No data	No data	No data
FOXP3	0.050497547461343294	No data	No data	No data	No data	No data	No data	No data	No data	No data
PPP2R3B	0.0035237802430152262	No data	No data	No data	No data	No data	No data	No data	No data	No data
NGF	0.048829861804182764	No data	No data	No data	No data	No data	No data	No data	No data	No data
KIF2A	0.0014783194187388072	No data	No data	No data	No data	No data	No data	No data	No data	No data
SCGB2A1	0.003207523552892527	No data	No data	No data	No data	No data	No data	No data	No data	No data
PLP1	0.0018444106568142249	No data	No data	No data	No data	No data	No data	No data	No data	No data
MAP2K3	0.0014783194187388072	No data	No data	No data	No data	No data	No data	No data	No data	No data
MT1A	0.0014783194187388072	No data	No data	No data	No data	No data	No data	No data	No data	No data
EDNRA	0.003128698792047492	No data	No data	No data	No data	No data	No data	No data	No data	No data
FABP2	0.022806156866168478	No data	No data	No data	No data	No data	No data	No data	No data	No data
MRGPRD	0.00201215698661671	No data	No data	No data	No data	No data	No data	No data	No data	No data
IL12RB2	0.00275842422495601	No data	No data	No data	No data	No data	No data	No data	No data	No data
KIR2DS1	0.01006078493308355	No data	No data	No data	No data	No data	No data	No data	No data	No data
KCNK5	0.0014678862024398497	No data	No data	No data	No data	No data	No data	No data	No data	No data
THRSP	0.00993537620554034	No data	No data	No data	No data	No data	No data	No data	No data	No data
CR1	0.010533025858514001	No data	No data	No data	No data	No data	No data	No data	No data	No data
RHBDL2	0.0022174791281082107	No data	No data	No data	No data	No data	No data	No data	No data	No data
FFAR2	0.04693664154495713	No data	No data	No data	No data	No data	No data	No data	No data	No data
AZGP1	0.008202619552585465	No data	No data	No data	No data	No data	No data	No data	No data	No data
HNRNPC	0.0014783194187388072	No data	No data	No data	No data	No data	No data	No data	No data	No data
LTB	0.003654608390913814	No data	No data	No data	No data	No data	No data	No data	No data	No data
TACR1	0.34296814595309005	No data	No data	No data	No data	No data	No data	No data	No data	No data
E2F8	0.0033638119584484894	No data	No data	No data	No data	No data	No data	No data	No data	No data
PDYN	0.008500336657748143	No data	No data	No data	No data	No data	No data	No data	No data	No data
SELENOP	0.002378501292061783	No data	No data	No data	No data	No data	No data	No data	No data	No data
SH2D5	0.0010975521459656375	No data	No data	No data	No data	No data	No data	No data	No data	No data
PCLAF	0.013845984698685646	No data	No data	No data	No data	No data	No data	No data	No data	No data
PSAP	0.012345157409631677	No data	No data	No data	No data	No data	No data	No data	No data	No data
SCGB1D2	0.0012703241469873695	No data	No data	No data	No data	No data	No data	No data	No data	No data
PACSIN3	0.003319368995870853	No data	No data	No data	No data	No data	No data	No data	No data	No data
FMO5	0.0073915970936940375	No data	No data	No data	No data	No data	No data	No data	No data	No data
PDK4	0.0020414163243893052	No data	No data	No data	No data	No data	No data	No data	No data	No data
USO1	0.0099581238623378	No data	No data	No data	No data	No data	No data	No data	No data	No data
ITGA4	0.0022174791281082107	No data	No data	No data	No data	No data	No data	No data	No data	No data
KRTAP4-2	0.0021178116475910605	No data	No data	No data	No data	No data	No data	No data	No data	No data
SP1	0.008849384298283695	No data	No data	No data	No data	No data	No data	No data	No data	No data
RP9	0.0014783194187388072	No data	No data	No data	No data	No data	No data	No data	No data	No data
VPS9D1	0.002583476230954964	No data	No data	No data	No data	No data	No data	No data	No data	No data
ANP32B	0.01312788708268359	No data	No data	No data	No data	No data	No data	No data	No data	No data
LGALS9	0.03348951608113522	No data	No data	No data	No data	No data	No data	No data	No data	No data
GALNT15	0.0020422537887205927	No data	No data	No data	No data	No data	No data	No data	No data	No data
DYRK1A	0.00813075680306344	No data	No data	No data	No data	No data	No data	No data	No data	No data
JAG1	0.0036957985468470188	No data	No data	No data	No data	No data	No data	No data	No data	No data
TRPV3	0.03795219442056677	No data	No data	No data	No data	No data	No data	No data	No data	No data
NAPSA	0.0073915970936940375	No data	No data	No data	No data	No data	No data	No data	No data	No data
STAT5B	0.011093460689955783	No data	No data	No data	No data	No data	No data	No data	No data	No data
KLK14	0.0022174791281082107	No data	No data	No data	No data	No data	No data	No data	No data	No data
CD19	0.024551074514890636	No data	No data	No data	No data	No data	No data	No data	No data	No data
TBXA2R	0.0014783194187388072	No data	No data	No data	No data	No data	No data	No data	No data	No data
LGALS1	0.01033304209270128	No data	No data	No data	No data	No data	No data	No data	No data	No data
PODXL	0.025131430118559724	No data	No data	No data	No data	No data	No data	No data	No data	No data
KCNH8	0.0073915970936940375	No data	No data	No data	No data	No data	No data	No data	No data	No data
ADRA2A	0.03695798546847018	No data	No data	No data	No data	No data	No data	No data	No data	No data
COX5A	0.004804538110901123	No data	No data	No data	No data	No data	No data	No data	No data	No data
SCYL1	0.0014783194187388072	No data	No data	No data	No data	No data	No data	No data	No data	No data
CERS4	0.008685126585090493	No data	No data	No data	No data	No data	No data	No data	No data	No data
CDKN1A	0.005523165606121377	No data	No data	No data	No data	No data	No data	No data	No data	No data
PSIP1	0.018009962929768072	No data	No data	No data	No data	No data	No data	No data	No data	No data
ACR	0.0036957985468470188	No data	No data	No data	No data	No data	No data	No data	No data	No data
HTR7	0.002751316695986113	No data	No data	No data	No data	No data	No data	No data	No data	No data
CXCL2	0.020544465542100494	No data	No data	No data	No data	No data	No data	No data	No data	No data
H3P16	0.0014783194187388072	No data	No data	No data	No data	No data	No data	No data	No data	No data
IGHE	0.12190620213067929	No data	No data	No data	No data	No data	No data	No data	No data	No data
CBLN1	0.012318802613392976	No data	No data	No data	No data	No data	No data	No data	No data	No data
IL19	0.0435970909918967	No data	No data	No data	No data	No data	No data	No data	No data	No data
IL17D	0.006169286072989629	No data	No data	No data	No data	No data	No data	No data	No data	No data
TNFSF15	0.0022174791281082107	No data	No data	No data	No data	No data	No data	No data	No data	No data
GBA1	0.0022174791281082107	No data	No data	No data	No data	No data	No data	No data	No data	No data
HLA-C	0.004660286735759987	No data	No data	No data	No data	No data	No data	No data	No data	No data
HLF	0.00421174502469998	No data	No data	No data	No data	No data	No data	No data	No data	No data
G6PD	0.009016311199316283	No data	No data	No data	No data	No data	No data	No data	No data	No data
CILK1	0.0014783194187388072	No data	No data	No data	No data	No data	No data	No data	No data	No data
ERV3-1	0.0014783194187388072	No data	No data	No data	No data	No data	No data	No data	No data	No data
CCL26	0.07722820599330606	No data	No data	No data	No data	No data	No data	No data	No data	No data
NHERF1	0.0014783194187388072	No data	No data	No data	No data	No data	No data	No data	No data	No data
PRRG3	0.005552428763321479	No data	No data	No data	No data	No data	No data	No data	No data	No data
MAPK1	0.011217281112474482	No data	No data	No data	No data	No data	No data	No data	No data	No data
SMPD1	0.003326218692162316	No data	No data	No data	No data	No data	No data	No data	No data	No data
RAP1B	0.0029566388374776143	No data	No data	No data	No data	No data	No data	No data	No data	No data
CD69	0.0051969078257934065	No data	No data	No data	No data	No data	No data	No data	No data	No data
ENSG00000290929	0.0073915970936940375	No data	No data	No data	No data	No data	No data	No data	No data	No data
C16orf54	0.0010486586270345977	No data	No data	No data	No data	No data	No data	No data	No data	No data
SLCO2A1	0.0014783194187388072	No data	No data	No data	No data	No data	No data	No data	No data	No data
NDC80	0.01055835574539534	No data	No data	No data	No data	No data	No data	No data	No data	No data
ENSG00000268362	0.0019703715512352183	No data	No data	No data	No data	No data	No data	No data	No data	No data
CLEC6A	0.0014783194187388072	No data	No data	No data	No data	No data	No data	No data	No data	No data
SHOC1	0.003955071697719718	No data	No data	No data	No data	No data	No data	No data	No data	No data
IL9	0.02318344379459341	No data	No data	No data	No data	No data	No data	No data	No data	No data
TNIP2	0.0035586105116911662	No data	No data	No data	No data	No data	No data	No data	No data	No data
ADGRD1	0.007408331417432765	No data	No data	No data	No data	No data	No data	No data	No data	No data
IL25	0.023046999654838803	No data	No data	No data	No data	No data	No data	No data	No data	No data
LRFN5	0.007588152160954005	No data	No data	No data	No data	No data	No data	No data	No data	No data
KRTAP3-1	0.0024301803539647916	No data	No data	No data	No data	No data	No data	No data	No data	No data
CCL14	0.0029566388374776143	No data	No data	No data	No data	No data	No data	No data	No data	No data
H2AX	0.009597976541807671	No data	No data	No data	No data	No data	No data	No data	No data	No data
PADI1	0.0025409267351094575	No data	No data	No data	No data	No data	No data	No data	No data	No data
RAB11FIP1	0.002948526887678884	No data	No data	No data	No data	No data	No data	No data	No data	No data
SLC38A5	0.0056804634963682505	No data	No data	No data	No data	No data	No data	No data	No data	No data
PTGFR	0.004364050190702073	No data	No data	No data	No data	No data	No data	No data	No data	No data
ALK	0.0073915970936940375	No data	No data	No data	No data	No data	No data	No data	No data	No data
FAM83A	0.0016963679822610453	No data	No data	No data	No data	No data	No data	No data	No data	No data
COL8A1	0.007761176948378739	No data	No data	No data	No data	No data	No data	No data	No data	No data
ANGPT1	0.0014783194187388072	No data	No data	No data	No data	No data	No data	No data	No data	No data
GDF10	0.0021883999366026754	No data	No data	No data	No data	No data	No data	No data	No data	No data
TMEM255A	0.009966552390179875	No data	No data	No data	No data	No data	No data	No data	No data	No data
IRF9	0.0014783194187388072	No data	No data	No data	No data	No data	No data	No data	No data	No data
PDE3B	0.002751316695986113	No data	No data	No data	No data	No data	No data	No data	No data	No data
CHMP4C	0.0038236035150953735	No data	No data	No data	No data	No data	No data	No data	No data	No data
TFAP2A	0.0036957985468470188	No data	No data	No data	No data	No data	No data	No data	No data	No data
MAP3K5	0.0073915970936940375	No data	No data	No data	No data	No data	No data	No data	No data	No data
RIGI	0.0036957985468470188	No data	No data	No data	No data	No data	No data	No data	No data	No data
COLEC12	0.002889779736035903	No data	No data	No data	No data	No data	No data	No data	No data	No data
FUT1	0.009003375904402318	No data	No data	No data	No data	No data	No data	No data	No data	No data
ANPEP	0.005532769627266967	No data	No data	No data	No data	No data	No data	No data	No data	No data
KIF4A	0.006604764879831444	No data	No data	No data	No data	No data	No data	No data	No data	No data
LMNB2	0.003468534215231514	No data	No data	No data	No data	No data	No data	No data	No data	No data
PRDM1	0.0014783194187388072	No data	No data	No data	No data	No data	No data	No data	No data	No data
GBA3	0.003326218692162316	No data	No data	No data	No data	No data	No data	No data	No data	No data
PURA	0.012565715059279862	No data	No data	No data	No data	No data	No data	No data	No data	No data
JAZF1	0.0026284874376780436	No data	No data	No data	No data	No data	No data	No data	No data	No data
STAT5A	0.010766442597513809	No data	No data	No data	No data	No data	No data	No data	No data	No data
CILP	0.004472523884250125	No data	No data	No data	No data	No data	No data	No data	No data	No data
CX3CR1	0.013492094025813481	No data	No data	No data	No data	No data	No data	No data	No data	No data
ADAM33	0.02552934442877025	No data	No data	No data	No data	No data	No data	No data	No data	No data
AGTR1	0.011421978962505573	No data	No data	No data	No data	No data	No data	No data	No data	No data
NCAM1	0.0052357146080332755	No data	No data	No data	No data	No data	No data	No data	No data	No data
ADAMDEC1	0.0012315570417818595	No data	No data	No data	No data	No data	No data	No data	No data	No data
RHOBTB3	0.005338995820186233	No data	No data	No data	No data	No data	No data	No data	No data	No data
LGR4	0.03322522893615469	No data	No data	No data	No data	No data	No data	No data	No data	No data
ABCA4	0.0073915970936940375	No data	No data	No data	No data	No data	No data	No data	No data	No data
PAM	0.002399955804416268	No data	No data	No data	No data	No data	No data	No data	No data	No data
SERPINB9	0.0036354539055130247	No data	No data	No data	No data	No data	No data	No data	No data	No data
IKZF4	0.0022174791281082107	No data	No data	No data	No data	No data	No data	No data	No data	No data