cell_id,group
aaadeghj-1,KC3
aaakongo-1,KC3
aaamcmkk-1,KC3
aaanpcon-1,KC
aabableo-1,KC3
aabbbllj-1,KC
aabbkaih-1,KC1-2_cycling
aabdfjkb-1,KC1
aabpombj-1,KC3
aacekjld-1,KC1
aachjpbf-1,KC1
aaclfemo-1,KC3
aadcldjb-1,KC3
aadgebmb-1,KC3
aadplkpi-1,KC1
aaecagnd-1,KC3
aaedhojg-1,KC3
aaeianpn-1,KC3
aaenchig-1,KC
aaenikna-1,KC3
aaepgblf-1,KC5
aaffgdhm-1,KC5
aaffmepk-1,KC3
aaflepja-1,KC
aafpenda-1,KC5
aagcmkgf-1,KC3
aagfkplo-1,KC
aaggkhei-1,KC3
aagjfpfk-1,KC3
aagojgaj-1,KC3
aahbbgdi-1,KC1
aaheaikg-1,KC1-2_cycling
aahfndgp-1,KC1
aahhbejd-1,KC1
aahjilpa-1,KC1
aahkdbgh-1,KC1
aahkomji-1,KC1
aaiciolp-1,KC5
aaidphbc-1,KC3
aaifndib-1,KC3
aaigbedl-1,KC3
aaiggail-1,KC5
aaihekff-1,KC3
aaiimknl-1,KC3
aaiinkgm-1,KC1
aailkick-1,KC3
aainaahm-1,KC3
aainajoo-1,KC3
aaipjchf-1,KC3
aajadhbg-1,KC3
aajdlcgi-1,KC3
aajgebap-1,KC3
aajohbmp-1,KC3
aakfhejg-1,KC3
aaknllfh-1,KC3
aakojfco-1,KC3
aakonanm-1,KC3
aaldekej-1,KC3
aalfhdke-1,KC3
aalkcfbo-1,KC1
aaloknjb-1,KC3
aalpkcko-1,KC1
aalponco-1,KC1
aamdajnn-1,KC1
aamenhag-1,KC3
aamffdkm-1,KC3
aamlhpha-1,KC3
aanadknp-1,KC3
aanaflgk-1,KC3
aancdaon-1,KC3
aandibcg-1,KC3
aanijeni-1,KC3
aanjndjb-1,KC3
aaobldia-1,KC
aaocmdhe-1,KC3
aaolajdb-1,KC3
aaoplnih-1,KC3
aapadmkh-1,KC3
aapeckgm-1,KC3
aapgfcmf-1,KC3
aapigmkk-1,KC
aapkbdjh-1,KC5
aapldkeo-1,KC3
aapldnjf-1,KC3
aappjfhp-1,KC3
abafnlgb-1,KC3
abainech-1,KC3
abaklnha-1,KC3
abamophn-1,KC3
abbaelij-1,KC3
abbgmhpm-1,KC3
abbpkfpa-1,KC3
abcelnip-1,KC3
abchdnbf-1,KC3
abdebaok-1,KC3
abdgojfj-1,KC3
abdhmdnh-1,KC3
abdhmeab-1,KC3
abdjpdgp-1,KC3
abednbjk-1,KC3
abeemnba-1,KC3
abejnlfe-1,KC3
abeoannd-1,KC3
abepeogk-1,KC5
abfdcpik-1,KC3
abfdpdhm-1,KC3
abfebmoh-1,KC3
abfefnde-1,KC
abffaioc-1,KC3
abffbmln-1,KC
abfjmigi-1,KC1
abfkkagp-1,KC3
abfnmlpg-1,KC1
abgiifke-1,KC1
abhanhio-1,KC3
abheggjf-1,KC3
abhjenbm-1,KC3
abhngfep-1,KC3
abigagnj-1,KC3
abimecaf-1,KC3
abinpidp-1,KC3
abjanjpj-1,KC
abjckadp-1,KC3
abjgjpna-1,KC
abkanfhb-1,KC5
abkfbiej-1,KC3
abkfmpjh-1,KC3
abkgcobo-1,KC3
abkoieko-1,KC3
ablbmjdk-1,KC3
abldbodi-1,KC3
abldgnjd-1,KC3
abldjmhl-1,KC5
abldknha-1,KC
abmaaaan-1,KC3
abmbbjid-1,KC
abmchadh-1,KC
abmfjhne-1,KC3
abmiagdk-1,KC3
abmljfak-1,KC3
abnabdle-1,KC3
abncloop-1,KC3
abnejhec-1,KC3
abngnmdd-1,KC1
abnilcpe-1,KC3
abnpjhbm-1,KC3
abohgjid-1,KC3
abpbkbcl-1,KC3
abpdabda-1,KC3
abpdekfc-1,KC1
abpfjnmk-1,KC3
abpfmjll-1,KC3
abpifcfg-1,KC3
acalmgpb-1,KC3
acanhdmb-1,KC3
acbaakki-1,KC3
acbcpdla-1,KC3
acbdakga-1,KC3
acbfmcad-1,KC3
acbiigmf-1,KC3
acbimhgg-1,KC1
acbkopik-1,KC1
acbpidhb-1,KC1
accjfoob-1,KC1
acckpdaj-1,KC1
accnenii-1,KC1
acdafcmd-1,KC1
acdcbjmf-1,KC3
acddpnkg-1,KC1
acdflail-1,KC3
acdniijo-1,KC3
acdoapld-1,KC3
aceadkon-1,KC3
acefihdd-1,KC5
acejihbd-1,KC3
acekiiif-1,KC
acffmjdh-1,KC3
acfhgdcj-1,KC3
acfhidof-1,KC3
acfhpojb-1,KC
acfmpaho-1,LC
acfnblja-1,KC1
acfofpnp-1,KC1
acfpebne-1,KC
acgbgdio-1,KC
acgcgmok-1,KC3
acgcokhf-1,KC3
acgdhfcp-1,KC
acgdplpi-1,KC3
acggalnf-1,KC1
acgiehnd-1,KC3
acgnning-1,KC1
achfblgk-1,KC3
achfiimm-1,KC
achkaikk-1,KC1
achophbm-1,KC1
achpceki-1,KC
acibeopd-1,KC3
acibjnon-1,KC3
acibpmig-1,KC1
acjakpgi-1,KC3
acjapamm-1,KC5
acjemlgn-1,KC5
acjpbnhm-1,KC5
ackdhmij-1,KC3
ackhgocm-1,KC3
ackkilel-1,KC1
acklgdop-1,KC3
ackmkmmi-1,KC3
ackninpn-1,KC4
aclacomh-1,KC3
aclaghhb-1,KC3
aclbimjf-1,KC3
aclciefg-1,KC5
aclgpdpn-1,KC3
aclngidg-1,KC1
aclopaac-1,KC1
aclpbddd-1,KC3
acmegnaa-1,KC1
acmilnfh-1,KC1
acmjlmai-1,Melanocyte
acnhjlgo-1,KC1
acocflmi-1,KC3
acolddci-1,KC1-2_cycling
acoljffn-1,KC1
acooedbm-1,KC1
acpgfmef-1,KCinflamm_basal
adablbbp-1,Melanocyte
adaeemdc-1,KC1
adaeljfe-1,KC1
adafconj-1,KC3
adagiimc-1,KC1
adbabbfn-1,KC1
adbbeofa-1,KC1
adbboegp-1,KC1
adcdljbp-1,KC1
adchjgil-1,KC1
addcpoem-1,KC1
adddmiag-1,KC3
addgbadf-1,KC1
addjllge-1,KC1
addpglcb-1,KC1
adecjkaf-1,KC3
adeigdob-1,KC3
adejmlfo-1,KC3
adenjbai-1,KC3
adfdplge-1,KC3
adfehnho-1,KC3
adffdfpd-1,KC3
adfgjoek-1,KC1
adfjegla-1,KC1
adgankmh-1,KC3
adggkmpi-1,KC3
adgklhpm-1,KC3
adgldnoh-1,KC3
adhbdikp-1,KC5
adhcbecg-1,KC3
adhhdkbm-1,KC3
adhiingp-1,KC3
adhilfgp-1,KC3
adhkfagd-1,KC5
adhmldfo-1,KC3
adiejedb-1,KC3
adigmjof-1,KC3
adigmkpj-1,KC3
adiknnmm-1,KC3
adilbooi-1,KC1
adiloach-1,KC1-2_cycling
adimijhp-1,KC1
adiogcja-1,KC3
adjglmcp-1,KC1
adjhkihd-1,KC5
adjhlfdj-1,KC3
adjipapm-1,KC3
adjoknlb-1,KC
adjpoabp-1,KC3
adkeincg-1,KC3
adkkdjjm-1,KC1
adkkomon-1,KC3
adlbbnki-1,KC3
adldgdlj-1,KC1
adlehpnl-1,KC3
adlkjmnn-1,KC3
adlmjndl-1,KC1
admehojk-1,KC1-2_cycling
admjbjme-1,KC3
admmmlbf-1,KC3
admpaihe-1,KC1
adnapmln-1,KC1
adndkpkm-1,KC1
adngfgdd-1,KC1
adnhdmfn-1,KC3
adobafdf-1,KC1
adogmdlb-1,KC1
adoiandg-1,KC1
adoichoj-1,F2: Universal
adojnaba-1,KC1
adolbdeg-1,cDC2
adonlhfc-1,KC1
adooifhc-1,KC1
adopnfap-1,KC1
adpbekmk-1,KC3
adpcplho-1,KC3
adpfdepb-1,cDC2: MMP12hi
adpgckpp-1,KC1
aeafabfp-1,KC3
aeagpmgf-1,KC3
aeaknjgh-1,KC3
aeamnmed-1,KC3
aeamoipj-1,KC3
aebaiace-1,KC3
aebdaepn-1,KC1
aeboffic-1,KC1
aeccifha-1,Melanocyte
aecghgpp-1,KC1
aecodlhn-1,KC1
aedcfipm-1,Pericyte1
aedehmck-1,KC1
aedjhcon-1,KC1
aeebneee-1,KC1
aeeeihog-1,KC1
aeeiookp-1,KC1
aeejkdpa-1,KC1
aeejkgae-1,Melanocyte
aeeoidjg-1,KC1
aefckjah-1,KC1
aefiklhj-1,Melanocyte
aefjcgip-1,KC3
aefjeglk-1,Melanocyte
aefkhgdd-1,KC1
aeflcjld-1,KC3
aefldnfc-1,F1: Superficial
aegfbkgh-1,Mac2
aeggnmhc-1,F1: Superficial
aegopiok-1,F1: Superficial
aehcbmmd-1,F1: Superficial
aehcebjb-1,KC1
aeheaola-1,F1: Superficial
aehljfoi-1,KC1
aehmmnhm-1,KC1
aeifmoop-1,KC1
aeifnokg-1,KC3
aeiminia-1,KC1-2_cycling
aeiollel-1,KC1
aejbcfna-1,KC3
aejebfnm-1,KC1
aejgbpkm-1,KC3
aejilpid-1,KC1
aejodcjk-1,KC1
aekaflpp-1,KC1
aekbfiob-1,Mac2
aekbgoeg-1,F1: Superficial
aekeajjo-1,KC1
aekjkjcc-1,F1: Superficial
aekkpoda-1,F1: Superficial
aekoomhi-1,KC1
aelkjflp-1,Melanocyte
aelndhca-1,KC1
aelnplcd-1,KC1
aembnkka-1,Melanocyte
aemgidjc-1,KC1
aemiangl-1,KC3
aemigghf-1,KC1-2_cycling
aemjelgj-1,KC1
aemjgcpg-1,KC1
aemjihbi-1,KC1
aemncclk-1,KC1
aemnhihg-1,KC1
aemoenaj-1,KC1
aenbdone-1,KC2/3_cycling
aenincho-1,F1: Superficial
aenkcfcj-1,KC3
aenmpoep-1,KC1
aenolmab-1,KC1
aenpbacb-1,KC1
aeojlnio-1,KC1
aeojnoaj-1,KC3
aepgeamc-1,KC3
afacimmp-1,KC1
afagcien-1,KC3
afaodnfn-1,F1: Superficial
afapldjl-1,KC1-2_cycling
afbaienb-1,KC1
afbdoifl-1,Melanocyte
afbgmaci-1,KC3
afbmjjpl-1,KC1
afcfljkl-1,KC1
afcilfmk-1,KC1
afcjlobd-1,KC3
afclcgkg-1,KC1
afcngoge-1,KC1
afdcldpm-1,KC
afdglcik-1,Melanocyte
afdhbfbe-1,KC2/3_cycling
afdklhlp-1,KC1
afdmdapc-1,KC
afebjbik-1,KC
afeblood-1,KC5
afecpiob-1,KC
afeejjbf-1,KC3
afeeklnn-1,KC3
afekpoao-1,KC5
afemgcmp-1,KC3
afeojepc-1,KC3
affbimnb-1,KC3
affdcfcb-1,KC3
affddffn-1,KC3
affgfncd-1,KC
affjiocn-1,KC3
affjonhb-1,KC
afgcpbde-1,KC5
afhadjaa-1,KC3
afhlcbpj-1,KC
afhmlbjf-1,KC
afhnknmo-1,KC5
afibpcmg-1,KC3
afiojhgh-1,KC5
afiomlce-1,KC
afjabcha-1,KC3
afjjpmha-1,KC3
afjpaegi-1,KC3
afjpbaep-1,KC3
afkdbfnm-1,KC3
afkedgij-1,KC3
afkjiinh-1,KC3
aflbjbhc-1,KC1
aflefecc-1,KC1
aflefmdj-1,KC3
aflfjgfj-1,KC1
afljelpo-1,KC3
aflkkdoi-1,KC1
afllmnbc-1,KC3
aflpddje-1,KC1
aflpnoea-1,KC3
afmampkn-1,KC3
afmbiojg-1,KC3
afmddopg-1,KC
afnbgnpk-1,KC1
afndagob-1,KC3
afnogpgb-1,KC1
afoeoobf-1,KC1
afojpfnb-1,KC3
afokflpa-1,KC3
afokkejn-1,KC3
afpdphjd-1,KC3
afpfhpif-1,KC3
afphgnoh-1,KC1
afpidfjp-1,KC1
agabejed-1,KC1
agachafi-1,KC1
agaejgko-1,KC5
agahklki-1,KC
agakfglk-1,KC3
agaobaga-1,KC3
agbacpaj-1,KC3
agbbmiki-1,KC3
agbdmimf-1,KC3
agbighlo-1,KC3
agcchfaa-1,KC3
agcchiil-1,KC3
agcdjklk-1,KC5
agcelafj-1,KC3
agchjnoc-1,KC3
agcigbfk-1,KC3
agcigfjc-1,KC1
agcjhdko-1,KC3
agcpkoff-1,KC1
agdaemlp-1,KC1
agdefgmj-1,KC3
agdgmkng-1,KC3
ageaeapg-1,KC3
ageebllo-1,KC5
ageefcad-1,KC3
agehkilo-1,cDC2: MMP12hi
agenphia-1,KC1
agepbfhh-1,KC3
agfbnaio-1,KC1
agfbncbb-1,KC1
agfcdabd-1,KC1
agffdobe-1,Melanocyte
agflbmbp-1,KC1
agfolfip-1,KC3
aggbkobp-1,KC1
aggekomb-1,KC3
aggelhjb-1,KC1
agghciai-1,KC1
agghfaoa-1,KC3
aggidelg-1,KC1
aggigcmb-1,KC1
aggnfbgf-1,KC1
aggomnbj-1,KC3
aghbnbgp-1,KC1
aghicfil-1,KC3
aghmaebo-1,KC1
agihmgnl-1,KC1
agiijcjm-1,KC1
agilmjpm-1,KC3
agilnlln-1,Melanocyte
agipopjo-1,F1: Superficial
agjbeobo-1,KC3
agjkbpka-1,KC1
agjnigkp-1,KC3
agjpehdj-1,KC1
agkdooal-1,Pericyte1
agkfphnn-1,VE3_Ven
agkigfie-1,ILC3
agknblbn-1,F1: Superficial
aglabmnp-1,KC3
aglaclen-1,Melanocyte
aglfngho-1,KC3
aglfofgn-1,KC1
agllhdin-1,KC3
agllobom-1,KC3
aglmnlmn-1,KC1
aglnoble-1,KC1
aglobjjd-1,KC1
agmhpaih-1,KC3
agmhpfpk-1,KC
agmjflhn-1,KC5
agmmedbp-1,LC
agnegghh-1,KC3
agnigona-1,KC3
agoephkj-1,KC
agoijmia-1,KC3
agpcnpgf-1,KC3
ahafbgba-1,KC3
ahahhklb-1,KC1
ahakpmjl-1,KC3
ahaobdjb-1,KC3
ahbbjheb-1,KC
ahbcnhhn-1,KC1
ahbfbigl-1,KC3
ahbkffbb-1,LC
ahbkjdie-1,KC3
ahblefdm-1,KC3
ahbliemh-1,KC1
ahblmecn-1,KC3
ahbngdep-1,KC3
ahcbjnjp-1,KC3
ahdbgdof-1,KC1
ahddaeeg-1,KC3
ahddijnh-1,KC1
ahdflcch-1,KC3
ahdiehig-1,KC
ahehkidb-1,KC3
aheilmbk-1,KC3
ahejnmgc-1,KC1
ahemmihc-1,KC3
ahepbgnd-1,KC3
ahffgggi-1,KC3
ahfifagp-1,KC3
ahfjpolf-1,KC1
ahfkchaf-1,KC1
ahgdjcfo-1,KC1
ahgeeloj-1,KC3
ahghplfp-1,KC3
ahhhlnhg-1,KC3
ahhkfidl-1,KC3
ahhkpjnh-1,KC1
ahhoojap-1,Melanocyte
ahhpblnf-1,KC3
ahidaogn-1,KC1
ahidoggf-1,KC3
ahigdjbk-1,KC1
ahjbbfad-1,KC1
ahjcelab-1,KC1
ahjdfmmo-1,Melanocyte
ahjkdlgk-1,KC1
ahjlbkjn-1,KC1
ahjmcgla-1,KC1
ahjmfdpb-1,KC1
ahjnjpgn-1,KC3
ahkdbebh-1,KC3
ahkenlhk-1,KC3
ahkfiklh-1,KC3
ahkfpoij-1,KC1
ahkmindl-1,KC3
ahkpnnob-1,KC3
ahlchkkj-1,KC1
ahldohcb-1,KC3
ahljodec-1,KC3
ahmdnfea-1,KC3
ahmgmfgd-1,KC3
ahmnokip-1,KC1
ahmojibe-1,KC3
ahndnjjf-1,KC3
ahnnlabl-1,KC1
ahnomndk-1,KC1
ahnooiee-1,KC1
ahoaedec-1,KC3
ahocdlme-1,KC1
ahofcbel-1,KC3
ahoicdla-1,KC1-2_cycling
aholgjfh-1,Melanocyte
ahonglph-1,KC1
ahoocddo-1,KC1
ahpdlmob-1,KC1
ahpgnabj-1,KC1
aiaacaok-1,KC3
aiaddddc-1,KC3
aiaeebce-1,KC3
aiafppoj-1,KC1
aiajjlgl-1,nmSchwann
aiaofngb-1,cDC2
aibcjlcb-1,KC1
aibenafa-1,KC2/3_cycling
aibjaakl-1,KC1
aicagcjn-1,LC
aicfdnjl-1,KC1
aichpoho-1,KC3
aidcojhg-1,KC3
aidhbfhh-1,KC1
aidhlfmc-1,KC1
aidjkdhh-1,KC3
aidlnpgd-1,KC3
aidocehd-1,KC3
aieaealn-1,KC2/3_cycling
aiebddbi-1,KC1
aieecgdc-1,KC3
aieifkil-1,KC1
aieldfgl-1,KC1
aiffpmnp-1,KC3
aigdeeak-1,KC1
aigdjmbo-1,KC3
aigffmln-1,KC1
aigkdlap-1,KC1
aigpdmec-1,KC1
aihcdfeb-1,KC1
aihihlkl-1,Melanocyte
aihjbgph-1,KC1
aihmecck-1,KC1
aihnjlib-1,KC3
aiiadbag-1,KC1
aiiehkmh-1,KC1
aiiflbik-1,KC1
aiiknkog-1,KC1
aiikpdld-1,KC1
aiinhpfp-1,Melanocyte
aiiopica-1,KC1
aijfphnc-1,KC1
aijinnbl-1,KC1
aijjkpmk-1,KC1
aijmcpid-1,KC1
aikfkhmf-1,Melanocyte
aikoooei-1,KC1
aikppdfd-1,KC1
aildiobl-1,KC1-2_cycling
ailfmjaj-1,KC1
ailhaili-1,KC1
ailhhicd-1,KC1
ailihill-1,T_γδ
ailkcnka-1,KC1
ailmjbcf-1,KC1
ailomkfi-1,KC1
aimkaebl-1,KC1
aimkdpal-1,TRM_IL17+
aimpgmaj-1,KC1
aindflke-1,KC1-2_cycling
ainhchbi-1,KC1
ainjghjd-1,Treg
ainmclme-1,KC3
ainoaaap-1,KC1
ainpdgga-1,KC3
aiochnhe-1,KC1
aipeojmk-1,Melanocyte
aipjmnmk-1,KC3
aipohflb-1,KC3
aipoobfl-1,KC1
ajacgekc-1,KC1
ajanieib-1,KC1
ajcaflof-1,KC1
ajcbfeie-1,KC2/3_cycling
ajcjnckc-1,KC3
ajcmmded-1,KC1
ajcpcolp-1,KC3
ajdckfeg-1,KC2/3_cycling
ajddheec-1,KC1
ajdiibjl-1,KC1
ajdnkolh-1,KC3
ajdnohfk-1,Melanocyte
ajdojacn-1,KC1
ajeabfhp-1,KC3
ajebangk-1,Pericyte1
ajfaihma-1,cDC2: MMP12hi
ajfbcefc-1,Mac2
ajfdkkaj-1,Mac2
ajfiehcb-1,cDC
ajfinabg-1,Th
ajfnmcme-1,ILC3
ajfoljom-1,LE
ajfpkcph-1,VE3_Ven
ajfpledn-1,Th
ajgbeipg-1,KC1
ajgbggpm-1,KC1
ajghpcah-1,KC1
ajgjjbni-1,KC1
ajhailhb-1,Melanocyte
ajhcdlnp-1,KC1
ajhimhpo-1,KC1
ajhkkdmd-1,KC1
ajhmncof-1,KC1
ajidkigk-1,KC1-2_cycling
ajiicgfa-1,KC1
ajijhiff-1,KC1
ajijmjac-1,KC3
ajjjbgkn-1,KC1
ajjlefjn-1,KC3
ajjooifg-1,KC1
ajkbjmid-1,KC1
ajkbmjdl-1,KC2/3_cycling
ajkeagle-1,KC1-2_cycling
ajkebdbn-1,KC3
ajklfhbl-1,KC3
ajkmklaa-1,KC3
ajldcjdc-1,KC1
ajlfondl-1,KC1
ajllegec-1,KC1
ajlpblgm-1,KC3
ajlpjimp-1,KC1-2_cycling
ajmnghkn-1,KC1
ajnjbmjo-1,Melanocyte
ajnlajjk-1,KC1
ajnmnnah-1,KC1
ajnnmphl-1,KC3
ajnoodgh-1,KC3
ajoabgmp-1,KC1
ajogblfa-1,KC3
ajogpapm-1,KC3
ajomdegp-1,KC1
ajomeefk-1,KC3
ajonomim-1,KC3
ajopcaam-1,KC1
ajpedomg-1,KC1
ajpgdpbk-1,KC5
ajplcpmo-1,KC3
akabokel-1,KC5
akbcaeig-1,KC3
akbfeehl-1,KC3
akbgdckl-1,KC1
akbihgic-1,KC3
akbnfgoc-1,KC3
akcgmlpc-1,KC3
akchomec-1,KC3
akciamip-1,KC3
akcjhllo-1,KC5
akcjjlgp-1,KC3
akcnnebh-1,KC3
akcolpia-1,KC3
akdaiiol-1,KC3
akdbieeb-1,KC3
akddafko-1,KC3
akdepgfi-1,KC3
akdffgii-1,KC3
akdgbfgf-1,KC3
akdgfjfg-1,KC3
akdhacmc-1,KC5
akdndmmj-1,KC1
akebpagl-1,KC1
akeckeel-1,KC3
akejeefn-1,KC1
akeojjdl-1,KC1
akfbmbcm-1,KC1
akfedfon-1,KC1
akfeiahe-1,KC1
akfeppmp-1,KC
akfeppom-1,KC3
akfgdnhi-1,KC3
akfhnndi-1,KC1
akfilcal-1,KC1
akgagmen-1,KC1
akgcnpih-1,KC3
akgdfgcp-1,KC1
akgdppcd-1,KC1
akgellde-1,KC3
akghdffh-1,KC3
akgkmkfd-1,KC1
akgpdjaj-1,KC3
akhglcpe-1,KC3
akhmeljd-1,KC1
akhnjdcn-1,KC1
akhpoekb-1,KC5
akiallih-1,KC5
akibfnkc-1,KC3
akifkpne-1,KC
akinnonb-1,KC3
akjbfdie-1,KC3
akjcaldb-1,KC3
akjddfhi-1,KC1
akjklgma-1,KC3
akjofnea-1,KC3
akjopecn-1,KC3
akkckecb-1,KC1
akkdhncj-1,KC3
akkfhfmn-1,KC3
akkjoinc-1,KC3
akklemgh-1,KC1
aklfnghn-1,KC1
akllbklh-1,KC1
aklomaod-1,KC3
akmalahh-1,KC3
akmdhdfh-1,KC1-2_cycling
akmelaci-1,KC3
akmgbfdk-1,KC3
akmihghk-1,KC1
aknbchno-1,KC1
aknenodo-1,KC1
aknhokjj-1,KC1
aknlnhco-1,KC1
aknocbnm-1,KC1
akoeboha-1,T
akogdnkb-1,cDC1
akoicpif-1,Th
akpbddjf-1,T
akpgielb-1,KC1
akpgiicm-1,KC1
akponpch-1,KC1-2_cycling
alaaoolk-1,TRM_IL17+
aladehjh-1,KC1
alaggjca-1,Mast cell
albcbfcj-1,F1: Superficial
albdedhc-1,KC3
albkopbj-1,KC3
albnoema-1,KC3
albogfhe-1,KC3
albpmcdn-1,KC3
alcdjedk-1,KC3
alcdneem-1,KC3
alchdjkm-1,KC1-2_cycling
alckicoe-1,KC3
aldblken-1,KC2/3_cycling
aldcbehn-1,KC3
aldfkpgi-1,KC1
aldjojfh-1,KC2/3_cycling
aldngkio-1,KC1
aldpjnnp-1,KC1
aleeefea-1,KC3
alefofce-1,KC3
aleiigea-1,KC1
alelofpm-1,KC
alenlpma-1,KC3
alephgab-1,KC3
alepomdl-1,KC3
alfhppcc-1,KC3
alfolajf-1,KC3
algcgpje-1,Pericyte1
alghcopp-1,F1: Superficial
alglmfgp-1,F1: Superficial
alhaland-1,VE3_Ven
alhlifbf-1,VE3_Ven
alhnfefp-1,KC1
alhpfpnj-1,Treg_LRRC32+
aliadjfk-1,F1: Superficial
alickpmj-1,F1: Superficial
alidobip-1,KC3
alikmmme-1,Melanocyte
aliknkmj-1,KC1
alilinel-1,KC1
alimllnm-1,KC1
alipmepd-1,KC1
aljpfelp-1,KC3
alkbkeak-1,KC2/3_cycling
alkdbhcp-1,KC1
alkmeblk-1,cDC
alkmoice-1,KC3
alkodcnf-1,KC2/3_cycling
allbnbed-1,KC1
allekhan-1,KC1
allfhbmn-1,KC3
alljoimb-1,Melanocyte
allmhmll-1,KC3
allojlbl-1,KC1
almbkhgg-1,KC1
almfemim-1,KC1
almfledp-1,KC1
almnadjm-1,KC1
almocgge-1,KC1
alnamcci-1,KC3
alnenfpc-1,KC3
alnncnmf-1,KC3
alnojkgf-1,KC3
alnomafm-1,KC1
aloinjjf-1,Melanocyte
aloipecn-1,KC3
alojpfcb-1,KC3
alokedjn-1,Melanocyte
alomgcdi-1,KC3
alopimal-1,KC
alpfaind-1,KC3
alphecoi-1,KC5
alphkneg-1,KC3
amafcmli-1,KC
amaoocgn-1,KC
amapckgj-1,KC3
ambbegfj-1,KC
ambjlpgo-1,KC3
ambjmofd-1,KC3
ambnbgok-1,T
ambokcgp-1,KC3
ambpclig-1,KC1
amcaiiel-1,KC1
amcdbini-1,KC3
amcdoigh-1,KC3
amcfmadj-1,KC3
amcjpokn-1,KC3
amcknflg-1,KC3
amcljgcn-1,KC3
amclnlhi-1,KC1
amcnpihb-1,KC1
amcpajcf-1,KC3
amdhookd-1,KC1
amdneaji-1,KC3
amegmebh-1,KC3
amemnjfd-1,KC3
ameomgpn-1,KC1
amfbaadg-1,TRM_IL17+
amfgbgoj-1,KC3
amfgmkfn-1,KC3
amfjeffl-1,KC1
amglhkla-1,cDC2
amgnmmmf-1,F1: Superficial
amgnnngg-1,KC1
amgojjbo-1,KC1
amgpdpip-1,F1: Superficial
amgpkmdi-1,Melanocyte
amhdemog-1,KC1
amhljaal-1,KC1
amhonnhh-1,KC1
amiaehbe-1,KC3
amifondd-1,KC1
amihblja-1,LC
amijhpoi-1,KC3
amijonej-1,KC3
amimhoce-1,F1: Superficial
amioedld-1,Melanocyte
amjhbmac-1,KC1
amjhdfka-1,KC1
amjhfbec-1,Melanocyte
amjifnhd-1,Melanocyte
amjjllck-1,KC1
amjlmgni-1,KC1
amjoeohi-1,KC1
amkbdnfl-1,KC1
amkododi-1,KC3
amlgbolb-1,KC3
amljohgi-1,KC3
amlknial-1,KC1
amloijfb-1,KC3
ammbjbfm-1,KC3
ammdgclp-1,KC3
ammfneih-1,KC3
ammigkpg-1,KC3
ammjjpkh-1,Pericyte1
amnpadga-1,KC3
amogmijc-1,LC
amommgdc-1,KC3
ampdkiln-1,KC3
ampmpohl-1,KC3
ampndfob-1,KC
ampnedca-1,KC3
ampoohhb-1,KCinflamm_basal
anahjnih-1,KC3
anapeppn-1,KC3
anbaadjb-1,KC1
anbhnmpm-1,KC1
anbpikfg-1,KC3
ancbnmme-1,KC5
anchpcmc-1,KC3
ancnkboa-1,KC3
andbmmpf-1,KC3
andfbpnk-1,KC3
andfffch-1,KC
andjiddo-1,KC3
aneacipf-1,KC3
aneeeade-1,KC3
anefiphn-1,KC3
anehlgco-1,KC3
anephcng-1,KC3
anfcanii-1,KC3
anfcnhik-1,KC5
anfdidih-1,KC
anfdmlkc-1,KC5
anfifmah-1,KC
anfkbdob-1,KC3
anfmhlpg-1,KC1
anfmoipm-1,KC5
angbfnll-1,KC
angckibl-1,KC
anhckfhn-1,KC3
anhcofon-1,KC1
anhefkak-1,Melanocyte
anhfdhna-1,KC1
anhgmakc-1,KC3
anhjdife-1,KC3
anhjfcgp-1,KC3
anhplgph-1,LC
anibhlcb-1,KC1
anicnnpj-1,KC3
anidaocm-1,KC3
anihniok-1,KC3
anindmcd-1,KC3
anjfhldj-1,KC3
anjjncah-1,KC3
anjnhpjg-1,KC3
ankdehdm-1,KC3
ankdgodc-1,VE3_Ven
ankfmlgm-1,KC3
anldjnnk-1,KC1
anlnghmn-1,KC3
anlolhoe-1,F2: Universal
anmbhlff-1,F2: Universal
anmdghgh-1,KC1
anmgghkn-1,F2: Universal
annbjpja-1,Mac2
annhjlcb-1,Th
annopcgk-1,Th
anoedelg-1,KC3
anojmnkm-1,KC3
anpecbak-1,KC3
anpefdkc-1,KC3
anphjecj-1,KC3
anpjnpec-1,KC3
anpnkmgk-1,Th
anpofebl-1,KC3
anppcnab-1,KC3
aoafhnga-1,KC3
aoakpjbj-1,KC3
aoanoobo-1,KC3
aoapkbaa-1,KC3
aobcijkd-1,KC3
aobgkajn-1,KC5
aobhgmdi-1,KC3
aobkfmkj-1,KC3
aobkjcog-1,KC3
aocikhdn-1,KC3
aocobcop-1,KC1-2_cycling
aodghdgj-1,KC
aodofdlk-1,KC3
aoefadil-1,KC3
aoefbnal-1,KC3
aoeiddcm-1,KC3
aoeijnoa-1,KC3
aoemahhn-1,KC3
aofcbcag-1,KC1
aofcbgda-1,KC1
aofddkjj-1,KC1
aofkpcfd-1,KC1
aoflfgcp-1,Melanocyte
aofoajfm-1,KC1
aogachlb-1,KC3
aogcoaca-1,KC1
aogjincj-1,KC3
aogllepb-1,KC3
aogmfhga-1,KC1
aohbidph-1,KC3
aohemobf-1,KC3
aohgaiik-1,KC3
aohjkaoh-1,KC3
aohoibfe-1,KC3
aoidknha-1,KC3
aoimpkge-1,KC1
aoioncgc-1,KC1
aojbhpfb-1,KC1
aojdelim-1,KC1
aojdofkn-1,KC1
aojggboj-1,KC3
aojjfjnf-1,KC1
aojmjdcj-1,KC1
aokcdigp-1,KC2/3_cycling
aoklpgof-1,Sweat gland channel outer
aolnccda-1,Mast cell
aolpemgo-1,F2: Universal
aolpmjac-1,T
aomaidej-1,Mac2
aomfblfp-1,F2/3: Perivascular
aomhkfon-1,Mac2
aompndhg-1,KC1
aompohea-1,Melanocyte
aonajjbm-1,KC1-2_cycling
aoncnkoj-1,KC3
aonkadmm-1,KC1
aonmedcj-1,KC
aoooochp-1,KC1
aopcnnce-1,KC
aopdhggh-1,KC1
aopfjfho-1,KC1
aophgkmj-1,LE
aopndnmj-1,Mac2
aoppkdlk-1,Mac2
apaadkpk-1,Sweat gland channel outer
apaappei-1,Sweat gland channel outer
apacoenb-1,Sweat gland channel outer
apajbijo-1,Sweat gland channel outer
apalkaid-1,Sweat gland channel outer
apamhmdk-1,Sweat gland channel outer
apanbdpi-1,Sweat gland channel outer
apbcojkb-1,F2: Universal
apbepbnj-1,Pericyte1
apbfeiol-1,Sweat gland channel outer
apbmabjb-1,Sweat gland channel outer
apbmegon-1,Sweat gland channel outer
apbonbdf-1,F2/3: Perivascular
apbplipm-1,Sweat gland Myoepithelial
apcbbfcp-1,Sweat gland Myoepithelial
apceejme-1,Sweat gland Myoepithelial
apckplog-1,Sweat gland Myoepithelial
apcmfjop-1,Sweat gland
apcofbig-1,Sweat gland Myoepithelial
apdiaalf-1,F2: Universal
apdjfeif-1,Sweat gland
apdjoblg-1,Sweat gland
apdmfnib-1,Sweat gland
apebbeed-1,Sweat gland Myoepithelial
apejmlbp-1,Sweat gland
apelhhfh-1,Sweat gland
apfcgnjg-1,Sweat gland Myoepithelial
apfkcfia-1,Sweat gland
apgakaic-1,Pericyte2_VSMC
apglcpaf-1,F2: Universal
apglmedb-1,VE1_Art
apgmfock-1,VE1_Art
aphegckk-1,VE1_Art
aphelfcb-1,VE1_Art
aphkpimo-1,VE1_Art
aphpkmhe-1,Sweat gland Myoepithelial
apidgegl-1,Sweat gland
apiokgeb-1,Sweat gland Myoepithelial
apippdbi-1,Sweat gland Myoepithelial
apjbhbnd-1,Sweat gland Myoepithelial
apjcboni-1,Sweat gland
apkcijnc-1,Sweat gland
apkgnnii-1,cDC2
apladijh-1,VE3_Ven
apliffno-1,Mac2
apljoolk-1,Sweat gland
aplkjhhc-1,Sweat gland
apminbke-1,Sweat gland
apmndcfp-1,Sweat gland Myoepithelial
apndhdjo-1,Mac2
apnglogn-1,Sweat gland
apoiheba-1,Sweat gland
apoijkcl-1,Tc1
apphiahd-1,Adipocyte
appnlgkh-1,Pericyte1
appolpdh-1,Sweat gland
baaehngp-1,Sweat gland
baahemno-1,Sweat gland
baaipkkf-1,Sweat gland Myoepithelial
baalecab-1,Sweat gland
baaohdbg-1,Sweat gland
baaphpfb-1,Sweat gland
babekppe-1,KC1
babhkame-1,KC1
babigcgh-1,KC3
babmekac-1,KC1
babokfaf-1,KC3
baboococ-1,KC1
bacchlih-1,KC1
bacclbjl-1,KC3
baciinef-1,KC3
baclijpb-1,KC3
bacmbapg-1,KC3
bacnpjgh-1,KC3
badbjeip-1,KC3
badklkao-1,KC3
badnbljk-1,KC2/3_cycling
badomedg-1,KC3
badpnbpb-1,F2: Universal
baegeifk-1,F2: Universal
baeifcgn-1,F2: Universal
baengojh-1,KC3
baepndcl-1,KC
bafbijgm-1,Mast cell
baffgidh-1,KC3
bafkhdak-1,KC3
bafoikfc-1,KC3
bagefknl-1,KC3
baggjemo-1,KC3
baglhfif-1,KC3
bagligmi-1,KC3
bagofiao-1,KC3
bahdielp-1,KC3
bahhphni-1,KC3
bahmofml-1,KC
bahnanjc-1,KC3
baholdki-1,KC1
baifhhbk-1,Sweat gland channel outer
baimaicm-1,Sweat gland channel outer
bajbdcpj-1,Sweat gland channel outer
bajgikjp-1,Sweat gland channel inner
bajhilbj-1,Sweat gland channel inner
bajjbolb-1,Sweat gland channel outer
bajllbjp-1,F2: Universal
bakafaie-1,F2: Universal
bakcdgja-1,Sweat gland channel outer
bakcnkpl-1,Sweat gland channel inner
bakklcje-1,KC1
baklncpg-1,KC3
bakmplha-1,KC1
balcclkn-1,KC1
balhkjlo-1,KC1
balipjni-1,KC1
balmadhj-1,KC1
bamcoado-1,KC1
bamgjaeg-1,KC3
bamkcdcn-1,KC3
bamklejl-1,KC3
bamlnjga-1,KC3
bammeffa-1,KC3
bammflha-1,KC3
banhofcf-1,KC3
banimolk-1,KC3
banjeobe-1,KC3
bannminp-1,KC1
baocbaep-1,KC1
baodcgej-1,Melanocyte
baodlhed-1,KC3
baojnbij-1,KC3
bapceaii-1,KC3
bapggpma-1,KC3
baplooca-1,KC1
bbaebbdm-1,KC1
bbahldkd-1,KC1
bbalhpcp-1,KC3
bbalnjij-1,KC1
bbamnafd-1,KC3
bbandhpd-1,KC3
bbbcakhi-1,KC3
bbbcinob-1,KC3
bbbiioop-1,KC3
bbblgcbb-1,KC3
bbccofda-1,KC3
bbcdddck-1,KC3
bbcdgeih-1,KC3
bbcjhflh-1,KC3
bbcljdaf-1,KC3
bbcpeelf-1,KC3
bbdenenc-1,KC1
bbdgoekc-1,KC3
bbdlbphf-1,KC1
bbebidhk-1,KC3
bbecjdgn-1,KC3
bbecjfbk-1,KC3
bbehleak-1,KC3
bbeklpem-1,KC3
bbemkkgi-1,KC3
bbeopchf-1,KC
bbfgicin-1,F1: Superficial
bbfodbed-1,Melanocyte
bbgdlhnm-1,KC1
bbgfakbe-1,KC1
bbgpphem-1,Melanocyte
bbhbiknl-1,KC3
bbhfcbpm-1,KC1
bbhiecnk-1,KC3
bbhkmipp-1,KC1
bbiejdij-1,KC1
bbihkmnn-1,KC3
bbijacek-1,KC3
bbiofidc-1,KC3
bbjcmkfp-1,KC3
bbjinphi-1,KC
bbjjipbm-1,KC3
bbjmdokd-1,KC1
bblenpdb-1,KC3
bblmconj-1,KC3
bblpoabe-1,KC3
bbmcfblc-1,KC3
bbmecmnl-1,KC3
bbmgbloh-1,KC3
bbmiplao-1,KC3
bbmlphma-1,KC1
bbmpcegf-1,KC3
bbnfnjfd-1,KC3
bbnnhikb-1,KC5
bbodhdli-1,KC3
bbodmeah-1,KC
bboeknek-1,KC5
bboemiko-1,KC5
bboicgdg-1,KC
bbokgocn-1,KC3
bbokndpm-1,KC5
bbppnecj-1,KC3
bcaaepbg-1,KC
bcadaieh-1,KC3
bcadpnlo-1,KC3
bcaienkd-1,KC3
bcalpgpo-1,KC3
bcbcgbkc-1,KC3
bcbhbohp-1,KC3
bcbjlhla-1,KC3
bcbkikhg-1,KC1
bcbnnoal-1,KC1
bcbooifg-1,KC1
bcbpgnio-1,KC1
bcdcneng-1,KC3
bcdcnokj-1,KC1
bcdfoono-1,KC1
bcdgocml-1,KC3
bcdhdnaa-1,LC
bcdplodm-1,KC3
bceaiedk-1,KC4
bceclgnd-1,KC3
bceglmjg-1,KC3
bcehbbmd-1,KC3
bceiieen-1,KC1
bcejahhe-1,KC3
bceoeaob-1,KC5
bceojigi-1,KC
bceooken-1,KC3
bcfdkpig-1,KC5
bcfeenfe-1,F2: Universal
bcfefefm-1,KC5
bcfehjao-1,KC3
bcghcbbk-1,KC5
bcgifokl-1,KC5
bcgkppgi-1,KC5
bchgjmch-1,KC5
bchldehc-1,KC3
bchnhglh-1,KC3
bchojibm-1,KC3
bcibbkoe-1,KC
bcidoohi-1,KC5
bcifldhi-1,KC5
bcifpgfh-1,KC
bcigfjdd-1,KC3
bcihenlp-1,KC3
bcihkcbh-1,KC3
bcijgbnb-1,KC3
bcilhkhg-1,KC3
bcjjnljm-1,KC3
bckbgnnj-1,KC3
bckfgppc-1,KC1
bclgpaea-1,KC3
bcljkpcn-1,KC1
bclkgjdl-1,KC3
bclnckia-1,KC1
bcloinnl-1,Sweat gland
bclonbmg-1,Sweat gland Myoepithelial
bclpehoa-1,Sweat gland channel outer
bcmbaegh-1,T
bcobagho-1,Sweat gland
bcocgahh-1,Sweat gland
bcocnmfh-1,Sweat gland channel inner
bcoepgeb-1,Sweat gland channel outer
bcojjaio-1,Sweat gland channel outer
bcolkplb-1,Sweat gland channel outer
bcomjohb-1,Sweat gland channel inner
bcoonohk-1,Tc1
bcpaoplh-1,F2/3: Perivascular
bcpbhdnc-1,Sweat gland
bcpbhkpo-1,Sweat gland
bcpdfmje-1,Sweat gland
bcpkiocl-1,Sweat gland
bcpkjheg-1,Adipocyte
bcpnideo-1,F2: Universal
bdafcbkl-1,Pericyte1
bdahgpgc-1,cDC2: MMP12hi
bdalhkjo-1,F2/3: Perivascular
bdbbedoc-1,Tc0
bdblacgb-1,VE3_Ven
bdbomfoj-1,F2: Universal
bdcfilao-1,VE3_Ven
bdclpbij-1,VE3_Ven
bddbmjfk-1,Mac2
bdeiflok-1,F2/3: Perivascular
bdeldick-1,VE3_Ven
bdfamgag-1,F2/3: Perivascular
bdfifllk-1,F2/3: Perivascular
bdfkfbga-1,F2/3: Perivascular
bdfmdnpa-1,F2/3: Perivascular
bdgjkman-1,Adipocyte
bdgnhgid-1,F2/3: Perivascular
bdhaonca-1,F2/3: Perivascular
bdhgekjc-1,F3: FRC-like
bdhjecbl-1,F2/3: Perivascular
bdhngdeh-1,F2/3: Perivascular
bdiemlmo-1,VE1_Art
bdimhgpk-1,Th
bdinhfhn-1,F2/3: Perivascular
bdjabomb-1,Tc3_IFNGhi
bdjhnkll-1,Pericyte1
bdkgkgdl-1,VE4_Cap
bdklahlk-1,VE4_Cap
bdlanifg-1,VE4_Cap
bdlejoco-1,F2/3: Perivascular
bdlolbag-1,Mast cell
bdmdfcnd-1,F2/3: Perivascular
bdmfoalb-1,Sweat gland Myoepithelial
bdmhaolm-1,Sweat gland Myoepithelial
bdmikpho-1,Sweat gland Myoepithelial
bdnebchm-1,Sweat gland
bdnenlhp-1,Sweat gland
bdnljfgn-1,Adipocyte
bdnnpdop-1,cDC2
bdnoimae-1,Sweat gland channel inner
bdofnlja-1,Adipocyte
bdohheog-1,T
bdohmcbn-1,Sweat gland channel outer
bdolbfce-1,Sweat gland channel outer
bdolille-1,Sweat gland channel outer
bdomghoi-1,LE
bdopfgki-1,Pericyte1
bdpjghab-1,F2: Universal
bdpoecol-1,Adipocyte
beacbfmo-1,Adipocyte
beacmfel-1,Adipocyte
beadpdoe-1,F2/3: Perivascular
beakgdah-1,F2/3: Perivascular
beanjiin-1,Pericyte1
beaodhcb-1,VE4_Cap
bebdejie-1,F2: Universal
bebfegkg-1,Sweat gland channel inner
bebflipg-1,Sweat gland channel inner
beblabjo-1,Sweat gland channel inner
becdjeel-1,Sweat gland channel outer
bechapli-1,Sweat gland channel inner
beckjmdo-1,Sweat gland channel inner
beclkdfm-1,Sweat gland
bedgbchb-1,Mac2
bedhnhdf-1,VE4_Cap
bedkaoep-1,Sweat gland Myoepithelial
bedogjbe-1,Sweat gland
beeapkha-1,Sweat gland
beedbhpj-1,Sweat gland
beehmdfh-1,Sweat gland
beeildne-1,Mac2
beekgkcg-1,Sweat gland
befbhlaa-1,Sweat gland
befdbcjk-1,Sweat gland
befljhif-1,VE1_Art
begccjpi-1,Sweat gland
begdijfb-1,Sweat gland Myoepithelial
begfapch-1,Sweat gland
begpoeej-1,Sweat gland
behblbpd-1,Sweat gland
behdamed-1,Sweat gland
beincabe-1,Sweat gland
beiofdib-1,Sweat gland
bejcfknl-1,Sweat gland
bejegccf-1,Sweat gland
bejiibhc-1,Sweat gland
bejkdhnf-1,Sweat gland
bejlpkdo-1,Sweat gland
bejmdaic-1,Sweat gland
bejpbafo-1,Sweat gland
bekiojfa-1,Sweat gland
bekkgefh-1,Sweat gland channel outer
belgepgl-1,Sweat gland channel outer
beljahfj-1,F5: RAMP1+
bemdpgoj-1,Sweat gland channel outer
bemeikkf-1,Sweat gland channel outer
bemlinci-1,Sweat gland channel outer
bemolmfk-1,Sweat gland channel inner
benanpbg-1,Sweat gland channel inner
bendlego-1,VE4_Cap
beoahoej-1,F2: Universal
beobhihi-1,Sweat gland channel inner
beockfgb-1,Sweat gland channel inner
beodojgf-1,Sweat gland channel outer
beoebjgg-1,Sweat gland channel outer
beokgfnl-1,Sweat gland channel outer
beoobeec-1,nmSchwann
beoocpcf-1,Sweat gland
beopngap-1,Sweat gland channel outer
bepaonpd-1,Sweat gland channel outer
bepbpnik-1,Sweat gland Myoepithelial
bephhohp-1,Sweat gland
bfalbdbe-1,Sweat gland
bfalkbea-1,Sweat gland
bfbabkbp-1,Sweat gland
bfbadlng-1,Sweat gland
bfbdclhi-1,Sweat gland
bfbdglih-1,Adipocyte
bfbhbope-1,Sweat gland Myoepithelial
bfblkmam-1,Sweat gland
bfchekad-1,Sweat gland
bfchjodg-1,Sweat gland Myoepithelial
bfdfjnle-1,Sweat gland
bfdglmae-1,Sweat gland
bfdkcodc-1,Sweat gland Myoepithelial
bfdlkflk-1,Sweat gland
bfebbllo-1,Sweat gland
bfedonhn-1,Sweat gland
bfenpcbd-1,Sweat gland channel inner
bfepmplb-1,Sweat gland channel inner
bffcfcdb-1,Sweat gland channel inner
bffhpjok-1,Sweat gland channel inner
bfflabhc-1,Sweat gland channel outer
bfflmomc-1,Pericyte1
bffmaoch-1,mSchwann
bfgdldac-1,mSchwann
bfgehbnl-1,nmSchwann
bfhbebho-1,Sweat gland channel outer
bfhceibh-1,Sweat gland channel outer
bfhjfaci-1,Sweat gland channel outer
bfhkdjnj-1,Sweat gland channel outer
bfhmfolk-1,F2/3: Perivascular
bfhnceja-1,F2: Universal
bfkjdeap-1,Sweat gland
bfkkdphf-1,Adipocyte
bfknccpk-1,Sweat gland
bflfnblh-1,Sweat gland channel inner
bflgilcl-1,Sweat gland channel inner
bflnicpf-1,Sweat gland channel inner
bfmgdbdd-1,Sweat gland channel outer
bfmihpgc-1,VE3_Ven
bfmiofoe-1,Sweat gland
bfmplhfa-1,Sweat gland
bfngcflf-1,Sweat gland
bfngddbc-1,Sweat gland
bfnighnp-1,Sweat gland Myoepithelial
bfnkbcco-1,Sweat gland
bfnlnmej-1,Sweat gland
bfnmfdoi-1,Sweat gland
bfodbapg-1,Sweat gland
bfodcdfe-1,Sweat gland
bfogkmml-1,Sweat gland
bfomadcc-1,Sweat gland
bfonjkbg-1,Sweat gland
bfpaommp-1,Sweat gland channel outer
bfpgacjh-1,Sweat gland Myoepithelial
bgafnfbn-1,Sweat gland Myoepithelial
bgagcmmg-1,Sweat gland
bgaoffoo-1,Adipocyte
bgbjkeoi-1,Sweat gland
bgblgjlg-1,Sweat gland
bgcfnghg-1,Sweat gland
bgciekjl-1,Sweat gland Myoepithelial
bgcnncdm-1,Sweat gland
bgcokojk-1,Sweat gland
bgcpcenn-1,Sweat gland
bgdbaiag-1,F2/3: Perivascular
bgdhbpff-1,Sweat gland
bgdhmope-1,Sweat gland
bgdjpdhe-1,Sweat gland
bgdmijeh-1,Sweat gland
bgealpbn-1,Sweat gland
bgedlanm-1,Sweat gland
bgegckon-1,Sweat gland
bgehligd-1,Sweat gland
bgejdepa-1,Sweat gland
bgejegai-1,KC3
bgejeibi-1,KC
bgembgno-1,KC3
bgenijna-1,KC3
bgfchfbe-1,LC
bgfggbmb-1,KC5
bgfhliem-1,KC3
bgfieokd-1,KC1
bgflgoii-1,KC3
bggebpmm-1,KC1
bggfnpgm-1,KC1
bggigdpe-1,KC1
bggjbkbo-1,KC3
bggjgjpk-1,KC3
bggjlkhg-1,KCinflamm_basal
bggnffad-1,KC1
bghahgfe-1,KC3
bghclllf-1,KC3
bghgafoh-1,KC1
bghgmblm-1,KC1
bgifbkkg-1,KC3
bgigdohf-1,KC5
bgilnjel-1,KC3
bgimbicj-1,KC1
bgjbckof-1,KC1
bgjbkpei-1,KC1
bgjeilkj-1,KC3
bgjhnloo-1,KC1
bgkchaai-1,KC3
bgkffjkg-1,VE3_Ven
bgkhebej-1,KC
bgkjikca-1,KC3
bgkkppok-1,KC
bgklihpm-1,KC
bgknneai-1,KC3
bglakkoh-1,KC3
bglgknln-1,F1: Superficial
bglhonpl-1,KC3
bgmabmni-1,KC3
bgmclamn-1,KC3
bgmfhkfk-1,KC3
bgmkhgde-1,KC1
bgmmbdkl-1,KC1
bgmmgbhk-1,KC1
bgmplbma-1,KC3
bgmpocph-1,KC3
bgninkja-1,KC3
bgnkhmfh-1,KC3
bgnnjcml-1,KC3
bgobbhoo-1,KC3
bgodphnd-1,KC3
bgollobm-1,KC3
bgoociho-1,KC3
bgoojfdf-1,KC3
bgpbeeoj-1,KC3
bgpfnfeh-1,KC1
bgphnpcc-1,KC3
bgphpfda-1,Melanocyte
bhaapamo-1,KC1
bhadappm-1,KC3
bhadlndi-1,KC3
bhahldia-1,KC3
bhakfpbb-1,KC3
bhalichp-1,KC3
bhbbgcfo-1,KC3
bhbeghjg-1,KC3
bhbfanna-1,KC3
bhbfcddp-1,KC1
bhbjhbdm-1,KC3
bhccifip-1,KC1
bhccnkjg-1,Sweat gland channel outer
bhcjniad-1,KC3
bhdccnhn-1,KC_Sebocyte_DuctInner
bhdikkom-1,KC2/3_cycling
bheajibf-1,KC5
bhehdphj-1,KC3
bhehffnd-1,KC5
bhehpjkh-1,KC3
bhepicao-1,KC3
bhfbihjp-1,KC3
bhfnpjie-1,KC3
bhgcnohd-1,KC3
bhgdecbl-1,KC3
bhgpogpp-1,KC3
bhhakfdj-1,KC3
bhhdfhhn-1,KC3
bhhfclfc-1,F1: Superficial
bhhhodjn-1,KC3
bhiammic-1,KC1
bhibemep-1,KC1
bhiclgcf-1,KC1
bhicmeoo-1,KC1-2_cycling
bhicnehg-1,KC3
bhigmaji-1,KC1-2_cycling
bhihnonj-1,KC1-2_cycling
bhinipbf-1,KC3
bhioboan-1,KC3
bhjgepmm-1,KC1
bhjghjjd-1,KC3
bhkbgnmp-1,KC1
bhkbkekh-1,KC3
bhkdjado-1,KC3
bhkhopec-1,KC3
bhknalac-1,KC3
bhljffeg-1,KC3
bhlnlboe-1,KC3
bhlnlkom-1,KC3
bhmdpjan-1,KC3
bhmfppmc-1,KC3
bhmiegof-1,KC3
bhmlcgid-1,KC3
bhmlimpl-1,KC3
bhmmehjf-1,KC3
bhmofbjc-1,Mac2
bhmokheh-1,KC2/3_cycling
bhnaaneo-1,Melanocyte
bhnjfnbc-1,KC1
bhnlbnkn-1,KC1
bhnlgiin-1,KC1
bhocolga-1,KC1
bhodfmni-1,KC1
bhofeood-1,KC1
bhogneaa-1,KC1
bhomlhad-1,KC1
bhpagifg-1,Melanocyte
bhpakgpc-1,KC3
bhpdagei-1,KC3
bhpdahfb-1,LC
bhpfeaei-1,Tc1
biaagcjo-1,cDC2
biacmcjb-1,cDC2: MMP12hi
biadmmnp-1,F1: Superficial
biaeofad-1,cDC
biagadmj-1,Mac2
biagdpje-1,cDC2: MMP12hi
biahhnlo-1,F1: Superficial
biakgmdk-1,F2: Universal
biaklnpn-1,KC3
bibfpobp-1,KC2/3_cycling
bibhgijl-1,KC1
bibicmba-1,KC1-2_cycling
bibocmio-1,KC3
bibpjmmf-1,KC1
bicbgeih-1,KC1
bicdpcom-1,F1: Superficial
bichcdaa-1,KC1
bichdhpf-1,KC1
bicppjjh-1,Melanocyte
bidecfoo-1,KC3
bidflene-1,KC3
bidjgkoi-1,KC1
bidmaohp-1,KC3
biebcgli-1,KC3
biecbakg-1,KC3
biehpmok-1,KC1
bifcoljf-1,Melanocyte
bifdikbo-1,F1: Superficial
bifjebnn-1,F1: Superficial
bifkeafk-1,F1: Superficial
bifmmdin-1,F2: Universal
bigbddlc-1,F1: Superficial
bigfjlcl-1,Mac2
bigghlgf-1,VE3_Ven
bigihhnb-1,VE3_Ven
bigmmjbc-1,Pericyte1
bignkjna-1,VE3_Ven
bihfdeof-1,F3: FRC-like
bihgapbf-1,F1: Superficial
bihijcci-1,F1: Superficial
biimiooc-1,F1: Superficial
bijbchhi-1,Mac2
bijdklad-1,F1: Superficial
bijemffb-1,cDC2
bijjncjk-1,cDC1
bijmbbdp-1,F1: Superficial
bijpmfic-1,F2: Universal
bikfiopb-1,F1: Superficial
bikpficd-1,Pericyte2_VSMC
bilblbai-1,Pericyte1
bilckjod-1,T
bilhecjf-1,VE3_Ven
biljfgkf-1,Th
bilkmobf-1,VE3_Ven
bimdgnjd-1,F3: FRC-like
bimdjlni-1,Th
bimeapnk-1,Mast cell
bimlclli-1,Pericyte1
bimpmhdj-1,VE3_Ven
binbnfoh-1,VE3_Ven
binkjakd-1,VE3_Ven
binlkdfj-1,F3: FRC-like
binpoidp-1,Mac2
biobjjbo-1,Pericyte1
biolihbk-1,Mast cell
bipbboki-1,F3: FRC-like
bipclnhe-1,F3: FRC-like
bipcmlnf-1,T
bipepljg-1,Tc1
biphnlgg-1,VE3_Ven
bipicdaj-1,Tc1
bipmfmnj-1,Mac2
bipmnhpo-1,F3: FRC-like
bjaakdpe-1,Th
bjaeeeim-1,F3: FRC-like
bjaoacni-1,Mast cell
bjbgjmhm-1,Tc1
bjbpfcjm-1,Th
bjcabcbl-1,cDC1
bjcaccme-1,F3: FRC-like
bjcadigg-1,T
bjcanakd-1,F3: FRC-like
bjcecneo-1,Th
bjckkjim-1,Tc3_IFNGhi
bjdaeafg-1,cDC1
bjdamhdk-1,Tc1
bjdeoffh-1,Th
bjdhpmpn-1,Th
bjdlcpki-1,Th
bjdnfoii-1,MigDC (cDC2)
bjecbigk-1,VE3_Ven
bjecdmmg-1,VE3_Ven
bjeokeen-1,VE3_Ven
bjfkefnl-1,Tc0
bjfneoad-1,Tc0
bjgfnidg-1,Pericyte2_VSMC
bjgjcdhj-1,Pericyte1
bjgjojej-1,Th
bjgkaglm-1,F1: Superficial
bjhbcldk-1,cDC
bjhjiibj-1,F1: Superficial
bjhmgdaa-1,F1: Superficial
bjhpadhl-1,Sweat gland channel outer
bjhphedd-1,Sweat gland channel outer
bjiiopbd-1,cDC2: MMP12hi
bjiiplik-1,F3: FRC-like
bjjafban-1,T
bjjahhin-1,F1: Superficial
bjjdmjbe-1,ILC3
bjjnihll-1,MigDC (cDC2)
bjkbbkgp-1,Treg
bjkeeoaa-1,Th
bjkndbdk-1,T
bjknkkbe-1,T
bjkphcgn-1,T
bjlihbik-1,Th
bjlmpcbm-1,Th
bjlnijlh-1,F2: Universal
bjlopnic-1,F2: Universal
bjmebfbf-1,F2: Universal
bjmeeogh-1,cDC2: MMP12hi
bjmgcjej-1,F2: Universal
bjmjmecm-1,F2: Universal
bjmkeehg-1,Pericyte2_VSMC
bjnankfp-1,F3: FRC-like
bjnbepkl-1,VE4_Cap
bjndmoej-1,VE4_Cap
bjnefeno-1,F2: Universal
bjngjgoj-1,VE3_Ven
bjnhdkib-1,KC5
bjnlfijd-1,KC3
bjnmcdgi-1,KC3
bjnoglcg-1,KC3
bjnplila-1,KC3
bjofdmkk-1,KC3
bjogecoj-1,LC
bjpgachm-1,KC3
bjpihejc-1,KC3
bjpjbkpd-1,KC3
bjpngnlm-1,KC3
bjpnolld-1,KC3
bkadbppc-1,KC3
bkaecgmk-1,KC3
bkaekecf-1,KC1
bkaeoohj-1,KC1
bkamefpl-1,KC3
bkamkbbo-1,KC1
bkanfacp-1,KC3
bkbehiod-1,F2: Universal
bkbfapcb-1,F2/3: Perivascular
bkbgkido-1,VE3_Ven
bkbimfcl-1,Melanocyte
bkbmndak-1,Melanocyte
bkbpdbcc-1,KC1
bkcfpkmh-1,KC1
bkcgbgkf-1,KC1-2_cycling
bkcllodf-1,KC3
bkcmokej-1,KC1
bkcolneg-1,KC1
bkdbaccn-1,KC3
bkdfahkp-1,Melanocyte
bkdjagaj-1,KC3
bkejgafg-1,Melanocyte
bkeonnbn-1,KC1
bkfdflfo-1,KC3
bkffmfch-1,KC1
bkfmeoic-1,KC1
bkfomccj-1,KC3
bkgffnib-1,KC3
bkgfnffe-1,KC3
bkggipch-1,KC1
bkgglkpa-1,KC3
bkgjpigh-1,KC3
bkgkkkgb-1,KC3
bkgnglap-1,KC3
bkhfpemi-1,KC3
bkhidmgf-1,KC3
bkihijjk-1,KC3
bkinakbo-1,KC1
bkjcedge-1,KC1
bkjlmmbd-1,KC3
bkjohlgd-1,KC3
bkjpidej-1,KC3
bkjpoaee-1,KC3
bkkboljo-1,KC3
bkkcnafn-1,KC3
bklablkp-1,KC3
bklfkodb-1,KC3
bklkddpn-1,KC1
bklkgdgp-1,KC1
bkllnbbb-1,KC3
bkloinfn-1,KC3
bkmddlnd-1,KC3
bkmjichj-1,KC3
bkmoajno-1,KC3
bkmonici-1,KC1
bkncodlk-1,KC1
bknikpgf-1,KC1
bknlnokg-1,KC3
bknochlo-1,KC3
bkoccamo-1,KC3
bkocdhbp-1,KC3
bkoiiegk-1,KC3
bkoikfcg-1,KC3
bkpemloi-1,KC3
bkpfhafl-1,KC3
bkpmhhea-1,KC3
blaifkkf-1,KC3
blaljlon-1,KC5
blammmad-1,KC3
blbgeihf-1,KC3
blbhlfod-1,KC3
blccppkg-1,KC3
blcipcik-1,KC3
blcjglbk-1,KC5
blcldgad-1,LC
blcmkamo-1,KC1
blcnbdjj-1,KC1
bldanhpc-1,KC1
bldbmnpp-1,KC3
bldbojhb-1,KC1
blddaghh-1,KC3
bldemdld-1,KC3
bldgnjnm-1,KC3
bldhcadd-1,KC3
bldhikge-1,KC3
bldmgbcg-1,KC3
bldmnkbg-1,KC3
bleakhoh-1,KC
bleepibp-1,KC3
blegcpbe-1,KC5
blehfppg-1,KC3
blfbfokp-1,KC3
blffhjcd-1,KC3
blffijmp-1,KC3
blfgdhll-1,KC3
blfhoapm-1,KC5
blfhpapl-1,KC3
blfknedh-1,KC3
blfpjodp-1,KC3
blgajpmj-1,KC5
blgdfnhj-1,KC3
blgdnafk-1,KC3
blgfobpm-1,KC3
blgggggk-1,KC1
blgocfjd-1,KC1
blhfgikc-1,KC3
blhijflk-1,KC3
blhkdhdn-1,LC
blhkofie-1,KC1
blhlhekc-1,KC3
blicoplj-1,KC3
blidfohp-1,KC3
bligemij-1,KC3
bliglpdo-1,KC3
blihnpmn-1,KC3
blimbchp-1,KC3
blipidjc-1,KC
bljaallf-1,KC1
bljdnbcm-1,KC1
bljflalm-1,KC1
blkccgdj-1,KC3
blkddhbo-1,KC1
blklicce-1,KC5
blldhpid-1,KC
bllngeek-1,KC
blmghifp-1,KC3
blnbcejh-1,KC3
blnceeng-1,KC3
blnjhnjb-1,KC3
blnocjge-1,Melanocyte
blnplioc-1,LC
blonakie-1,KC1
blooeghf-1,KC1
blooolnp-1,LC
blpdlfil-1,KC3
blpeinlm-1,KC1
blpfogpl-1,KC3
blpkfbao-1,KC3
blpkkfha-1,KC3
blpoabpa-1,KC3
bmaacial-1,KC3
bmaiaehe-1,KC3
bmajhdan-1,KC3
bmajndmk-1,KC3
bmappjda-1,KC3
bmbeoblp-1,KC3
bmbfajei-1,KC3
bmbgjhll-1,KC3
bmbgkjki-1,KC3
bmbhbhdm-1,KC3
bmbhgmfp-1,KC3
bmbjidjb-1,KC3
bmbodogh-1,KC3
bmccicbp-1,KC3
bmcgabim-1,KC3
bmclphkg-1,KC3
bmcnjbfi-1,KC
bmcpehik-1,KC5
bmdbbmfh-1,KC3
bmdcoioi-1,KC5
bmddmaei-1,KC3
bmdpledi-1,KC3
bmebhkca-1,KC3
bmeceeoa-1,KC
bmeeipjk-1,KC3
bmehenko-1,KC3
bmfahkch-1,KC3
bmfdcdko-1,KC3
bmfhhija-1,VE3_Ven
bmfmgkca-1,KC3
bmgggacc-1,KC3
bmghllee-1,KC1
bmgnjmib-1,KC1
bmhhfime-1,KC3
bmhjgddi-1,KC1
bmhlcekc-1,KC1-2_cycling
bmioffoa-1,KC3
bmjbfbpj-1,KC1
bmjbgkkj-1,KC
bmjcebco-1,LC
bmjclnff-1,KC1
bmjiegph-1,KC3
bmjkbkdd-1,KC3
bmjneihi-1,KC3
bmjokbmb-1,KC3
bmjolpei-1,KC3
bmjplckb-1,KC3
bmkcclcc-1,KC3
bmkcgnbj-1,KC3
bmkddagm-1,KC1
bmkebkhm-1,KC1
bmkggmlo-1,KC1
bmkghhen-1,KC1
bmkgonik-1,KC3
bmkilmhh-1,KC2/3_cycling
bmkoklpm-1,KC3
bmlbaedg-1,KC5
bmlehhid-1,KC3
bmlinggb-1,KC3
bmlogcln-1,KC
bmlonenb-1,KC3
bmmehcdi-1,KC3
bmmhpgni-1,KC1
bmmoipno-1,KC1
bmngkjdp-1,KC3
bmnmodgj-1,KC3
bmnmpnfe-1,KC3
bmoglmga-1,KC3
bmoidcgn-1,KC3
bnalkjjo-1,KC3
bnapogml-1,KCinflamm_basal
bnbhcegb-1,KC1
bnbhhepl-1,LC
bnbhhpbp-1,KC3
bnceejpd-1,KC3
bnchfifc-1,Melanocyte
bncjenmo-1,KC1
bndbfchc-1,Melanocyte
bndbjfge-1,KC3
bndcaalm-1,KC1
bndfbimg-1,KC1
bndhifin-1,KC1
bndlanij-1,KC3
bndlmipk-1,KC1
bndnjkig-1,KC3
bnefbcck-1,KC1
bnefiibm-1,KC1
bnefnhhk-1,KC3
bnenldbk-1,KC3
bnfigkoh-1,KC3
bnfmmbmp-1,KC3
bnfnmlfb-1,KC3
bnfnnhjp-1,KC3
bnggiekb-1,KC3
bngkegka-1,KC3
bnhgendf-1,KC1
bnhkkeni-1,KC1
bnhnlpmb-1,KC1
bnhonmpg-1,KC3
bnifcmhe-1,KC3
bnjdbcib-1,KC3
bnjdlnhk-1,KC3
bnjfibka-1,KC3
bnjibnnd-1,KC3
bnjifnfn-1,KC3
bnjkhpko-1,KC3
bnjmpkdd-1,KC3
bnkcfjjb-1,KC3
bnkffggm-1,KC3
bnkgkmpa-1,KC3
bnlbonhm-1,KC3
bnlllpae-1,KC3
bnlmnmkb-1,KC3
bnmbepop-1,KC1
bnmfdega-1,KC
bnmgpcgo-1,cDC
bnmmjckj-1,F3: FRC-like
bnmnimng-1,Mast cell
bnncngap-1,VE4_Cap
bnnfmnfl-1,F3: FRC-like
bnnggope-1,Th
bnniikbl-1,Mac2
bnnjfbah-1,F3: FRC-like
bnnjiaaa-1,Pericyte1
bnnofkdm-1,F3: FRC-like
bnogaalb-1,F3: FRC-like
bnokclfd-1,KC5
bnolcoaa-1,KC1
bnooilkc-1,KC1
bnpfcomf-1,cDC2: MMP12hi
bnpgchnm-1,F3: FRC-like
bnpgenjd-1,Pericyte1
boaaocpe-1,VE3_Ven
boadkgai-1,cDC1
boafnjda-1,Th
boaklacl-1,ILC3
boaodklk-1,VE3_Ven
boapgkad-1,VE3_Ven
bobcbeck-1,VE3_Ven
bobdmifb-1,F2: Universal
bobgfkja-1,Mac2
bobgfppp-1,F2/3: Perivascular
bobleogh-1,Th
bobmclah-1,F2: Universal
bocagpnp-1,Mac2
boccmnkn-1,F2: Universal
bocgphih-1,VE3_Ven
bodclbga-1,Pericyte1
bodkiapl-1,VE3_Ven
bodmoloj-1,Pericyte1
boekjbgd-1,KC1
boencgje-1,KC3
boeppnfl-1,KC3
bofbjgpk-1,KC1
bofnhllm-1,KC5
bogdjkhk-1,KC3
bogeadbj-1,KC3
boggapcn-1,KC1
bogmhbab-1,KC1
bohcnfff-1,KC1
bohffbim-1,KC3
bohlnkio-1,KC3
bohmdabc-1,KC1
bohnjhla-1,KC1
bohpllbc-1,KC1
boieldge-1,KC1
boifphlc-1,KC1
boigmben-1,KC3
bojbkjnb-1,KC
bojgajml-1,KC3
bojkbigc-1,KC
bojlbddl-1,KC3
bokdmhaa-1,KC1
bokfbpcm-1,KC3
bokmkpoe-1,KC3
bokmldhp-1,KC3
bokpdpfg-1,KC3
bolbmedb-1,KC1
bolhadnm-1,KC3
bolnofec-1,KC3
bombhdib-1,VE4_Cap
bonbmfdd-1,Pericyte1
boncmpla-1,Mac2
bonffbmd-1,VE1_Art
bonimomg-1,Smooth muscle
bonodckc-1,Smooth muscle
bonpgmgf-1,F2: Universal
boobabci-1,F2: Universal
bookbkmo-1,Mac2
boomgmcm-1,Treg
bopcelpd-1,Treg
bopefdaf-1,Th
bopgdpan-1,Tc1
bophecdl-1,Th
bophlgob-1,Mast cell
bophnmco-1,F2: Universal
boplnoee-1,Th
boplpjeo-1,Mac2
bpaalnjn-1,T
bpadollm-1,Tc0
bpafmgeo-1,Th
bpajhhoc-1,Tc0
bpaljbka-1,F3: FRC-like
bpalojdf-1,cDC1
bpamjmbf-1,MoDC
bpanpaao-1,Mac2
bpbceine-1,Th
bpbcjeod-1,cDC2
bpbdlamo-1,F2: Universal
bpbeffpc-1,F2: Universal
bpbegfjo-1,T
bpbkcpae-1,Tc1
bpboepce-1,Th
bpcaogik-1,F2: Universal
bpcbbhcn-1,F2/3: Perivascular
bpciejfb-1,Sweat gland channel outer
bpcjdjfl-1,VE3_Ven
bpckligd-1,T
bpcmepif-1,T
bpcnmbad-1,VE4_Cap
bpcoibjk-1,F3: FRC-like
bpdainmj-1,F3: FRC-like
bpdeopnp-1,F3: FRC-like
bpdljgko-1,F2/3: Perivascular
bpdmpfcb-1,F3: FRC-like
bpdojdcd-1,LE
bpecafao-1,F3: FRC-like
bpecfieh-1,cDC
bpeenbdc-1,cDC1
bpeijpij-1,F1: Superficial
bpeilcgp-1,cDC2: MMP12hi
bpeinmai-1,T
bpfainbb-1,Th
bpfbjkeo-1,F3: FRC-like
bpfcagbe-1,F2/3: Perivascular
bpfiemkn-1,F3: FRC-like
bpfiilke-1,F3: FRC-like
bpfkpmle-1,F2: Universal
bpflkbig-1,Th
bpflokpa-1,Th
bpflonfj-1,T
bpgbjmok-1,cDC2: MMP12hi
bpgboipg-1,cDC
bpggjgif-1,cDC1
bpgmjdjd-1,Tc3_IFNGhi
bphaelkp-1,Th
bphaoeji-1,F3: FRC-like
bphbmdgo-1,Tc_Prolif
bphiplio-1,cDC2: MMP12hi
bpifjfld-1,F2: Universal
bpijlnif-1,F2: Universal
bpinbmim-1,F2: Universal
bpipopbo-1,Pericyte1
bpjbhmhm-1,VE3_Ven
bpjdognm-1,VE3_Ven
bpkalllk-1,F3: FRC-like
bpkcgnnc-1,VE3_Ven
bpkgcala-1,F2/3: Perivascular
bpkhfood-1,VE3_Ven
bpkhjiel-1,F3: FRC-like
bpkiiekj-1,VE3_Ven
bpknegpp-1,Th
bplbodoi-1,VE3_Ven
bplfhbhh-1,Mac2
bplhfecc-1,VE3_Ven
bplphcfj-1,Pericyte1
bpmafjhk-1,VE3_Ven
bpmfabpf-1,F2: Universal
bpmfpcma-1,F2: Universal
bpmhegdb-1,Mast cell
bpmjjfai-1,F2/3: Perivascular
bpmljfbo-1,VE3_Ven
bpmngihb-1,F3: FRC-like
bpnbiopp-1,Mac2
bpndfpmj-1,F3: FRC-like
bpniogad-1,F2: Universal
bpnjfonp-1,F2/3: Perivascular
bpoepibb-1,F2/3: Perivascular
bpogkpgh-1,cDC1
bpoinndp-1,F2: Universal
bponcgdo-1,F2: Universal
bppbnnkm-1,F2: Universal
bppddlcf-1,F2: Universal
bppldflb-1,F2/3: Perivascular
caaeklcj-1,cDC2: MMP12hi
caalmbdg-1,VE1_Art
caalmdih-1,VE3_Ven
caanghbo-1,F3: FRC-like
caaobodl-1,ILC3
caaoonah-1,F2: Universal
cabcgnbg-1,F3: FRC-like
cabilmmg-1,VE3_Ven
cabpdfnf-1,F2: Universal
cabpmcah-1,nmSchwann
cacbeend-1,nmSchwann
cacdlfhk-1,F2: Universal
cacfobla-1,F2: Universal
cadcdnaa-1,F2: Universal
cadhbjca-1,F2: Universal
cadhnigb-1,F2: Universal
cadidejp-1,VE3_Ven
cadodkml-1,VE3_Ven
caebnfng-1,Pericyte1
caeekani-1,VE3_Ven
caegkbpe-1,Th
caelpodk-1,VE3_Ven
caencnfc-1,Pericyte1
cafcjaen-1,Mac2
cafnpedl-1,F2: Universal
cagccbpg-1,F2/3: Perivascular
cagikjdj-1,F1: Superficial
cagjkigj-1,F3: FRC-like
cagmibgk-1,Th
cahbmckm-1,Mac2
cahcbnpb-1,Smooth muscle
cahgfoig-1,VE4_Cap
cahmbmeh-1,F2/3: Perivascular
cahmmbed-1,Smooth muscle
cahogaih-1,Smooth muscle
caiambkh-1,F2: Universal
caileiif-1,F2: Universal
cainjegb-1,F2/3: Perivascular
cajcionm-1,F2: Universal
cajlcfkc-1,VE3_Ven
cajnaemg-1,Mac2
cajnhhnc-1,Tnaive
cajnkpmk-1,KC3
cajogdlk-1,KC1
cakckdmm-1,KC1-2_cycling
cakhmdbh-1,KC1
cakichii-1,KC1
cakighhe-1,Melanocyte
caldmoph-1,KC1
calfcbmi-1,KC1-2_cycling
calfpnoo-1,KC1
caljfmeg-1,Melanocyte
calkehfp-1,KC2/3_cycling
callnali-1,KC2/3_cycling
cambpnge-1,KC2/3_cycling
camdompo-1,KC1
cameclkh-1,KC1
cammkkhb-1,KC2/3_cycling
caneipkn-1,KC1-2_cycling
cankndch-1,KC1
canlacbk-1,F2: Universal
cannfhde-1,F2: Universal
caoaleil-1,F2: Universal
caogamng-1,F1: Superficial
capadaap-1,KC1
capjlkcb-1,Melanocyte
capkbfan-1,Melanocyte
capkding-1,KC1
capkegjl-1,KC1
cbamodof-1,KC1-2_cycling
cbampllh-1,KC1
cbaoihjc-1,Melanocyte
cbbdbmld-1,KC3
cbbhmamm-1,Melanocyte
cbbigfjl-1,KC1
cbbkilnl-1,KC1-2_cycling
cbbkjipo-1,KC1
cbccoimd-1,KC3
cbcddfja-1,KC1
cbcgapod-1,KC1
cbchikpe-1,KC1
cbclnbcd-1,KC1-2_cycling
cbdddojp-1,KC
cbdibilm-1,Melanocyte
cbdkcpil-1,LC
cbdmlaal-1,KC1
cbebapga-1,KC3
cbejnhen-1,KC3
cbekenlo-1,KC1
cbemahcj-1,KC1
cbenpjfo-1,KC3
cbepeobn-1,KC3
cbepgafk-1,KC1
cbfipnjf-1,KC3
cbfjlikm-1,KC1
cbflklia-1,KC1
cbfmclle-1,KC1
cbgbhldf-1,KC1
cbgblngp-1,KC3
cbgcehpe-1,KC1
cbgdjape-1,KC1
cbgmhplp-1,KC3
cbgoelog-1,KC3
cbhacalc-1,KC3
cbhegpdp-1,KC3
cbhpjamf-1,KC3
cbicbkni-1,KC1
cbienpcc-1,KC
cbihffle-1,KC1
cbilphgm-1,KC3
cbimkkae-1,KC
cbjakobo-1,KC3
cbjamggb-1,KC3
cbjcfjmp-1,KC3
cbjegklh-1,KC3
cbjjacjf-1,KC3
cbjjhmmk-1,KC1
cbjlkfkd-1,KC3
cbjlnmjb-1,KC3
cbjofdko-1,KC3
cbjpnicn-1,KC3
cbkimlmi-1,KC3
cbklblph-1,KC3
cbkpfeda-1,KC3
cbkppfmc-1,KC1
cbldkglm-1,KC3
cbmfecnh-1,KC3
cbmkpoba-1,KC3
cbmlcemj-1,KC5
cbmmaleg-1,KC3
cbndglfd-1,KC3
cbnimfdd-1,KC3
cbnjjjbo-1,KC3
cbnkdjln-1,KC3
cbocppgd-1,KC3
cbogjloj-1,KC3
cboniman-1,KC3
cbopopii-1,KC1
cbpanmjm-1,F2: Universal
cbpmlemm-1,KC1
cbpmmpck-1,KC3
ccaaijpc-1,KC1
ccabkmka-1,KC3
ccaeageb-1,KC1
ccaedidk-1,KC1
ccaggckl-1,Melanocyte
ccbbngdd-1,KC1
ccbfcdmm-1,KC1
ccbghcin-1,F2: Universal
ccbjeaam-1,Mac2
ccbmfnjp-1,Melanocyte
ccbnenib-1,KC1-2_cycling
cccbffii-1,KC1
cccjjpkl-1,F1: Superficial
ccckjhhh-1,Melanocyte
ccdcpbka-1,KC1
cceajomm-1,KC1
ccecipfa-1,KC1-2_cycling
cceeeooo-1,KC1
ccejjhga-1,KC1
ccekhljk-1,KC1
cceocgjb-1,KC1
ccfadeol-1,KC2/3_cycling
ccfdlilk-1,KC1
ccfgegmo-1,KC1
ccfgogja-1,KC1
ccfindam-1,KC1
ccgpdkbo-1,KC1
cchadmhl-1,KC1
cchcacjn-1,KC3
cchgmbip-1,KC1
cchienje-1,KC1
cchjfhkd-1,KC1
cchmopha-1,KC3
cchnnkcc-1,KC3
cciaibpn-1,KC1
ccibliac-1,cDC2
ccifneie-1,KC1
cciicndn-1,KC1-2_cycling
ccikhgfb-1,KC1
ccincioa-1,KC1
ccjcjcao-1,KC3
ccjfllpb-1,KC3
ccjjfmko-1,KC3
ccjpcdff-1,KC3
cckdhngk-1,KC3
cckgilkb-1,KC3
cckliphe-1,KC3
cclanpei-1,KC3
cclfiojd-1,KC3
cclgabdg-1,KC3
cclgmgjf-1,KC3
cclnjahk-1,KC3
ccmafjdn-1,KC3
ccmccegf-1,KC3
ccmeicgm-1,KC3
ccmghcbl-1,KC3
ccmhkbfd-1,KC3
ccncabkj-1,KC5
ccnclack-1,KC3
ccnfnaef-1,KC3
ccnhdlfa-1,KC3
ccodeecm-1,KC1
ccoecjbk-1,KC1
ccohckpd-1,KC1
ccolgigm-1,KC3
ccomlmob-1,KC1
ccoocifp-1,KC1
ccooodba-1,KC5
ccpggehf-1,KC3
ccpiglji-1,KC3
ccpinpbb-1,KC3
ccpkdjak-1,KC3
ccpmcfip-1,KC3
ccpphfpp-1,KC3
cdaabfac-1,KC3
cdaiffie-1,KC3
cdaildgm-1,KC1
cdaljjge-1,KC3
cdanolhb-1,KC1-2_cycling
cdbbbffb-1,KC1
cdbdokpf-1,KC2/3_cycling
cdboiblm-1,KC3
cdcddmmf-1,KC1
cdcgeafg-1,F1: Superficial
cdclijjc-1,KC1
cdcmphpb-1,KC3
cdcomkfg-1,KC3
cdconiab-1,Pericyte1
cdcoomml-1,F1: Superficial
cddjgejd-1,VE4_Cap
cddlbhkl-1,F1: Superficial
cddmmcop-1,LE
cddofhjn-1,F1: Superficial
cddpcppi-1,F1: Superficial
cdeafcdf-1,Mac2
cdekfbob-1,Mac2
cdempkpn-1,F1: Superficial
cdfhmefk-1,cDC2
cdfjbjih-1,F1: Superficial
cdflpjaf-1,KC3
cdfmplkd-1,KC1
cdgaadml-1,KC2/3_cycling
cdgdfhfp-1,KC1
cdgebobb-1,KC3
cdgflhbh-1,KC1
cdggbgme-1,Th
cdgojdoc-1,F2: Universal
cdhddfdm-1,nmSchwann
cdhfpdcd-1,F2: Universal
cdhiagbn-1,cDC
cdhnpgoi-1,F1: Superficial
cdhpijmb-1,KC2/3_cycling
cdhpjlpb-1,F1: Superficial
cdibllhn-1,T
cdieafbh-1,Melanocyte
cdiefmdi-1,KC1
cdiflcke-1,KC1
cdifodko-1,Melanocyte
cdiopjih-1,KC1
cdipbpdh-1,KC1
cdjaeplf-1,KC1
cdjcfhgg-1,KC2/3_cycling
cdjgbjkg-1,KC1
cdjjbead-1,KC3
cdjmfcff-1,KC1
cdjmngld-1,KC3
cdkdjffk-1,KC3
cdkhdoif-1,KC3
cdkkapph-1,KC3
cdkldedp-1,KC3
cdkmdbob-1,KC3
cdkmpiac-1,KC3
cdkncnia-1,KC1
cdlbmcml-1,LC
cdlclkbk-1,KC3
cdlgkleb-1,KC
cdlhaghn-1,KC5
cdljlbae-1,KC3
cdllhgdb-1,KC3
cdlofcpl-1,KC3
cdmanali-1,KC5
cdmcbanl-1,KC1
cdmfbllk-1,KC3
cdmhnlcb-1,KC
cdmjjefn-1,KC
cdmmbmim-1,KC
cdmmdelg-1,KC5
cdmmhhoo-1,KC3
cdmohoac-1,KC
cdmomimj-1,KC3
cdngpojm-1,KC3
cdnmjfdm-1,KC3
cdnpdgmi-1,KC3
cdodlnff-1,KC
cdodmdci-1,KC3
cdogalgp-1,KC1
cdolgbif-1,KC1
cdonjcaa-1,KC1
cdonljlo-1,KC1
cdoongdf-1,KC3
cdopbdcj-1,KC1
cdopgnmf-1,KC3
cdopmpnh-1,KC3
cdpidkmc-1,KC3
cdpiiihn-1,KC
cdpomlij-1,KC1
cdppllki-1,KC3
ceackdgp-1,KC3
ceafndhh-1,KC3
ceahjibf-1,KC3
ceajldni-1,LC
ceaohpob-1,KC1
cebaamob-1,KC1
cebbpodg-1,KC3
cebcclkj-1,KC1
cebcilap-1,KC3
cebelkhc-1,KC1
cebpeenn-1,KC1
cecapgmn-1,KC3
cecbgghb-1,KC1
cecdcepn-1,KC3
cecfmkdc-1,KC3
cecijgkj-1,KC3
cecjlpkj-1,KC
ceckdafh-1,KC3
ceckibga-1,KC3
ceckjcej-1,KC3
ceclabee-1,KC5
cecopfki-1,KC
cedllfkg-1,KC3
ceeboboc-1,KC
ceeffjlg-1,KC
ceegaelp-1,KC5
ceehfpfo-1,KC1
ceehideg-1,F1: Superficial
ceekkcln-1,KC3
ceekocdg-1,KC1
ceellkeo-1,KC1
ceeoifka-1,KC1
cefghgcn-1,nmSchwann
cefhfoej-1,F1: Superficial
cefjbebg-1,Mac2
cefkolbo-1,cDC
ceflpimj-1,KC3
cefmaoom-1,KC
cefmboep-1,KC3
cefminpn-1,KC3
cefnibil-1,Tc1
cefpembk-1,F2: Universal
cegaohon-1,VE3_Ven
cegbocah-1,VE3_Ven
cegchldj-1,KC
cegmboja-1,KC1
cegmicen-1,LC
cehbijmf-1,T
cehdiknf-1,cDC2
cehelllo-1,KC1
cehemgim-1,LE
cehflpol-1,Pericyte1
cehknobb-1,Mac2
cehlpcgj-1,T
ceiaapdk-1,cDC2
ceibdpik-1,F1: Superficial
ceikpani-1,F1: Superficial
cejadecb-1,Tc1
cejhnhmi-1,cDC2
cejpjpkp-1,MoDC
cekgkhdo-1,KC3
cekihllm-1,LC
cekodcbg-1,KC3
cekpkhge-1,KC1
celbljck-1,KC1-2_cycling
celenebm-1,KC3
celfmgaj-1,KC3
celndpba-1,KC3
celoofjf-1,KC3
cemcaikj-1,KC3
cemdjfop-1,KC3
cemkgkkk-1,KC3
cemmehcb-1,KC3
cempakjk-1,KC5
cenjompj-1,KC
ceoflakf-1,KC3
ceokedgf-1,KC3
cepaiclb-1,KC5
cepgehdg-1,KC
cepghlmh-1,KC
cepihheh-1,KC3
cepinboo-1,KC3
ceplfofn-1,KC3
cfaenoln-1,KC
cfahabdo-1,KC
cfakccjc-1,KC
cfamfole-1,KC
cfbfnean-1,KC3
cfbhpkaa-1,KC3
cfbmbohm-1,KC3
cfbmjcbk-1,KC1
cfbniiho-1,KC3
cfcankbg-1,KC
cfccjpij-1,KC3
cfcioidc-1,KC3
cfcmkcjn-1,KC3
cfdcdccc-1,KC3
cfdclcno-1,KC
cfdipcbi-1,KC5
cfdoempk-1,KC
cfeblhhe-1,KC3
cfeilbim-1,KC
cfekfkln-1,KC5
cfelfamh-1,KC3
cffbfldi-1,KC
cffifoba-1,KC3
cffobcbl-1,KC1
cfgabllg-1,KC3
cfgcfnkp-1,KC3
cfgdlbmj-1,KC
cfgedfjm-1,KC5
cfgojmmb-1,KC3
cfhedpmf-1,KC
cfhmgmpn-1,KC3
cfhnclmg-1,KC3
cfhplkhi-1,KC1
cfibggpn-1,KC1
cfiffcja-1,KC1
cfiggahj-1,KC1
cfihjfoo-1,KC1-2_cycling
cfimldob-1,KC1
cfinnbfk-1,KC3
cfjbnppp-1,KC1
cfjcedbi-1,KC1
cfjcgogj-1,KC1
cfjckeao-1,KC3
cfjnmilm-1,KC3
cfkancoc-1,KC3
cfkdkmop-1,KC3
cfkejdae-1,KC3
cfkfhlbh-1,KC3
cfklbpcc-1,KC3
cfkofiob-1,KC2/3_cycling
cflfaeia-1,KC1
cfmhikin-1,KC4
cfmifakc-1,KC3
cfmkglao-1,KC3
cfmmcjoc-1,KC3
cfndgfgb-1,KC5
cfnpldoe-1,KC1-2_cycling
cfoibkdj-1,KC1
cfojdilb-1,LC
cfokmbmo-1,KC1
cfonhcaf-1,KC1-2_cycling
cfooblee-1,KC1
cfpmimaf-1,KC1
cgbkloln-1,KC1
cgcblfeh-1,KC1
cgcgbhfb-1,KC1
cgchgooi-1,KC2/3_cycling
cgciocdf-1,KC3
cgclglgl-1,KC3
cgcmbgal-1,KC3
cgcofcgm-1,KC3
cgdbopjf-1,KC3
cgddiomf-1,KC3
cgdnhbfg-1,KC3
cgdooccn-1,Melanocyte
cgeekpli-1,KC3
cgegcbop-1,KC1
cgegejnn-1,KC3
cgegnomf-1,KC1
cgemcjpf-1,KC1
cgepgdbn-1,KC1-2_cycling
cgfalajn-1,F1: Superficial
cgfgldok-1,KC3
cgfglkgh-1,KC1
cgfmafih-1,KC1
cgfmnobp-1,KC3
cgfnddeh-1,KC3
cgfpjbea-1,KC1
cggbjmoc-1,KC3
cgghfhjj-1,KC3
cggjjlil-1,KC3
cghbaadh-1,KC3
cghgdmnd-1,KC3
cghnmmig-1,KC3
cgibeekn-1,KC3
cgibgcfj-1,KC3
cgifbcnl-1,KC1
cgigkkgj-1,KC1
cgijkjha-1,KC1
cgikhmpg-1,KC3
cgilpgmm-1,KC3
cginffne-1,KC1
cgjkemjc-1,LC
cgjmcelc-1,KC3
cgjogfkm-1,KC3
cgkbndhn-1,KC3
cgkhjcli-1,KC3
cgkhndgo-1,KCinflamm_basal
cgkkjlnn-1,KC1
cgklbdnf-1,KC1-2_cycling
cgleffbd-1,KC1
cglepkip-1,KC3
cgliofbg-1,KC1
cgmgjdpb-1,KC1
cgmpbjjo-1,KC1
cgnaeepe-1,KC2/3_cycling
cgncbplp-1,KC1
cgncdnno-1,KC1
cgobdjng-1,KC1
cgodimmk-1,KC3
cgolcgee-1,KC3
cgonpojh-1,KC3
cgpeojei-1,KC3
cgpfjehj-1,KC3
cgpfnejn-1,KC3
cgpgpnok-1,KC3
cgpkhejl-1,KC3
cgpldmkm-1,KC1
cgpnlkfi-1,KC1
chaddflp-1,KC3
chaffknc-1,KC3
chahbehm-1,KC3
chankioh-1,KC3
chaoddpb-1,KC1
chbeehgg-1,KC3
chbgoich-1,KC1
chbpdjgm-1,KC3
chccnpjk-1,KC1
chcdbefo-1,Melanocyte
chcikoel-1,KC3
chclfehl-1,KC1
chcmfnna-1,KC3
chcnfdic-1,KC3
chdegcjh-1,KC3
chdeikac-1,KC3
chdfakcm-1,KC5
chdipmbc-1,KC3
chdjaopa-1,KC1
chdnokjp-1,KC3
chebflcp-1,KC3
cheeflem-1,KC3
chejmpgh-1,KC3
chfcobnk-1,KC3
chfggnnd-1,KC3
chfihofl-1,KC3
chfkimma-1,KC3
chflhfdp-1,KC3
chflmkjm-1,KC3
chgilial-1,KC3
chgjolgm-1,KC3
chgjpcph-1,KC3
chglghhj-1,KC3
chglnkki-1,KC3
chgojijd-1,KC1
chhaekbc-1,KC3
chhfhnmb-1,KC1
chhglpfo-1,KC3
chhgojlo-1,KC1
chhmaimd-1,KC1
chhmeghp-1,KC3
chhmfplb-1,KC3
chhnfnno-1,KC3
chhokmkl-1,KC3
chieplni-1,KC3
chiimpdm-1,LC
chiknlai-1,KC3
chikompm-1,KC1-2_cycling
chkegkmj-1,KC
chkkdhip-1,KC3
chknjmkn-1,KC1
chknmgib-1,KC3
chlajfhd-1,KC3
chldldke-1,KC3
chlhniog-1,KC3
chmeplip-1,KC3
chmpkjem-1,KC1
chndbbfa-1,KC3
chnigbmp-1,KC3
chociped-1,KC3
choeoamo-1,KC3
chogigdf-1,KC3
chohnohm-1,KC
chojelpk-1,KC3
chpbepcd-1,KC3
chplccej-1,KC
chpmgalm-1,KC3
chponkdg-1,KC1
ciahnjkg-1,KC1
ciajgego-1,KC3
ciappeip-1,KC1
cibbcgeg-1,KC1
cibbkbad-1,KC1
cibcnggp-1,KC1
cibfbojn-1,Melanocyte
cibfdjde-1,KC1
cibielpl-1,KC1
ciblmpne-1,KC1
cibnkfnb-1,KC1
cicmoimn-1,KC3
cidcbmhi-1,KC3
cidflfpj-1,KC1
cidkmknj-1,KC1
ciekekne-1,KC3
cifcfpeo-1,KC3
cifniogi-1,KC2/3_cycling
cifopjbo-1,KC3
cignfhod-1,KC3
cihampcn-1,KC3
cihlnmlh-1,KC3
cihngple-1,KC1-2_cycling
ciibmfgc-1,KC1-2_cycling
ciiljkok-1,KC1
cijfidfo-1,KC1
cijileal-1,KC3
cijkhfcp-1,LC
cikaolln-1,KC3
cikbfehc-1,KC3
cikcggeh-1,KC1
cikdfnpn-1,KC3
cikepgmd-1,KC1
cikokeel-1,LC
cilbcaki-1,KC3
cilbgfbp-1,KC1
cilcehkp-1,KC1
cilhaleh-1,KC3
cimagbmk-1,KC1
cimbhjib-1,KC3
cimdglag-1,KC3
cimglfoi-1,KC5
cimhaaih-1,KC
cimhfmlk-1,KC5
ciobngmh-1,KC
ciocldmf-1,KC1
ciofckfk-1,KC3
ciofhinb-1,KC1-2_cycling
ciofklfl-1,KC3
ciogkocj-1,KC1
ciolkbpk-1,KC3
ciomfffp-1,KC3
ciompfji-1,KC3
cipcgfee-1,KC3
cippaeae-1,KC3
cjaelgaf-1,KC3
cjagpoif-1,KC1
cjaijang-1,KC3
cjajpnea-1,KC3
cjbehnfa-1,KC
cjbgnpmn-1,KC3
cjbmnlbo-1,KC
cjcfgoea-1,KC5
cjchfkod-1,KC5
cjcjoopf-1,KC
cjdalfdf-1,KC3
cjdaphfi-1,KC3
cjdfneom-1,KC3
cjdlghih-1,KC3
cjdndolp-1,KC3
cjdodook-1,KC3
cjedlgig-1,KC3
cjegkfip-1,KC
cjejdcoi-1,KC5
cjekpddo-1,KC3
cjelcdbf-1,KC3
cjeoglic-1,KC3
cjflbcag-1,KC3
cjflckic-1,KC3
cjflggij-1,KC1
cjfpmgcf-1,KC1
cjgcaimf-1,KC1
cjgkpmlk-1,KC1
cjgmplde-1,KC1
cjhailnb-1,KC1
cjhalgfb-1,KCinflamm_basal
cjhaonpp-1,KC3
cjhbiece-1,KC1
cjhdnamb-1,KC
cjhehelf-1,KC1
cjhgehkm-1,KC3
cjhlfica-1,KC
cjhpoaif-1,KC2/3_cycling
cjiadglo-1,KC
cjidjgkl-1,KC5
cjifibae-1,KC3
cjijpodn-1,KC3
cjikiacc-1,KC5
cjimpiof-1,KC5
cjkbokla-1,KC5
cjkhkfoa-1,KC
cjkilfgh-1,KC3
cjkmfdbd-1,KC
cjkmmdpa-1,KC1-2_cycling
cjlalbde-1,KC
cjlbjfaj-1,KC5
cjlclfne-1,KC3
cjmcgpkh-1,KC3
cjmcpnbh-1,KC3
cjmdkogf-1,KC5
cjmebbkk-1,KC1
cjmfjbak-1,KC1
cjmgcjhp-1,KC3
cjmhipnc-1,KC3
cjmilmhj-1,KC3
cjmphjaj-1,KC3
cjndggka-1,KC1
cjoibkif-1,KC3
cjojladp-1,KC5
cjokpoih-1,KC3
cjondkgd-1,T
cjopnamg-1,KC3
cjpaaapb-1,KC3
cjpcccde-1,KC3
cjphjgbc-1,KC3
cjpjppel-1,KC3
cjpoljpk-1,KC3
ckaeelbf-1,KC3
ckafcaha-1,KC3
ckafhggd-1,KC3
ckaiaehk-1,KC3
ckamaoei-1,KC1
ckamddmk-1,KC
ckapgece-1,KC3
ckbfbnjl-1,KC3
ckbgbpal-1,KC3
ckblahgl-1,KC3
ckboakla-1,KC5
ckbojdnk-1,KC5
ckbpbgoh-1,KC
ckbpjhhb-1,KC3
ckcamheo-1,KC3
ckcbfgij-1,KC3
ckceolmh-1,KC1
ckcffeal-1,KC1
ckcodmmc-1,KC1
ckecjdof-1,KC3
ckedhkoj-1,KC5
ckelcaja-1,KC3
ckemadae-1,KC3
ckemelli-1,KC4
ckfcgljm-1,KC4
ckfklhji-1,KC3
ckfompbk-1,KC3
ckgchobk-1,KC1
ckghnbpe-1,LC
ckgjcaco-1,KC3
ckgodgdg-1,KC3
ckhcdpik-1,KC3
ckiilkdi-1,KC3
ckijelon-1,KC1
ckijfkhg-1,KC3
ckilnkfc-1,KC3
ckjgdjap-1,KC3
ckjikooe-1,KC3
ckjmhhgb-1,KC3
ckjnjehe-1,KC3
ckjodegd-1,KC3
ckjofphg-1,KC5
ckjoleem-1,KC3
ckkafoli-1,KC5
ckkahdfi-1,KC5
ckkfndme-1,KC5
ckkhepob-1,KC5
ckkkgofd-1,KC
ckklpcfm-1,KC3
ckkmonnn-1,KC3
ckkpcmie-1,KC3
ckkpijpl-1,KC5
cklchoma-1,KC5
cklckonh-1,KC3
cklemaai-1,KC5
cklfiahn-1,KC3
cklodkaj-1,KC5
ckmcfcpk-1,VE3_Ven
ckmcnean-1,F3: FRC-like
ckmgglpd-1,cDC2: MMP12hi
ckmhdmep-1,F3: FRC-like
cknapnbe-1,VE3_Ven
cknfmhcp-1,Pericyte2_VSMC
cknjnkil-1,Th
cknlgffp-1,F3: FRC-like
ckobjijd-1,Mac2
ckofppid-1,MigDC (cDC2)
ckogdfmk-1,Tc1
ckohlbgh-1,cDC2
ckonpmbj-1,F2: Universal
ckoodifj-1,Th
ckpaekml-1,F1: Superficial
ckpodbdk-1,Tc2
cladijpl-1,KC1
clajddid-1,KC3
clangenf-1,KC3
clbekjgk-1,KC1-2_cycling
clbhhdhe-1,KC1
clbnkaoo-1,KC1
clcddedc-1,KC3
clchabdn-1,KC3
clddhlij-1,KC1
cldilgaa-1,Melanocyte
cldmnihi-1,KC1
cldnjgkp-1,KC1
cldokiif-1,F1: Superficial
cleadcid-1,VE3_Ven
clebfopi-1,VE3_Ven
clefliol-1,F2: Universal
clegejnf-1,Mac2
clehpebc-1,T_γδ
clenmlll-1,VE4_Cap
clepdbnl-1,F3: FRC-like
clfcndie-1,F2: Universal
clfejccg-1,KC3
clfmnjhl-1,KC1
clgkjpjk-1,KC2/3_cycling
clhdgcjj-1,KC3
clhdgcnn-1,Melanocyte
clhjdhgo-1,KC3
clhleeie-1,KC1
clibmgkd-1,KC3
clidimma-1,Pericyte1
clihbioo-1,cDC2: MMP12hi
clihdiak-1,F1: Superficial
clihpkbe-1,F2: Universal
clijkepf-1,VE3_Ven
clilbdcm-1,VE3_Ven
clioanpl-1,KC1
cljabdfb-1,T
cljapfib-1,F2: Universal
cljjgfgj-1,Melanocyte
cljmndna-1,KC3
cljnheae-1,KC1
cljnicki-1,KC1-2_cycling
cljocape-1,KC1-2_cycling
clkadjap-1,Sweat gland channel outer
clkdefkf-1,KC1
clkeimdb-1,KC
cllbcpmc-1,KC1
cllikpfg-1,VE3_Ven
cllkfcnj-1,Mac2
cllkkbli-1,F2: Universal
cllmcldh-1,VE3_Ven
clmapkpj-1,KC3
clmekeja-1,KC1
clmlmnoo-1,KC2/3_cycling
clmlolll-1,KC1
clmmemgo-1,KC1
clmpogcj-1,KC1
clnflepo-1,KC3
clnhbhep-1,KC1
clnhlgeh-1,KC1
clnlldaf-1,KC1
cloabmie-1,KC1
cloahdbd-1,KC3
clockipe-1,KC1
clojghhf-1,KC3
clomalli-1,KC1
clpbfbfl-1,KC3
clpbiifn-1,KC1
clpgbadb-1,F1: Superficial
clpgbaie-1,KC3
clpibgac-1,KC1
clpjpfob-1,KC3
clplalcd-1,KC1
clpojldg-1,LC
clppcbph-1,KC1
cmaafceg-1,KC2/3_cycling
cmaalpgp-1,KC3
cmalaabf-1,KC1-2_cycling
cmalgpfk-1,KC1
cmaningo-1,KC3
cmbfobgi-1,KC1
cmbhoboi-1,KC3
cmbkmmfi-1,KC1
cmcihhap-1,LE
cmdejbhd-1,Mac2
cmdhdmek-1,KC1
cmdiehmm-1,KC1
cmeakncb-1,LE
cmebgnna-1,F1: Superficial
cmeepdgl-1,KC3
cmeepial-1,LE
cmfflbnm-1,KC3
cmfnkfeb-1,KC3
cmgbncbp-1,KC
cmgmooin-1,KC3
cmgofmfn-1,KC1
cmhbcgmh-1,KC1
cmhbdnjd-1,KC1
cmhedpbe-1,KC1
cmhhdihp-1,Melanocyte
cmhhlhdp-1,F1: Superficial
cmhppapb-1,VE3_Ven
cmibpjdb-1,F1: Superficial
cmiklmom-1,KC1
cmjgijjl-1,KC1
cmjifbgo-1,KC1
cmjjpmld-1,KC1
cmjkiagc-1,KC1
cmjmodna-1,KC1
cmjobeeg-1,KC2/3_cycling
cmjopdof-1,KC1
cmkckdpl-1,KC1
cmkcolpl-1,KC1
cmkohdmk-1,KC1
cmlahjbm-1,KC3
cmleefol-1,KC1
cmlhjpjg-1,KC3
cmlkbkhm-1,KC2/3_cycling
cmlklfgk-1,KC1
cmmbfocb-1,KC3
cmmhjmjg-1,KC1
cmmhmhoe-1,KC1-2_cycling
cmmmdidp-1,KC3
cmmobnjm-1,KC3
cmmohnde-1,KC3
cmncneoa-1,KC3
cmndlbhb-1,KC1
cmngfmch-1,KC1
cmnlmici-1,KC2/3_cycling
cmoaclom-1,KC1
cmogkgem-1,KC
cmoikmka-1,KC1
cmokfnli-1,Melanocyte
cmonpjae-1,KC
cmopncbd-1,KC2/3_cycling
cmpjkneg-1,KC
cmpkmjbj-1,KC1
cmpkphpo-1,KC3
cmpnoadj-1,KC
cnacjdco-1,KC3
cnadkcpg-1,KC3
cnafkhaa-1,KC3
cnaiecnf-1,KC3
cnaigpfh-1,KC1
cnaiofia-1,KC1
cnajmoob-1,KC3
cnananbi-1,KC3
cnanodng-1,KC1
cnbcmfpj-1,KC3
cnbglmab-1,KC1
cnbjeibp-1,KC1
cnbolnab-1,KC1
cncceoff-1,KC1
cnccnmhl-1,KC3
cnchaikb-1,KC3
cncifefl-1,KC3
cndddlfc-1,KC1
cndeaopd-1,KC1
cndgmhcg-1,KC3
cndhnlph-1,KC3
cndncdbo-1,KC1
cneelffd-1,KC2/3_cycling
cnegmgmc-1,KC1
cnelchlo-1,KC1
cneldpnm-1,KC1
cnellfbb-1,KC1
cnelliie-1,KC1
cnfdihil-1,KC3
cnflpkjc-1,KC1
cngagbja-1,KC3
cngbcmjc-1,KC3
cngbffnl-1,KC3
cngkpkhp-1,KC3
cngocaoh-1,KC
cnhheoen-1,KC3
cnhhobbp-1,KC
cnhihcal-1,KC1
cniehchj-1,KC1
cnimbgjg-1,KC1
cninmlhe-1,KC1
cnjdjmgk-1,KC1
cnjhecgj-1,KC3
cnjhihpd-1,KC1
cnknlpgh-1,KC1
cnkpcjbp-1,Melanocyte
cnlakaab-1,KC1
cnlbdnkb-1,Melanocyte
cnlgembo-1,KC1
cnlgfbjc-1,KC1
cnlkopci-1,KC1
cnmfhcje-1,KC3
cnmgobif-1,KC5
cnmmjhjn-1,KC3
cnnbfgee-1,KC5
cnnbkmch-1,KC3
cnnfmhif-1,KC3
cnnmgabh-1,KC3
cnoddpml-1,KC3
cnodlgkc-1,KC3
cnoeaioo-1,KC5
cnohhmkg-1,KC3
cnookhec-1,KC3
cnpbdndn-1,KC3
cnpdknln-1,KC3
coadfiif-1,KC3
coagdplj-1,KC3
coakhijl-1,KC3
coakjmai-1,KC
coalggho-1,KC1
coaljfib-1,KC3
coalomof-1,KC1
coaomnjb-1,KC3
coapddif-1,KC3
cobaiohp-1,KC3
cocadjef-1,KC1
cocbomja-1,KC3
cocepmig-1,KC1
cocioefa-1,KC3
cocnfphc-1,KC3
cocpccge-1,KC3
codellnm-1,KC3
codgggdh-1,KC3
codgmgcd-1,KC3
codknglo-1,KC5
codopdpd-1,KC3
coeafbhc-1,KC1
coeaofnh-1,KC3
coecepli-1,KC3
coeghnib-1,KC1
coehdlih-1,KC3
coejniak-1,KC3
coemaoep-1,KC3
coemjajp-1,KC1
coffadlh-1,KC1
coggfpna-1,KC3
cogjgapo-1,KC3
cognknfb-1,KC3
cohackdi-1,KC1
cohgbmlp-1,KC
cohoobgk-1,KC3
cohooejj-1,KC3
coibbkhf-1,KC3
coicgegb-1,KC3
coieidfl-1,KC3
coijhmab-1,KC3
coikdpho-1,KC3
cojaeofi-1,KC3
cojbmlij-1,KC3
cojejmci-1,KC1
cojenfnj-1,KC1
cojgimob-1,KC3
cojhjdfc-1,KC3
cojodjac-1,KC3
cokdfejp-1,KC3
cokibclh-1,KC1
coklcpeh-1,KC
cokpaojg-1,KC1
colbmgof-1,KC1
collhnaa-1,LC
coloijdg-1,KC3
comaahpi-1,KC5
comaeoli-1,KC3
comjoafh-1,KC3
comleiil-1,KC1
conakegc-1,KC1
conbiclk-1,KC1
conbpigf-1,KC1
condbjpf-1,KC3
conglomp-1,KC
conmpdbf-1,KC3
connadja-1,KC3
conoahgm-1,KC
conpjbni-1,KC3
cooannne-1,KC3
cooccpbi-1,KC1
cooppaif-1,KC3
copeankl-1,KC1
copggeoi-1,KC1
cophgdkn-1,KC3
copmogje-1,KC3
cpahkjpc-1,KC3
cpapocjg-1,KC3
cpbaklbd-1,KC3
cpbanege-1,KC3
cpbecpjm-1,KC3
cpbeojde-1,KC3
cpbjmafp-1,VE3_Ven
cpboohel-1,KC1
cpccklco-1,KC3
cpciiljl-1,KC3
cpckijni-1,KC1
cpclkigp-1,KC3
cpdaokdg-1,KC3
cpdgceda-1,LC
cpdkfaej-1,KC3
cpdmcaeg-1,KC1
cpeeodmo-1,KC1
cpfaadmn-1,KC1
cpfdgikj-1,KC1
cpfdlapj-1,KC1
cpfhbonb-1,KC1
cpfifadg-1,KC1
cpfikmhj-1,KC1
cpfjinch-1,KC3
cpgldjkg-1,KC3
cpgpnpck-1,KC1
cphaagfm-1,KC1
cphadngh-1,KC3
cpiajfpf-1,KC3
cpicddkl-1,KC3
cpifcjmj-1,KC3
cpigdcch-1,KC3
cpigdfcp-1,KC3
cpijcpgm-1,cDC1
cpijiedp-1,KC1
cpinpjpe-1,KC1
cpjefbfb-1,F1: Superficial
cpjfgceh-1,KC3
cpjhefal-1,KC1
cpjmmoak-1,KC3
cpjnbjdf-1,KC
cpjodiep-1,KC1
cpkeceho-1,KC3
cpkjhbdk-1,KC1
cpknfhhk-1,KC1
cplghfkl-1,KC3
cploigdi-1,KC3
cpmbhobb-1,KC3
cpmllcdl-1,KC3
cpmnilea-1,KC3
cpnbelhh-1,KC1
cpndcepb-1,KC1
cpnhaien-1,KC3
cpninicn-1,KC3
cpogpfhe-1,KC1
cpoicklf-1,KC1
cponigik-1,KC3
cpoobcja-1,KC3
cppdamod-1,KC1
cppekamd-1,KC
cppiicej-1,KC3
cppknpph-1,KC3
cpplmbfn-1,KC1
cppppnom-1,KC3
daandaoc-1,KC3
daannlcg-1,KC3
daaokimo-1,KC3
dabedngn-1,KC
dabmnibn-1,KC1
dabphiee-1,KC1
dacdmigo-1,LC
dachgmhm-1,KC3
dacikooe-1,KC1
dacnkiep-1,KC3
dacplgdb-1,KC
dadbgjkd-1,KC3
dadeabbj-1,KC5
dadfmcfb-1,KC
dadhpojd-1,KC1
dadihgoo-1,KC3
dadkopei-1,KC3
dadmpnlk-1,KC1-2_cycling
daekngna-1,KC1
daeldnkg-1,KC1
daelmicg-1,KC1
daemeifj-1,KC1
daenoomh-1,KC1
dafcbndf-1,Melanocyte
dafekbfj-1,KC1
dafkdhen-1,KC1
dafmmnjb-1,Melanocyte
dagangfi-1,KC1
dagggknb-1,KC1
dagmjdig-1,KC3
dagngian-1,KC3
dagnmgmd-1,KC3
dahkdamj-1,Melanocyte
dahklceg-1,KC5
dahpnadf-1,KC3
dahpomdh-1,KC3
dajbbcdc-1,KC1
dajdopno-1,KC3
dajfdmbd-1,KC3
dajhjhic-1,KC3
dajlchpo-1,KC3
dakcmhhm-1,KC3
dakiachn-1,KC
dakmnidj-1,KC
daljjacg-1,KC1
dalkcghd-1,KC1
dalmcnni-1,KC3
dambbkag-1,KC3
damfjipb-1,KC3
damjdgca-1,KC3
damkfjka-1,KC3
dampcpnl-1,KC3
dancblcd-1,KC3
dancjhnb-1,KC3
dandepjk-1,KC3
danfkmgo-1,KC3
dangilln-1,KC3
danhcmlh-1,KC5
danindki-1,KC3
danlbhpn-1,KC3
daoinkhf-1,KC3
dbabehbb-1,KC3
dbabgknp-1,KC3
dbaigfco-1,KC3
dbaknhka-1,KC3
dbbagoel-1,KC3
dbbajkof-1,KC3
dbbdelfc-1,KC3
dbbfgihf-1,KC3
dbbhnekb-1,KC3
dbbjcjio-1,KC1
dbbpkeki-1,KC3
dbchindc-1,KC3
dbcliabc-1,KC3
dbcmbngi-1,KC3
dbcppoad-1,KC3
dbdbgjde-1,KC3
dbdfbmik-1,KC3
dbdloloh-1,KC3
dbdokmea-1,KC3
dbeidcih-1,KC
dbelpndi-1,KC1
dbfkjojj-1,KC
dbfndcio-1,KC3
dbfphbcj-1,LC
dbgblofa-1,KC3
dbgcbomg-1,KC3
dbgdgfml-1,KC3
dbgojkoa-1,KC3
dbhcepla-1,KC3
dbhdgnhd-1,KC5
dbhdlaij-1,KC3
dbianjem-1,KC5
dbigmfch-1,KC3
dbihoblb-1,KC3
dbiicecj-1,KC3
dbinaojk-1,KC1
dbinbgcm-1,KC1
dbjiohea-1,KC1
dbjkcgbi-1,KC3
dbkacnlf-1,KC3
dbkcbecp-1,KC5
dbkdiflf-1,KC3
dbkjcoec-1,KC3
dbklodel-1,KC3
dbkpfjdj-1,KC1
dblhphpk-1,KC3
dblkkhag-1,KC1
dblnlkig-1,KC3
dbmcmecf-1,KC1
dbmidaib-1,KC1
dbngfmpn-1,KC1
dbnidlfo-1,KC3
dboaedgp-1,Mac2
dboaepcg-1,KC1
dbolmehi-1,KC3
dbpcdkpb-1,F1: Superficial
dbpcfpmk-1,KC1
dbpnogpc-1,KC3
dcaaipob-1,KC1
dcabbdcp-1,KC3
dcafpoen-1,KC1
dcapljip-1,KC1-2_cycling
dcbagmmh-1,T_γδ
dcbcdocj-1,KC1
dcbjbfmd-1,KC1
dcbphaem-1,KC1
dcccgfeg-1,KC3
dccgfkhi-1,KC5
dccjjnmo-1,KC3
dcclpgjh-1,KC3
dccpajgo-1,KC
dcdddbfe-1,KC
dcdgmbpa-1,KC3
dcdjngof-1,KC3
dcdlakmh-1,KC3
dcepngco-1,KC3
dcfgokoj-1,KC3
dcfhgmbi-1,KC3
dcfmbmji-1,KC
dcfodpah-1,KC3
dcgcfffh-1,KC3
dcghaimm-1,KC3
dcgjifed-1,KC3
dcgklebp-1,KC3
dchekpep-1,KC3
dcifjnlh-1,KC3
dcjbfiei-1,KC3
dcjbijef-1,KC3
dcjdpngo-1,KC
dcjjeekh-1,KC3
dcjjndmj-1,KC5
dckbhfcg-1,KC5
dckbkdog-1,KC5
dckeomon-1,KC3
dckfjdfi-1,KC3
dckgoldb-1,KC3
dcklflmd-1,KC3
dclbnido-1,KC3
dcldlfph-1,KC3
dclgiikj-1,KC3
dclmnlfl-1,KC3
dcmaobpl-1,KC3
dcmeppmm-1,KC1
dcmhehbl-1,KC1
dcmogfmb-1,KC1-2_cycling
dcmpepgc-1,KC1
dcnedbpd-1,KC1
dcnfkanf-1,KC3
dcngggcd-1,KC1
dcnhkbej-1,KC3
dcnmhaff-1,KC3
dcobaoph-1,KC1
dcodndkj-1,Melanocyte
dcoeaglb-1,KC3
dcoedfde-1,KC3
dcoemifg-1,KC3
dcohkcil-1,KC3
dcoifklh-1,KC3
dcoigjid-1,KC3
dcpcidmm-1,KC1-2_cycling
dcpgjppj-1,KC3
dcpkonhd-1,KC1
dcplakab-1,KC2/3_cycling
ddaieijo-1,KC3
ddajbkkm-1,KC3
ddalekig-1,KC3
ddaojckp-1,KC3
ddbccdfe-1,KC3
ddbccepj-1,KC3
ddbcnmaa-1,KC3
ddbfknlg-1,KC5
ddcfieoo-1,KC3
ddcijgcm-1,KC3
ddcmbgag-1,KC3
ddcodajc-1,LC
ddcofbdb-1,KC3
dddffjjj-1,KC1
dddfloge-1,KC1
dddghmeb-1,KC1
dddiciml-1,KC1
dddloofh-1,KC3
dddnfllc-1,KC1
ddeagpii-1,KC3
ddecaeff-1,LC
ddegpigc-1,KC3
ddeifpba-1,KC3
ddeldihi-1,KC3
ddeolngl-1,KC3
ddfjfhdh-1,KC1
ddfjkdgo-1,LC
ddfolgfi-1,KC3
ddfpechd-1,KC1
ddgcikkb-1,KC1
ddgcpbmc-1,KC3
ddgfgehc-1,LC
ddgijbcg-1,KC1
ddhbmeji-1,KC1
ddhdlade-1,F1: Superficial
ddhhklna-1,KC1
ddhjfddj-1,KC1
ddhjjjaj-1,KC1
ddhkkohg-1,KC1
ddhnipja-1,KC3
ddieloop-1,KC1
ddiemkpj-1,KC1
ddiigbhn-1,KC2
ddjhcaja-1,KC3
ddjkkjbl-1,KC1
ddjmjhbc-1,KC3
ddjnlpbn-1,KC3
ddkcklej-1,KC3
ddkhkbhd-1,KC1
ddkijjkg-1,KC1
ddkojabo-1,KC1
ddlbkeib-1,Melanocyte
ddlekfkd-1,KC1
ddlofbao-1,KC3
ddlofokd-1,KC3
ddmcdmpd-1,KC3
ddmipeel-1,KC3
ddmmfalg-1,KC3
ddnhdfao-1,KC3
ddnmnifc-1,KC3
ddnobfme-1,KC3
ddoebioc-1,KC3
ddomgjgk-1,KC3
ddomoejk-1,KC3
ddooegkb-1,KC3
ddpdkbbn-1,KC3
ddpdpbbp-1,KC3
ddpfnghh-1,KC1-2_cycling
ddphibmb-1,KC3
ddphjdbk-1,KC1-2_cycling
ddpmoppm-1,KC1-2_cycling
deaadanb-1,KC3
deaffdlg-1,KC3
deahojpc-1,KC1
deakmkcn-1,KC1
deamfcpo-1,KC3
deanicao-1,KC1
debhomel-1,KC1
debkhnpc-1,KC3
debnbfad-1,KC3
debpcbka-1,KC3
decikike-1,KC3
decmmdlk-1,KC3
decogaio-1,KC1
dedabkgi-1,KC1
dedmiebm-1,KC3
dednahai-1,KC3
dedofmfo-1,KC3
deebjhlm-1,KC1
deefjbhh-1,KC3
deekilnk-1,KC3
deepbodf-1,KC3
deepgmii-1,KC1
defbbegj-1,KC3
defecpie-1,KC
defhofil-1,KC1
defkmngn-1,KC1
defknpbn-1,KC3
defnjjkf-1,KC1
defpdpef-1,KC1
degehlgo-1,KC1
degladca-1,KC1
dehafboh-1,KC1
dehaigdl-1,KC1-2_cycling
dehdjpmg-1,KC1
dehibgei-1,KC3
dehkoaan-1,KC3
dehlbfnh-1,KC1
dehlfbbm-1,KC1
deibchke-1,KC3
deineahn-1,KC3
deinoakk-1,KC
dejabmoh-1,KC3
dejbinbd-1,KC1
dejdjfpm-1,KC3
dejgdeik-1,KC3
dejhaiie-1,KC3
dejnjamp-1,KC3
dekaijee-1,KC3
dekgbnkk-1,KC3
dekigcem-1,KC1
delaidnd-1,KC1
deleconi-1,KC1-2_cycling
delgpjeh-1,KC1
delhcmgh-1,KC
dellchib-1,KC1
delneigg-1,KC1-2_cycling
demchgfg-1,KC1
demdckpg-1,KC1
demgiajh-1,KC3
demglpgi-1,KC1
demhbmjd-1,KC3
denjkfap-1,KC3
dennjfoe-1,KC3
deodihjd-1,LC
deoibmdh-1,KC
depgdldh-1,KC3
depodccj-1,KC3
dfaamoab-1,KC3
dfaanlnm-1,KC3
dfaccdhl-1,KC3
dfagbcjj-1,KC1
dfakijdl-1,KC3
dfbdmhik-1,KC1
dfbgmoia-1,KC1
dfbmbphp-1,KC3
dfbmhebl-1,KC3
dfbmlgli-1,KC3
dfcdlgil-1,KC3
dfchpldc-1,KC3
dfckgpcn-1,KC3
dfcnpbhn-1,KC3
dfdajgbj-1,KC3
dfdjhlna-1,LC
dfdjhpeh-1,KC1
dfdlpgij-1,KC3
dfeahgog-1,KC1
dfekjami-1,KC1
dfemgome-1,KC3
dfemjplb-1,KC3
dfenklja-1,KC3
dffalala-1,KC3
dffgeoio-1,KC3
dfgdflle-1,KC5
dfgilkli-1,KC3
dfhafenk-1,KC3
dfhcmhpn-1,KC3
dfhedddc-1,KC3
dfhhgbbc-1,KC3
dfhjjefd-1,KC3
dfhmbmjn-1,KC3
dfhmbphg-1,KC3
dfhndbcf-1,KC3
dfiedhcp-1,KC1
dfihopbm-1,KC1
dfimpcfd-1,KC3
dfiolemf-1,KC3
dfjaaidm-1,KC3
dfjbkdfc-1,T
dfjjgjea-1,KC1
dfkdkjgc-1,KC3
dfkfppak-1,KC1-2_cycling
dfkghafm-1,KC3
dfkjgmgf-1,KC3
dfkmnpjd-1,KC3
dfknmpjn-1,KC3
dflbppin-1,KC1
dflfcalo-1,KC3
dflimdab-1,Melanocyte
dfljgjkf-1,KC3
dflpgmai-1,KC3
dfmegnak-1,KC1
dfmieole-1,Melanocyte
dfmokhfa-1,KC1
dfnaaboi-1,cDC2
dfnajjfj-1,KCinflamm_basal
dfnomhdh-1,KC1
dfoaagpf-1,KC1-2_cycling
dfocpjin-1,LC
dfoeaemp-1,KC3
dfoiiglh-1,KC3
dfomjkga-1,KC3
dfopmpol-1,KC3
dfpbfenj-1,KC1
dfpbjgeg-1,KC1
dfpfimnk-1,KC1
dfpkndol-1,KC3
dfplkelo-1,KC1
dfpnppbh-1,KC
dgaflbfa-1,KC3
dgagagbc-1,KC3
dgahndif-1,KC3
dgaigbhi-1,KC3
dgbkjmfl-1,KC3
dgblmfcj-1,KC
dgbolamp-1,F2: Universal
dgcbkinb-1,cDC2: MMP12hi
dgcccedf-1,cDC2: MMP12hi
dgcpnmnh-1,VE3_Ven
dgdmgnfa-1,Mast cell
dgdphacm-1,F1: Superficial
dgebklcj-1,F1: Superficial
dgehnkok-1,F2: Universal
dgeklgkg-1,KC1
dgencbfb-1,F2: Universal
dgfabmda-1,Treg
dgfkhfhb-1,KC1
dgfppoif-1,KC3
dggdbjih-1,KC3
dggnckbm-1,KC3
dghkfich-1,KC3
dgiefkda-1,Melanocyte
dgiigeni-1,F1: Superficial
dgiljknl-1,cDC2_cycling
dgimajeb-1,KC1-2_cycling
dgjamkhc-1,KC1
dgjblgcg-1,LC
dgjfjhhb-1,LC
dgjijhal-1,cDC2
dgjkkefc-1,KC3
dgjmbmio-1,KC3
dgjngmgi-1,KC1
dgjokapj-1,KC3
dgkbpjhj-1,KC1
dgkcfgph-1,KC3
dgkhgmdl-1,KC3
dgkkbjlc-1,Sweat gland channel outer
dglakdgc-1,KC3
dgldghhh-1,KC3
dglfbpgp-1,Treg
dglfoccm-1,F1: Superficial
dgliekon-1,LE
dglofpmj-1,LE
dglpokie-1,VE3_Ven
dgmclgfa-1,VE3_Ven
dgmhnagj-1,Pericyte1
dgmiilbn-1,Pericyte1
dgmkhmdm-1,VE1_Art
dgmmdeno-1,Tc3_IFNGhi
dgndlgkb-1,Mac2
dgneioob-1,VE1_Art
dgnejecb-1,VE1_Art
dgnlnjfd-1,KC3
dgnpdioj-1,KC1
dgoaailj-1,KC3
dgohocnp-1,KC1
dgoieogh-1,cDC2
dgoigkpg-1,F2: Universal
dgomdbob-1,T_γδ
dgonlhgm-1,Treg_LRRC32+
dgpijbek-1,KC1
dgpmdoam-1,KC1
dhabofnj-1,KC1
dhadnkel-1,KC2/3_cycling
dhainldh-1,KC1
dhbcadki-1,KC3
dhbdaibo-1,KC1
dhbfpejf-1,KC_Sebocyte_DuctOuter
dhbkniji-1,KC1
dhblahhn-1,KC3
dhbmolbm-1,KC1
dhbncack-1,KC3
dhbppoei-1,KC3
dhcjeecc-1,KC3
dhckjphf-1,VE3_Ven
dhcknech-1,F2: Universal
dhcogham-1,KC2/3_cycling
dhdakljj-1,KC3
dhdaofbl-1,KC_Sebocyte_DuctOuter
dhdbmfmj-1,KC1
dhecmpmj-1,Melanocyte
dhehbdnd-1,KC3
dheimplj-1,KC3
dhendgpi-1,KC3
dhenifhk-1,KC3
dhfiadhp-1,KC3
dhfjpegj-1,KC3
dhfjplcb-1,LC
dhflmpkc-1,KC1
dhfmkhkd-1,KC1
dhfnpljk-1,KC1
dhfpfijb-1,KC1
dhgajjfp-1,Melanocyte
dhggbcnh-1,KC1
dhgjceek-1,KC1
dhglbpfj-1,KC5
dhgllkap-1,KC3
dhgmalaa-1,KC3
dhgpnlcp-1,KC3
dhhekbmf-1,KC3
dhhjdemd-1,KC3
dhhnainh-1,KC1
dhhoioid-1,Melanocyte
dhieamod-1,LC
dhifjpcg-1,KC3
dhihegih-1,KC3
dhinecoj-1,ILC3
dhjghckb-1,F1: Superficial
dhjglgli-1,F1: Superficial
dhjgloii-1,cDC2_cycling
dhjhbcfo-1,KC3
dhjkaeoi-1,KC1
dhjnejlj-1,KC1
dhkaimgh-1,KC3
dhkcddhg-1,KC3
dhknjpcb-1,KC3
dhlgknlm-1,KC3
dhlkonfc-1,KC3
dhlljbdn-1,KC3
dhlljced-1,KC3
dhmaindc-1,KC3
dhmakcnb-1,KC3
dhmgablh-1,KC3
dhmgiboj-1,KC3
dhmgnpbm-1,KC3
dhmkbdmn-1,KC3
dhmpjdhc-1,KC3
dhncjckc-1,Melanocyte
dhncopom-1,KC1
dhnjgigo-1,LC
dhobdipf-1,KC3
dhoceamj-1,LC
dhodmakc-1,KC3
dhogpodi-1,KC
dhoimkee-1,KC3
dhokpldn-1,KC3
dhooembf-1,KC3
dhpfildj-1,KC3
dhpkkoib-1,KC1
dhpoofoi-1,KC5
dhppnecm-1,KC3
diaabkbe-1,KC3
diaklmfd-1,KC5
diapjppb-1,KC3
dibcmmka-1,KC3
dibfihcj-1,KC3
dibidajb-1,KC3
diccchde-1,KC3
dicdimgl-1,KC3
dicehcec-1,KC
dichnfdd-1,KC3
didicgnn-1,KC3
didkfjnk-1,KC1
didmnbbj-1,KC1
didngcka-1,KC1-2_cycling
dieacano-1,KC1
diebaijb-1,Melanocyte
diefilcj-1,KC1
dieiagjk-1,KC
dienibak-1,KC1
difaibpf-1,Melanocyte
diffefje-1,KC1
diffpdof-1,KC3
difgcacm-1,KC1-2_cycling
difjogpk-1,KC1
difkjkbd-1,KC1
diflfcjg-1,KC1
digeigei-1,KC1
digimkpl-1,KC1
dihcgcab-1,Melanocyte
dihefcfi-1,KC1
dihgkfke-1,KC3
dihjkcpn-1,KC1
diiijnje-1,KC1
diiimchg-1,KC1
diimoabf-1,KC1
diineomm-1,KC3
dijceema-1,KC2/3_cycling
dijgofik-1,KC1
dijlbbpg-1,KC3
dijpjjhi-1,KC3
dikbdkbm-1,KC3
dikebach-1,KC
dikjodnp-1,KC3
diklgdah-1,KC3
diknpnnm-1,KC1
dilafnfi-1,KC3
dilgbcek-1,KC3
dimbnkik-1,KC1
dimjffmc-1,KC3
dimkahok-1,KC3
dimmpfjh-1,KC1
dinamcgc-1,KC3
dincbaep-1,KC3
dinekgep-1,KC3
dinfnfka-1,KC3
dinihimj-1,cDC2: MMP12hi
dinillcl-1,F2: Universal
dinlejgj-1,cDC2: MMP12hi
diodinib-1,KC3
diohneec-1,KC1
dipelhhm-1,KC5
dipflhho-1,KC
dipngokj-1,KC1
dipninpd-1,KC5
djaaenhi-1,KC
djaaoolg-1,KC3
djabbbkj-1,KC2/3_cycling
djabgpie-1,KC3
djafmoll-1,KC1
djahdibl-1,KC1
djaidbgg-1,KC1-2_cycling
djaingld-1,KC5
djalbnbb-1,KC
djalmppj-1,KC3
djamcbfn-1,KC5
djamfehl-1,KC5
djbambak-1,T
djbfmfop-1,F2: Universal
djblfbfh-1,Th
djbljllf-1,F1: Superficial
djbobmog-1,F2: Universal
djbpfljf-1,Th
djbpjidf-1,KC
djcaedah-1,KC3
djcalndp-1,nmSchwann
djcbdeoc-1,F1: Superficial
djccgdlj-1,Tc0
djcdlmaf-1,T
djcemlfm-1,cDC2
djcgcjhn-1,T
djcgfneh-1,KC5
djchmeae-1,KC5
djchnjfp-1,KC5
djcibimc-1,KC5
djciflgp-1,KC
djcippih-1,KC3
djcjabfp-1,KC3
djcjbfaf-1,KC
djckeahh-1,KC1
djclfloi-1,KC1
djcnfbko-1,Melanocyte
djcoibpa-1,KC3
djdbjlic-1,KC1
djddobom-1,KC1
djdlkhae-1,KC1
djdmbchp-1,KC3
djdmcaib-1,KC1
djdplpde-1,KC3
djecmanc-1,KC3
djeomnnk-1,KC3
djepfdgk-1,KC3
djfbdilg-1,KC1
djffgieb-1,KC1
djfiajai-1,KC1
djfkdfkd-1,KC3
djfphddh-1,KC1
djggclmf-1,KC1
djggijlj-1,KC1
djgiifdn-1,KC1
djgompkp-1,KC1
djhchcka-1,Mac2
djhlmbla-1,KC3
djicdmfo-1,KC3
djidlmmj-1,KC3
djilmaag-1,KC3
djimcfae-1,KC3
djimdiop-1,KC1
djimgmbm-1,KC3
djjfhmnj-1,KC3
djjjnfhk-1,KC1
djjlbhhj-1,KC2/3_cycling
djjnnoen-1,KC1
djkfmbak-1,KC2/3_cycling
djkjoloj-1,KC1
djkpfkdl-1,KC1
djlaffek-1,F1: Superficial
djlcgdge-1,F1: Superficial
djllblho-1,Pericyte1
djmapjip-1,Mac2
djndbcpe-1,KC3
djnepcbj-1,KC1
djnkenjl-1,KC1
djnlohmp-1,KC1
djnnidah-1,KC3
djnomnfo-1,KC1
djnonjin-1,KC3
djolpoea-1,KC1
djopdkmc-1,KC3
djopobcg-1,KC3
djpafgho-1,KC1
djpbhogf-1,KC1-2_cycling
djpcamje-1,F1: Superficial
djpddbdl-1,cDC2: MMP12hi
djphppfb-1,KC1
djpmgnbn-1,KC1
djpokkjn-1,KC1
dkajompi-1,KC1
dkalfmel-1,Melanocyte
dkapebge-1,KC1
dkaplfme-1,KC3
dkbbfkne-1,KC3
dkbipdjp-1,KC3
dkbonifo-1,KC1
dkcgilcg-1,KC3
dkcipkjm-1,KC1
dkckbpmm-1,KC3
dkcmcnhd-1,KC5
dkcmfbcg-1,KC3
dkcpmbcl-1,KC3
dkcpmdmc-1,KC3
dkdgadno-1,KC
dkdjncce-1,KC
dkdoifbk-1,KC
dkeddhek-1,KC3
dkefjnek-1,KC1
dkegbgco-1,KC1
dkehgfad-1,Melanocyte
dkejolcf-1,KC3
dkelcbph-1,KC2/3_cycling
dkendmog-1,KC3
dkeppidl-1,KC2/3_cycling
dkfajcpe-1,KC3
dkfgnpki-1,KC3
dkflkcje-1,KC1
dkfmlcnd-1,KC1
dkfnglgb-1,KC3
dkfngnci-1,KC3
dkfnkdaa-1,KC3
dkgbdmep-1,KC
dkgcdpib-1,KC
dkgfgcic-1,KC1
dkgfobfb-1,cDC2
dkgglpja-1,F1: Superficial
dkgljieo-1,KC3
dkgoknck-1,KC1
dkhjacff-1,KC1
dkhjoaoh-1,KC1
dkhnfjgh-1,KC1
dkiabgla-1,KC1
dkiengea-1,KC1
dkikcpni-1,KC
dkjbhjmi-1,KC1
dkjgadne-1,KC3
dkjjphnl-1,KC3
dkjkhhkh-1,Mac2
dkjmbanh-1,KC1
dkkcpneg-1,KC1
dkkefncn-1,KC3
dkkefpaf-1,KC3
dkkjkilb-1,KC
dkkkomia-1,LC
dkknfbfe-1,KC1
dklbbbod-1,KC2/3_cycling
dklcamki-1,KC3
dkleeadj-1,KC3
dkljkode-1,KC3
dkljmgkh-1,KC3
dkljngjb-1,KC5
dklobkfg-1,KC5
dklondpk-1,LC
dkmbbhme-1,KC3
dkmgdmga-1,KC5
dkmibphg-1,F1: Superficial
dkmjfnje-1,KC3
dkmleaom-1,KC1
dkmmiebg-1,KC3
dkndbibm-1,cDC2
dkneghff-1,VE3_Ven
dknfiefg-1,Pericyte1
dknndbhj-1,F1: Superficial
dknnnfia-1,Pericyte1
dkoakoik-1,F1: Superficial
dkoddfob-1,F1: Superficial
dkogjfjh-1,F1: Superficial
dkoippib-1,F1: Superficial
dkokoogj-1,Pericyte1
dkoldajl-1,Mast cell
dkolijlj-1,Mast cell
dkpfibhg-1,LE
dkpljjdn-1,LE
dkplndod-1,LE
dlaaehpn-1,LE
dlaandfd-1,LE
dlajnoon-1,F3: FRC-like
dlbbmpfc-1,F2: Universal
dlbgblco-1,LE
dlbhpicg-1,LE
dlbjfemk-1,LE
dlbkhadb-1,F2: Universal
dlbmemgk-1,F1: Superficial
dlbnoflp-1,F1: Superficial
dlccbdke-1,VE3_Ven
dlcdnbfc-1,nmSchwann
dlciccia-1,Pericyte2_VSMC
dlcocdin-1,cDC2
dlcolmle-1,LE
dlcpdhmm-1,LE
dldhilao-1,F1: Superficial
dldiipnf-1,Melanocyte
dldimdib-1,Melanocyte
dlebimme-1,KC1
dleendfo-1,KC1
dlefjmin-1,KC1-2_cycling
dleoleao-1,KC1
dleomijg-1,ILC3
dlfeppgn-1,F1: Superficial
dlfjbpki-1,VE3_Ven
dlfoging-1,Pericyte1
dlgapkel-1,F1: Superficial
dlgmnkac-1,KC1
dlgolkkd-1,F1: Superficial
dlhcighb-1,KC1-2_cycling
dlhgmdjh-1,KC1
dlhhmkmc-1,KC1
dlhhpagg-1,KC5
dlhkfnhm-1,KC3
dlhmbidc-1,KC3
dlhmjogd-1,KC3
dlhpmkke-1,KC3
dliaiepk-1,KC3
dlicnaig-1,KC3
dlihdhcb-1,KC3
dljkkgmm-1,KC3
dljohahd-1,KC5
dlkifbpm-1,KC5
dlkkhdie-1,KC5
dlleiieg-1,KC5
dllifmfe-1,KC1
dlmahfko-1,KC
dlmddmbn-1,KC3
dlnbnlal-1,KC1
dlnjabgl-1,KC1
dlnjgdmj-1,KC5
dlnkendn-1,KC5
dlnkjdll-1,KC3
dlobokan-1,KC3
dlodjfja-1,KC3
dloeabda-1,VE3_Ven_APLN+
dloegncn-1,KC1
dloekonm-1,F1: Superficial
dlogkjek-1,F1: Superficial
dloienem-1,LC
dloijdch-1,KC3
dlojfnme-1,KC3
dlpbkohn-1,KC5
dlpbpbkm-1,KC3
dlpcagjh-1,KC1
dlpcjedj-1,KC3
dlpdllpa-1,KC5
dlpfneej-1,KC5
dlpfpefh-1,KC5
dlpgaakl-1,KC3
dlpgfcli-1,KC3
dlpkalig-1,KC5
dlplimpe-1,KC3
dlpnpaid-1,KC3
dmaahopm-1,KC5
dmacedmk-1,KC1-2_cycling
dmadmpgo-1,LC
dmadpjml-1,Pericyte1
dmafkpke-1,Pericyte1
dmafmhko-1,KC1
dmaghfdb-1,KC3
dmajblnb-1,F1: Superficial
dmakihof-1,F1: Superficial
dmbaphpn-1,KC3
dmbbimfn-1,KC1
dmbemiil-1,KC1
dmcdamdl-1,KC1
dmcjdnnn-1,KC3
dmcnncje-1,KC3
dmdcjeml-1,KC3
dmdjldng-1,F1: Superficial
dmdkoekb-1,VE4_Cap
dmdmpmpl-1,F1: Superficial
dmelfijm-1,VE3_Ven
dmeobpdg-1,Pericyte1
dmepakfk-1,Pericyte1
dmfaaegf-1,Pericyte2_VSMC
dmfclolp-1,F1: Superficial
dmfcofnj-1,VE3_Ven
dmfgcnkl-1,F1: Superficial
dmfiamib-1,Melanocyte
dmflipij-1,F1: Superficial
dmghloll-1,KC1
dmhdlide-1,KC1
dmhgbahf-1,KC1
dmhimopn-1,KC1
dmhngmlk-1,F1: Superficial
dmiehfcd-1,KC3
dmigjlhg-1,Melanocyte
dmimdnne-1,KC1
dmiodlfh-1,KC3
dmioilid-1,KC1
dmjecaip-1,F1: Superficial
dmjkldjm-1,cDC1
dmjpalof-1,Melanocyte
dmkcpheb-1,VE4_Cap
dmkdhlmo-1,Pericyte1
dmkggbng-1,VE3_Ven
dmkhdgim-1,KC3
dmkibglb-1,KC3
dmkjpecm-1,KC3
dmkngdek-1,KC2/3_cycling
dmldkehb-1,KC3
dmliadol-1,KC3
dmlnnhon-1,KC1
dmlnodlm-1,KC3
dmlocjgg-1,Melanocyte
dmlpdbng-1,VE3_Ven
dmmcjbea-1,KC1
dmmhgojo-1,F1: Superficial
dmmjbnnp-1,cDC2: EREG+CCR7+
dmmjglmb-1,F1: Superficial
dmmmfklf-1,Melanocyte
dmmnpllm-1,F1: Superficial
dmnchgcg-1,F1: Superficial
dmneebag-1,F1: Superficial
dmneohoi-1,KC1
dmnfnkdd-1,F1: Superficial
dmngeacf-1,Pericyte1
dmnlpmgn-1,F1: Superficial
dmnmdibc-1,Pericyte1
dmonphbl-1,VE4_Cap
dmophkon-1,KC1
dmpjphhf-1,KC5
dmppddgo-1,KC1
dnaafahk-1,KC1
dnabmpjm-1,KC3
dnaifcde-1,KC1
dnamcpdl-1,LC
dnanocjf-1,LC
dnbegkmd-1,KC3
dnbhefob-1,KC5
dnbigpoi-1,KC5
dnbkadge-1,KC5
dnblinbm-1,KC3
dnbpojkd-1,KC3
dnceafhb-1,KC3
dncjfngf-1,KC3
dncnhbem-1,KC3
dndcjjki-1,KC5
dndilaoe-1,KC3
dndjcmjn-1,KC5
dndnbmpp-1,KC5
dndohine-1,KC3
dnedambl-1,KC3
dnepacom-1,KC3
dnfhkdkh-1,KC3
dnfkpmjn-1,KC1
dnflefkj-1,KC3
dnfljfhb-1,KC5
dnfloehi-1,KC3
dngobapl-1,KC3
dnhbejof-1,KC3
dnhbhgan-1,KC1
dnhendkj-1,LC
dnhhjpfc-1,KC3
dnhjhagn-1,KC3
dnhkdfnb-1,KC3
dnhnlhbp-1,KC3
dnhokcfh-1,KC3
dnibjbnl-1,KC1
dnidompj-1,KC3
dniepkdp-1,KC3
dnikjmge-1,KC1
dnjeooad-1,KC1
dnjgigid-1,KC5
dnjjmboj-1,KC5
dnjnhofo-1,KC5
dnkcjkge-1,KC5
dnkeeobh-1,KC5
dnkfkhhj-1,KC5
dnkiimcm-1,KC3
dnknfhlc-1,KC5
dnldkbhi-1,KC3
dnlgchje-1,KC1
dnlgcicl-1,LC
dnlgpaid-1,F1: Superficial
dnlikpea-1,KC5
dnmaaaie-1,KC5
dnmcegmk-1,KC3
dnmdeini-1,KC3
dnmhngam-1,KC3
dnmlchcb-1,KC3
dnmmebjf-1,KC1
dnnandkj-1,KC3
dnnckiif-1,KC5
dnnpikdc-1,KC3
dnnpnmlf-1,KC3
dnodocan-1,KC5
dnoeinec-1,KC5
dnofckkp-1,KC5
dnpdlffn-1,KC5
dnpolefl-1,KC3
dnppohml-1,KC1-2_cycling
doaaeheh-1,Melanocyte
doamlfad-1,Melanocyte
doapcikh-1,cDC2
dobamnhp-1,F1: Superficial
dobaobfg-1,KC1
dobgaiip-1,KC5
dobhboni-1,VE3_Ven
dobhjljh-1,KC3
dobikhbk-1,KC1
dobjncng-1,Pericyte1
dobkihla-1,Pericyte1
dobncbod-1,KC5
dobniepk-1,KC3
docchnhl-1,KC3
doccmejo-1,KC5
docojihk-1,VE3_Ven
dodepdeg-1,KC3
dodfliak-1,LC
dodjmacf-1,KC3
doeapbpl-1,KC3
doebmceg-1,KC3
doeijpbo-1,KC3
doejipdj-1,KC3
doelicpj-1,KC1
doelpkci-1,KC1
doenjagj-1,KC3
dofaajcf-1,KC1
dofdemhi-1,KC1
doffookf-1,F1: Superficial
dofhapog-1,KC1
dofkblic-1,KC1
dofmmojo-1,KC1
dofneobg-1,F1: Superficial
dofooiac-1,Mac2
dogijmll-1,Mast cell
dohaacef-1,nmSchwann
dohbfkhg-1,F1: Superficial
doheeohf-1,KC1
dohheihc-1,Melanocyte
dohilojl-1,F1: Superficial
dohkheig-1,F1: Superficial
dohobegj-1,F1: Superficial
doidimoa-1,KC3
doifmmid-1,KC3
doigpapd-1,T
doigpmen-1,KC1
doiifmim-1,Melanocyte
doiijfea-1,F1: Superficial
doijdanc-1,VE3_Ven
doinjkpd-1,Pericyte1
dojjijhl-1,nmSchwann
dojmiiok-1,VE3_Ven
dojpaigc-1,Mast cell
dokddcai-1,F1: Superficial
dokjljig-1,F1: Superficial
doknfcfl-1,Pericyte1
dolefipi-1,KC1
domabcjo-1,KC1
domednob-1,KC3
domgkbci-1,KC3
domoahpi-1,KC3
domodnef-1,Melanocyte
dompdgll-1,KC1
donbgofd-1,KC1
donbmnhe-1,KC3
doncfdpc-1,KC1
donebncg-1,KC1
donhfoih-1,KC1
doniohgk-1,Melanocyte
donmcgle-1,KC
dooedbpj-1,KC3
doohiebo-1,KC1
doombaeg-1,KC1
dooneadb-1,KC3
doonfnfm-1,KC1
doonnbed-1,KC1
dopabhod-1,F1: Superficial
dopbmjpa-1,KC3
dophjfch-1,KC1
dopiokma-1,KC3
dopkpkpo-1,VE3_Ven
dopnlmpk-1,F1: Superficial
dpacbnjn-1,F1: Superficial
dpacmapd-1,cDC
dpaeablb-1,Pericyte1
dpafcejp-1,F1: Superficial
dpaiiaei-1,F1: Superficial
dpajfgob-1,VE3_Ven
dpakdpkp-1,KC3
dpaodghj-1,KC3
dpbafphi-1,KC5
dpbbcgdd-1,KC5
dpbcpkmj-1,KC5
dpbgfadl-1,F1: Superficial
dpbkacmg-1,KC1
dpcddokl-1,F1: Superficial
dpcfkill-1,KC1
dpcfoohb-1,F1: Superficial
dpcgafgj-1,VE3_Ven
dpciigno-1,F1: Superficial
dpecfjep-1,Pericyte1
dpeklepe-1,VE3_Ven
dpfaodni-1,F1: Superficial
dpgdbnmn-1,KC1
dpgflcjn-1,KC1
dpgjnmlg-1,KC1
dpgmfiho-1,KC1
dphaekfm-1,F1: Superficial
dphdfmin-1,KC1
dphdnahd-1,cDC
dphebbab-1,Pericyte1
dphhoaea-1,VE3_Ven
dpiipmhk-1,VE4_Cap
dpimnano-1,Pericyte1
dpinedkp-1,VE1_Art
dpjbnpbl-1,F1: Superficial
dpjhhpoj-1,cDC
dpjihpob-1,cDC2
dpjjgbkg-1,Mac2
dpjlobpd-1,F1: Superficial
dpjlpkcb-1,KC3
dpkcabdf-1,Melanocyte
dpkgddgm-1,KC1
dpkihdih-1,F1: Superficial
dpkjcpgm-1,KC3
dpklkokd-1,KC3
dpkmdggm-1,Mast cell
dpladcgh-1,KC3
dpladdfd-1,F1: Superficial
dplcoikb-1,KC1
dplinoai-1,KC3
dpljihjd-1,KC1
dpllpemi-1,KC5
dpmfdblp-1,KC5
dpmfnecj-1,KC3
dpmjhklo-1,KC1
dpmopkap-1,KC3
dpmopkil-1,KC3
dpmplogl-1,KC3
dpndngme-1,KC3
dpnhadmp-1,KC3
dpnnhcla-1,Pericyte1
dpoagipd-1,VE3_Ven
dpobknoo-1,F1: Superficial
dppcmdnb-1,F1: Superficial
dppfinlo-1,VE3_Ven
dppfpooi-1,KC
eaabcipk-1,Pericyte1
eaaeggmk-1,VE3_Ven
eaaehcdg-1,Pericyte1
eaaeminn-1,VE3_Ven
eaafhadn-1,F1: Superficial
eaakikad-1,KC5
eaammogd-1,VE3_Ven
eabagkba-1,F1: Superficial
eabddneo-1,Pericyte1
eabdppjn-1,KC5
eabhbocd-1,F1: Superficial
eabhdofo-1,KC5
eabhfnme-1,KC5
eabmbggp-1,KC5
eabmndno-1,KC3
eabnachm-1,KC5
eacadkpb-1,KC5
eaceedmj-1,KC5
eacoiiho-1,Pericyte1
eacolgli-1,Pericyte2_VSMC
eacpdmii-1,F2: Universal
eadbjcjd-1,F2: Universal
eademjej-1,Mac2
eadgnkgg-1,F2: Universal
eadhbopo-1,Pericyte1
eadlejoc-1,Pericyte2_VSMC
eaeahkib-1,VE1_Art
eaefiljk-1,Treg
eaeidacf-1,F3: FRC-like
eaeimgem-1,F1: Superficial
eaeoabeh-1,Mast cell
eafnamao-1,Pericyte1
eagjnodd-1,nmSchwann
eagnbmfc-1,Smooth muscle
eagnidmn-1,F2: Universal
eagpecfb-1,nmSchwann
eahekbfn-1,F2: Universal
eahkmgco-1,Smooth muscle
eahopmph-1,F2: Universal
eahpdnga-1,Smooth muscle
eajeodfa-1,F2: Universal
eajjchhc-1,KC5
eajjpfmi-1,KC5
eajliiah-1,LE
eajmdkfk-1,Pericyte2_VSMC
eajopaga-1,Smooth muscle
eajpfpig-1,F2: Universal
eakpcgdo-1,VE3_Ven
ealehggc-1,VE3_Ven
ealnllkh-1,VE3_Ven
eamacjgg-1,T
eamdhenl-1,KC5
eammjjmd-1,Smooth muscle
eanaklnk-1,Smooth muscle
eanifblh-1,Smooth muscle
eanijbeh-1,Smooth muscle
eaoakgii-1,F5: RAMP1+
eaoedhed-1,Smooth muscle
eaoejolj-1,Smooth muscle
eaofoiho-1,Smooth muscle
eaopnpba-1,Smooth muscle
eapjfhdd-1,Smooth muscle
ebafegil-1,Smooth muscle
ebagkmlc-1,Smooth muscle
ebagoahh-1,Smooth muscle
ebahaced-1,F2: Universal
ebaigbpk-1,F2: Universal
ebapgppk-1,F2/3: Perivascular
ebbeogkf-1,F2: Universal
ebbggndj-1,F2: Universal
ebbhopog-1,F2: Universal
ebbnnjlc-1,F2: Universal
ebcbbbcf-1,LE
ebcfklhk-1,Smooth muscle
ebcgmkjj-1,Smooth muscle
ebcijbie-1,Smooth muscle
ebclbbcl-1,Smooth muscle
ebcmadfg-1,F2: Universal
ebdcamhd-1,Smooth muscle
ebdenhjd-1,Smooth muscle
ebeaehmi-1,Smooth muscle
ebedecef-1,F2: Universal
ebegmfah-1,F2: Universal
ebeknmil-1,F2: Universal
ebeolpel-1,F2: Universal
ebfamfko-1,Mast cell
ebfjigho-1,F2: Universal
ebfnbogo-1,Mac2
ebfoilda-1,F2: Universal
ebfpmkcl-1,F2: Universal
ebfppjal-1,F2: Universal
ebgcaibf-1,Smooth muscle
ebgdmbpf-1,Smooth muscle
ebgnaghl-1,Pericyte1
ebgnlgdb-1,Smooth muscle
ebhcejjf-1,Smooth muscle
ebhdhihd-1,F2: Universal
ebhlenfa-1,F2: Universal
ebhmipdm-1,F2: Universal
ebhnmmja-1,F2: Universal
ebhpeipc-1,LE
ebibmcko-1,Pericyte1
ebibojfg-1,LE
ebiccfof-1,F2: Universal
ebidamng-1,Smooth muscle
ebiddncm-1,F2: Universal
ebieabec-1,F2: Universal
ebihbdad-1,F2: Universal
ebiimgin-1,F2: Universal
ebiknlek-1,F2: Universal
ebillakn-1,F1: Superficial
ebilmiec-1,F2: Universal
ebipgkim-1,Smooth muscle
ebjabjga-1,F2: Universal
ebjfhphf-1,F2: Universal
ebkbikpo-1,F2: Universal
ebkbngkd-1,Pericyte2_VSMC
ebkehcam-1,F3: FRC-like
ebkhckkn-1,Pericyte1
ebkhlmle-1,VE3_Ven
ebklmhpm-1,Pericyte1
eblcfecn-1,Pericyte1
ebldgkik-1,F2: Universal
eblgnjdc-1,Pericyte1
eblklcfk-1,F2: Universal
ebmflnid-1,nmSchwann
ebmhadpb-1,Smooth muscle
ebmhafai-1,Smooth muscle
ebmhgfbk-1,Smooth muscle
ebminkhc-1,Smooth muscle
ebmmcamf-1,F2: Universal
ebmncgdl-1,Smooth muscle
ebmopahe-1,Smooth muscle
ebnijfof-1,Smooth muscle
ebnocdbf-1,F2: Universal
ebogalee-1,F2: Universal
eboonoga-1,Pericyte1
eboonogf-1,F2: Universal
ebpaojbh-1,Mac2
ebpbdmio-1,T
ebpjnnmc-1,Pericyte1
ebplpgep-1,Mac2
ebpnnjeb-1,F2: Universal
ebpoflia-1,F2: Universal
ecaedokj-1,F2: Universal
ecaekihe-1,F2/3: Perivascular
ecagaedj-1,Smooth muscle
ecahpkdj-1,F3: FRC-like
ecanfbmd-1,VE3_Ven
ecapollp-1,T
ecappmmh-1,Mast cell
ecbaeeoh-1,KC3
ecbgagnb-1,F2: Universal
ecblgodk-1,Pericyte1
ecbmneac-1,VE3_Ven
ecchdoof-1,VE3_Ven
ecchoadp-1,Mac2
ecciceff-1,cDC2
eccieced-1,Pericyte1
eccmahhi-1,VE3_Ven
eccofpge-1,VE3_Ven
eccpdojn-1,VE3_Ven
ecddbhlb-1,KC
ecdfkhlj-1,KC
ecdfoehn-1,KC5
ecdklnkg-1,F2: Universal
ecehfmhp-1,Pericyte1
ecejofed-1,Pericyte1
ecenaian-1,Pericyte1
ecenloll-1,VE3_Ven
ecepkiag-1,F2: Universal
ecfgpfil-1,Mac2
ecfgpfki-1,F2: Universal
ecfhhdjb-1,F2: Universal
ecgaciln-1,F2: Universal
ecgbdmnk-1,F2: Universal
ecgcfook-1,VE3_Ven
ecgiblgi-1,Pericyte1
ecgjbnan-1,VE3_Ven
echamchf-1,Mast cell
eciabema-1,F2: Universal
ecicamei-1,T
ecifbpdd-1,F2: Universal
ecifelgc-1,Mac2
ecighban-1,F2: Universal
ecihchbg-1,F2: Universal
ecihmpcj-1,Mast cell
ecikpbip-1,Mac2
eciogppn-1,F2: Universal
ecjacjen-1,F2: Universal
ecjdjdmj-1,Mac2
ecjgbfil-1,F2: Universal
ecjmiklf-1,Pericyte1
ecjoekkj-1,F3: FRC-like
eckademf-1,Mast cell
ecklakon-1,VE3_Ven
ecknkcaj-1,Pericyte1
eckohgbh-1,Pericyte1
eclbglan-1,VE3_Ven
ecllhdgd-1,VE3_Ven
ecmdahnm-1,VE4_Cap
ecmkcomg-1,Pericyte2_VSMC
ecnapcnl-1,Mast cell
ecneogak-1,F2: Universal
ecoabiff-1,VE3_Ven
ecobgkdm-1,Pericyte2_VSMC
ecocbppj-1,Pericyte2_VSMC
ecoegmmi-1,VE1_Art
ecohbdnm-1,F2: Universal
ecomeefp-1,Mast cell
ecooghio-1,F2: Universal
ecplkide-1,F2: Universal
ecpnogjh-1,LE
edacmopp-1,LE
edadihkb-1,F1: Superficial
edaejdad-1,LE
edalkija-1,LE
edalnmeg-1,LE
edaoicne-1,LE
edbeamgd-1,LE
edbgphhb-1,LE
edblklof-1,Mast cell
edbpjcbi-1,Mac2
edcjncdl-1,F1: Superficial
edcoampl-1,Smooth muscle
eddhhica-1,F2: Universal
eddieipo-1,F2: Universal
eddmejla-1,F2: Universal
eddpfhom-1,Mac2
edeblhgc-1,nmSchwann
edeecanm-1,F2: Universal
edeegknf-1,T
edehdkok-1,Smooth muscle
edejnpnn-1,F1: Superficial
edffghbp-1,nmSchwann
edfinfph-1,Smooth muscle
edfkhnbl-1,Smooth muscle
edgdhiak-1,Smooth muscle
edgeabnh-1,Smooth muscle
edgfkhjk-1,F2: Universal
edglogkd-1,F1: Superficial
edgmodde-1,F2: Universal
edhbdajg-1,F2: Universal
edhcngam-1,VE1_Art
edhffkcc-1,VE3_Ven
edibcijc-1,T
edicniig-1,Pericyte2_VSMC
edigdfkb-1,F2: Universal
edilflnf-1,F2: Universal
edimchff-1,F2: Universal
edimelfn-1,F2: Universal
edipbmjj-1,F2: Universal
edjabbmg-1,F2: Universal
edjhnoao-1,Mac2
edjohipi-1,Mast cell
edkbdmek-1,Pericyte1
edmglnaj-1,Mac2
edmmimfh-1,F1: Superficial
ednapbdi-1,F3: FRC-like
edncidcj-1,cDC1
edndndkk-1,F2: Universal
ednkmkmd-1,F2: Universal
ednldhcf-1,F2: Universal
ednnpnda-1,F2: Universal
ednojfhk-1,F2: Universal
edofilod-1,F1: Superficial
edohbndk-1,F1: Superficial
edohejbm-1,Pericyte1
edojihcc-1,Pericyte1
edolcdig-1,Pericyte1
edomkfgc-1,Pericyte1
edooaabf-1,VE3_Ven
edoodojj-1,Pericyte1
edoojbea-1,Pericyte1
edpciofk-1,VE3_Ven
edplgoid-1,Mast cell
edpppela-1,VE3_Ven
eeajkmni-1,VE3_Ven
eeakamog-1,VE3_Ven
eeamglcl-1,Tc1
eeapibdk-1,F1: Superficial
eebdpnha-1,VE1_Art
eebehjcm-1,VE1_Art
eecegldp-1,VE1_Art
eedecegg-1,Pericyte2_VSMC
eedgbnbp-1,VE1_Art
eedghedi-1,F1: Superficial
eedkajik-1,F2: Universal
eedlfcoc-1,VE3_Ven
eedmpmgp-1,VE1_Art
eeecbekc-1,F1: Superficial
eeefodck-1,VE1_Art
eeemfodo-1,Pericyte2_VSMC
eefcjooe-1,F1: Superficial
eefjjgnd-1,VE1_Art
eefmgjnb-1,F2: Universal
eegjcokj-1,F3: FRC-like
eegkdojg-1,F2: Universal
eegkjjcp-1,F1: Superficial
eegokmph-1,VE3_Ven
eehcijbp-1,Pericyte1
eehflnmo-1,Tc1
eehkoemb-1,Pericyte2_VSMC
eehpmhmk-1,VE1_Art
eeibdfbm-1,Th
eeicomko-1,VE4_Cap
eejclddn-1,T
eejjfcdm-1,Pericyte1
eejmpnho-1,F1: Superficial
eekcbgif-1,Pericyte1
eekfhoki-1,Pericyte1
eekjaehl-1,VE3_Ven
eeklfkod-1,VE3_Ven
eelgmnbi-1,F2: Universal
eelmopjl-1,VE3_Ven
eelpcadd-1,Pericyte1
eenbdlan-1,VE3_Ven
eenddnkj-1,Pericyte1
eenmcabb-1,F2: Universal
eenogiha-1,F2: Universal
eenojokc-1,Pericyte2_VSMC
eeoahapc-1,VE1_Art
eeoebdpc-1,cDC
eeoeinbd-1,VE1_Art
eeopgpfm-1,VE3_Ven
eeopkile-1,Pericyte1
eeoppkeh-1,F1: Superficial
eepeclhc-1,T
eepfalec-1,Pericyte1
eephhkio-1,F2: Universal
eepjcapl-1,VE1_Art
eepohjjg-1,Pericyte1
eeppkgnh-1,Mac2
efaclado-1,KC3
efaiocii-1,KC3
efammjmo-1,KC3
efbacjeo-1,KC3
efbagjkp-1,KC3
efbahapk-1,KC3
efbbhneg-1,KC3
efbcjdmn-1,KC1
efbindoh-1,KC1
efblboam-1,KC
efbmhemn-1,KC1
efcbjnjl-1,KC3
efcefmgl-1,F1: Superficial
efcfcjda-1,Pericyte1
efchmgja-1,VE3_Ven
efcinkff-1,VE3_Ven
efcjjeed-1,F1: Superficial
efcobbmj-1,cDC1
efcobpln-1,LE
efdabmgn-1,nmSchwann
efddaimg-1,F1: Superficial
efddlomg-1,KC3
efdjdpal-1,KC5
efdmdccj-1,KC1
efdolgam-1,KC3
efeaokem-1,KC1
efepkgad-1,KC3
effcbplo-1,KC1
effjjklc-1,KC1
effkdgil-1,Mac2
effkiahp-1,cDC2: MMP12hi
effpdkma-1,F1: Superficial
efgadnfn-1,Pericyte1
efgdjpli-1,KC1
efghjfgj-1,Melanocyte
efgolpnb-1,Melanocyte
efhanalh-1,Melanocyte
efhnffef-1,KC1
efhngbok-1,KC1
eficajcb-1,Mast cell
efiflkmj-1,F1: Superficial
efigenai-1,Mac2
efigimcf-1,KC1
efigpfhl-1,Melanocyte
efindlak-1,KC1
efionoal-1,Melanocyte
efipaplj-1,KC1
efjbbpep-1,KC3
efjfkllb-1,F1: Superficial
efjpocco-1,VE3_Ven
efkcbgng-1,VE1_Art
efkceibd-1,F1: Superficial
efkhbgeg-1,F1: Superficial
efkibmif-1,F3: FRC-like
efklpgea-1,LE
efknaoai-1,T
efkoiban-1,F1: Superficial
eflaecon-1,F1: Superficial
efldjgeo-1,F1: Superficial
efljficm-1,VE3_Ven
efloolbe-1,Pericyte1
efmphlfn-1,F1: Superficial
efnbjoii-1,F2: Universal
efncflkl-1,Mac2
efndakal-1,F1: Superficial
efnkbino-1,F1: Superficial
efnkjgei-1,F1: Superficial
efnlmafm-1,Pericyte2_VSMC
efogecfh-1,F2: Universal
efoijglm-1,Pericyte1
efoilfen-1,LE
efojgllm-1,T
efpcjlac-1,LE
efpgdkjm-1,Pericyte1
efpikkop-1,F1: Superficial
efpolohe-1,F1: Superficial
efppmabl-1,KC3
egaebcgc-1,LC
egaemgon-1,KC3
egaoameb-1,KC1
egaobpfj-1,KC1
egapghpm-1,KC3
egbpahoi-1,KC3
egcaifhj-1,KC3
egcnknje-1,KC1
egcpoedh-1,KC3
egdaidjf-1,KC1
egddolhd-1,KC1
egdecnna-1,KC3
egdplkko-1,KC3
egebiokb-1,KC3
egehacio-1,KC1
egehoacc-1,F1: Superficial
egenkiem-1,VE4_Cap
egfambnk-1,VE4_Cap
egfbbjhh-1,Pericyte1
egfeopna-1,Pericyte1
egfmoigb-1,KC3
egfnfnjl-1,KC1
eggejdkc-1,F1: Superficial
egghlpfk-1,F1: Superficial
eggjilef-1,F1: Superficial
eggkabbc-1,F1: Superficial
eggkfnab-1,F1: Superficial
eggocime-1,cDC2
eghaignf-1,nmSchwann
eghbonhk-1,F1: Superficial
eghpdemf-1,LE
egiimdai-1,KC1
egijklfb-1,nmSchwann
egillkcl-1,Mac2
egilpgpc-1,VE3_Ven
egipaicp-1,VE3_Ven
egjagkje-1,Mac2
egjapnbb-1,cDC2
egjjbeil-1,Pericyte1
egjofpdf-1,F1: Superficial
egkfbhkc-1,F2: Universal
egkiejlj-1,Mac2
egkjpope-1,F2: Universal
egkkapna-1,F1: Superficial
egknfpfj-1,F2: Universal
eglaciel-1,F1: Superficial
eglaimme-1,F1: Superficial
eglbgaad-1,VE4_Cap
eglhadfp-1,Mast cell
eglhknej-1,Mac2
eglinedp-1,cDC1
eglipfob-1,Mac2
egmbcfmb-1,F1: Superficial
egmbkfke-1,F1: Superficial
egmehmcp-1,F1: Superficial
egmhpioj-1,LE
egmiiohn-1,LE
egnakkmm-1,F1: Superficial
egnbhpbe-1,LE
egncffei-1,F2: Universal
egnigmha-1,F1: Superficial
egnmanah-1,F1: Superficial
egnnofoh-1,F2: Universal
egobopad-1,LE
egoiiinc-1,LE
ehacmgci-1,LE
ehadbgob-1,LE
ehaenmim-1,cDC2
ehahgkbp-1,F1: Superficial
ehaloceg-1,Mast cell
ehanijkk-1,F1: Superficial
ehankpkj-1,VE1_Art
ehbdfiia-1,Pericyte1
ehbiimog-1,F1: Superficial
ehcadcnm-1,Mac2
ehcamfem-1,cDC2: MMP12hi
ehchobgp-1,cDC
ehcolebk-1,cDC
ehddankm-1,Mac2
ehebohip-1,Pericyte2_VSMC
ehecaoik-1,VE1_Art
eheclaen-1,Pericyte1
ehehbign-1,KC3
ehelinmi-1,KC3
ehenhmgb-1,KC3
ehepoeak-1,KC3
ehfeegig-1,LC
ehfgghpa-1,KC1
ehfokfoe-1,KC1
ehggpnhd-1,LC
ehgoilce-1,KC1
ehhclnjh-1,KC1
ehhfdnjp-1,KC1
ehhgpdao-1,KC1
ehhhblbl-1,LC
ehhhmdap-1,KC1
ehhjddfj-1,KC1
ehhjkchg-1,KCinflamm_basal
ehhlidgp-1,KC1
ehhmmpdc-1,KC1-2_cycling
ehhnelhe-1,KC3
ehicbhid-1,KC1
ehifbekp-1,LC
ehifekaj-1,KC3
ehilcdam-1,KC1
ehjioooe-1,KC1
ehkbmcoc-1,KC1
ehkilibk-1,Melanocyte
ehkjmccp-1,KC3
ehkljcmm-1,LC
ehkokejc-1,KC3
ehlemnga-1,LC
ehlfpiai-1,KC1
ehlgfmmg-1,Melanocyte
ehlickim-1,Treg
ehlldddk-1,VE3_Ven
ehlohjek-1,Pericyte1
ehmapjjf-1,Pericyte2_VSMC
ehmeenei-1,Mac2
ehmefgfm-1,Pericyte2_VSMC
ehmgbecj-1,Smooth muscle
ehmolfgn-1,F2: Universal
ehmooobc-1,F2: Universal
ehncpcjk-1,F2: Universal
ehnhekjk-1,Smooth muscle
ehnklfjg-1,F2: Universal
ehnljikm-1,Smooth muscle
ehoiadao-1,Smooth muscle
ehopkkhj-1,Smooth muscle
ehpdghhj-1,F2: Universal
ehpklali-1,Smooth muscle
eiabihfd-1,Smooth muscle
eiaddicp-1,Smooth muscle
eiagcmmh-1,Smooth muscle
eiagnfii-1,Smooth muscle
eiahcika-1,F2: Universal
eiakkfif-1,F2: Universal
eiamndcd-1,F2: Universal
eibaanao-1,F2/3: Perivascular
eibbalaj-1,F2/3: Perivascular
eibffccl-1,F2: Universal
eibgocgd-1,nmSchwann
eibijhpi-1,F2: Universal
eiceaaho-1,Smooth muscle
eicknpco-1,Smooth muscle
eidalgcf-1,Smooth muscle
eidbfnpo-1,F3: FRC-like
eidemlal-1,Pericyte1
eidfkpej-1,Pericyte1
eidgdelm-1,Pericyte1
eidikhaj-1,VE3_Ven
eidpampa-1,Mac2
eieccgbf-1,F2: Universal
eieebmnf-1,Pericyte1
eiehfnho-1,VE3_Ven
eiennpah-1,VE3_Ven
eifaidnk-1,Smooth muscle
eifchfdo-1,Smooth muscle
eifgmidi-1,Smooth muscle
eifieanf-1,Smooth muscle
eifkpjjk-1,F2: Universal
eifniaha-1,Smooth muscle
eihajfbo-1,Pericyte1
eihbfkpo-1,cDC1
eihgkkgd-1,VE3_Ven
eihoojio-1,F1: Superficial
eihpllic-1,F1: Superficial
eiicokke-1,Mast cell
eijlhiod-1,VE3_Ven
eijnmaje-1,VE4_Cap
eikbejle-1,F2: Universal
eikjapma-1,VE3_Ven
eikjgjga-1,VE3_Ven
eikkhppj-1,VE3_Ven
eikkjpjg-1,VE3_Ven
eilfbjhj-1,F2: Universal
eilfhdln-1,VE3_Ven
eilgfdjn-1,Pericyte2_VSMC
eimdgbpg-1,Mast cell
eimefiao-1,VE1_Art
eimejcbk-1,Pericyte2_VSMC
eimianpk-1,VE1_Art
eimifoje-1,VE1_Art
eingghll-1,VE1_Art
einjdkoj-1,Pericyte2_VSMC
einjfjkd-1,Pericyte2_VSMC
einklcak-1,F5: NGFR+
eiogjcod-1,nmSchwann
eiohggbf-1,F2: Universal
eiollmon-1,Mac2
eipaeipa-1,Mast cell
eipdcnkp-1,Mast cell
eiplndcj-1,Pericyte1
eipmaadi-1,Th
eipmgaph-1,nmSchwann
eipocmbj-1,Pericyte2_VSMC
ejadpkck-1,Mast cell
ejafcnop-1,Mast cell
ejahhgng-1,Pericyte1
ejahnhje-1,VE3_Ven
ejajgdkh-1,KC1
ejanpgil-1,KC1
ejbccfeo-1,KC2/3_cycling
ejbcpgjc-1,T
ejbophkh-1,KC5
ejckooei-1,F1: Superficial
ejddfoch-1,F2: Universal
ejdefjap-1,F2: Universal
ejeadabk-1,F1: Superficial
ejeijlnb-1,F2: Universal
ejeniocj-1,F2: Universal
ejffmfpd-1,KC5
ejgblmai-1,KC5
ejgeaoog-1,KC
ejgfkihp-1,KC3
ejgjhfia-1,VE4_Cap
ejgkcnoi-1,Pericyte1
ejgoioie-1,Mac2
ejhibfip-1,Mast cell
ejhiehib-1,F2: Universal
ejhjfook-1,F2: Universal
ejhngobf-1,Mac2
ejhpddji-1,F2: Universal
ejibbgee-1,F2: Universal
ejibnekd-1,F2: Universal
ejihppjg-1,F2: Universal
ejikeafi-1,F2: Universal
ejipahlj-1,F2: Universal
ejipbjcl-1,F2: Universal
ejiplfci-1,Mac2
ejjbpahf-1,F2: Universal
ejjcbabo-1,F2: Universal
ejjffpgc-1,F2: Universal
ejjikhao-1,F2: Universal
ejjncnlo-1,F2: Universal
ejkbcoal-1,F2: Universal
ejkbffic-1,F2: Universal
ejkebgpp-1,F2: Universal
ejkflhpc-1,F2: Universal
ejkgamgk-1,F2: Universal
ejkkclpl-1,F2: Universal
ejkobege-1,F2: Universal
ejkpdgjl-1,F2: Universal
ejlkhida-1,F2: Universal
ejmacohf-1,F2: Universal
ejmbhgfi-1,KC5
ejmefoel-1,KC3
ejnheamc-1,F2: Universal
ejpdobfd-1,F2: Universal
ejpinabm-1,F2: Universal
ejpokkha-1,F2: Universal
ejppbngd-1,F2: Universal
ekajocab-1,F2: Universal
ekajpecf-1,F2: Universal
ekbemenh-1,F2: Universal
ekbhffjn-1,F1: Superficial
ekcfdajm-1,F2: Universal
ekcfpcfl-1,F2: Universal
ekdecojk-1,F2: Universal
ekdeikaf-1,F2: Universal
ekdfbmoi-1,KC1
ekecannj-1,F2: Universal
ekeicdjl-1,F2: Universal
ekekpmeh-1,F2: Universal
ekenjnia-1,F2: Universal
ekffcdpk-1,F2: Universal
ekgiggmf-1,Mast cell
ekgjeijc-1,KC5
ekgkcmgn-1,KC3
ekheejej-1,KC5
ekhlajif-1,KC5
ekijpfgf-1,KC5
ekildnco-1,Pericyte1
ekingjli-1,VE3_Ven
ekipjmpg-1,VE3_Ven
ekjbijlj-1,KC5
ekjepfbg-1,KC5
ekjfbkej-1,KC5
ekjflcga-1,F1: Superficial
ekkeabie-1,LE
ekkebhod-1,VE1_Art
ekkgkngp-1,F2: Universal
ekmkjhbb-1,cDC2
ekmnilnd-1,Pericyte1
eknjfngf-1,Pericyte1
eknkhdgg-1,F2: Universal
eknlhbhi-1,LE
ekojdnhi-1,F2: Universal
ekomnjgh-1,F2: Universal
ekooicgl-1,Smooth muscle
ekpfbaoo-1,Smooth muscle
ekphgpgd-1,Smooth muscle
ekpjnlab-1,LE
ekpkcfke-1,Smooth muscle
ekpnhlni-1,Smooth muscle
ekpnkhkl-1,Pericyte1
ekpnpcdb-1,LE
ekpocicn-1,Smooth muscle
elaacakj-1,Smooth muscle
elafnhcm-1,Smooth muscle
elbbpgid-1,Smooth muscle
elbfeejm-1,F3: FRC-like
eldadnll-1,F2: Universal
eldgmmam-1,Smooth muscle
eldhijph-1,Smooth muscle
eleakokm-1,LE
elebpckp-1,LE
eleghifd-1,LE
elemogoa-1,KC1
elgdaanp-1,KC1
elgdhcbh-1,KC1
elgeeenn-1,F1: Superficial
elgggdpe-1,KC3
elggiedd-1,KC3
elgigjok-1,KC5
elhhjfki-1,KC5
elhibjai-1,VE3_Ven
elhokbjj-1,KC1
elifaemg-1,KC1
eligkahm-1,KC1
elikpckm-1,KC1
elikpfeb-1,F1: Superficial
eliodkjf-1,F2: Universal
elkengjn-1,F2: Universal
elkmagae-1,KC1
elmbceae-1,F1: Superficial
elmfmplj-1,F2: Universal
elmikccf-1,F2: Universal
elmlhmpj-1,F1: Superficial
elmnclek-1,KC1
elngkbhf-1,KC3
elngoddg-1,KC1
elnkpnpo-1,KC1
eloeklao-1,KC1
elomdmge-1,KC5
elomggng-1,KC5
elonfaod-1,KC5
elpbepfa-1,KC5
elphekhd-1,KC5
emaadeal-1,KC5
emaenbfc-1,KC3
emagamhe-1,KC
emajfbdg-1,KC5
emajnbfg-1,KC5
emalekkl-1,KC1
emanfcmg-1,KC3
emaojpip-1,KC3
emaoofgn-1,KC1
embbffil-1,Melanocyte
embdeaal-1,KC5
emceilai-1,KC
emcfchmc-1,KC5
emcigiad-1,KC5
emcihbpp-1,KC1
emcofagi-1,KC5
emdgpplo-1,KC1
emdioilk-1,Melanocyte
emdnbmcg-1,KC
emdobnan-1,T
emeeaioh-1,Mast cell
emejfoma-1,Pericyte1
emfdokcb-1,VE4_Cap
emfganik-1,VE1_Art
emfhclbh-1,Pericyte1
emfhogbj-1,F1: Superficial
emfiiboi-1,cDC2
emghiekn-1,F1: Superficial
emgjajfc-1,VE3_Ven
emgpbckh-1,KC
emhblekg-1,KC3
emhbpbcf-1,KC3
emhdhopa-1,KC3
emhdmall-1,KC1
emheelbc-1,KC1
emhhdceb-1,KC1
emhikgpc-1,KC3
emhonbbm-1,Sweat gland channel outer
emidmaom-1,F2: Universal
emikpjgi-1,T
eminlkeb-1,F2: Universal
emjepdjh-1,F2: Universal
emjgbpgd-1,F2: Universal
emjjennd-1,F2: Universal
emjjhnbj-1,F2: Universal
emjmeohe-1,F2: Universal
emkccdcm-1,Mac2
emklbnji-1,F2: Universal
emknibab-1,Pericyte1
emkofgle-1,cDC
emkohcma-1,F2: Universal
emkoiecj-1,F2: Universal
emlajokb-1,F2: Universal
emlcmpfe-1,F2: Universal
emljeoac-1,F2: Universal
emlleccp-1,F2: Universal
emlnimhm-1,F2: Universal
emlodiab-1,F2: Universal
emmcdlbl-1,Mast cell
emmggplp-1,F2: Universal
emmimepi-1,F2: Universal
emmjciil-1,F2: Universal
emmmcnnj-1,F2: Universal
emmnkkbp-1,F2: Universal
emmplomm-1,F2: Universal
emnanice-1,F2: Universal
emnbabec-1,F2: Universal
emnbeffd-1,Mac2
emnbpbcj-1,F2: Universal
emndjkpc-1,F2: Universal
emnlnpke-1,F2: Universal
emnmhali-1,F1: Superficial
emnnnnab-1,Mast cell
emocclif-1,F2: Universal
emofjkke-1,F2: Universal
emoglbnf-1,F2: Universal
emomoglg-1,F2: Universal
empdocma-1,Pericyte1
empeeamk-1,F2/3: Perivascular
empgmmng-1,T
empmcnan-1,F2/3: Perivascular
enabgbge-1,F2: Universal
enagpjod-1,F3: FRC-like
enajmkkk-1,F2: Universal
enaolfkb-1,F2: Universal
enbmnhoi-1,F2: Universal
enbobhnk-1,F2: Universal
encaifmd-1,F2: Universal
encajipi-1,F2: Universal
encdincp-1,Mast cell
encedfci-1,F3: FRC-like
encegflb-1,Pericyte1
encfadpc-1,F3: FRC-like
encfajgl-1,Mac2
enckdonh-1,VE3_Ven
enckgkmm-1,Pericyte1
encoijgl-1,VE1_Art
endglefg-1,VE1_Art
endjbjde-1,VE1_Art
endkdgbl-1,Mac2
endphdem-1,VE3_Ven
enedpdom-1,Pericyte1
enefboia-1,VE3_Ven
enefpmkf-1,Pericyte1
eneonhoh-1,Th
enfacocj-1,VE1_Art
enfofgci-1,F3: FRC-like
engbgemo-1,VE1_Art
engcnfdc-1,VE4_Cap
engfboaf-1,Pericyte1
enghfnfc-1,Pericyte1
engidbea-1,Pericyte1
engjofaa-1,VE4_Cap
enhifcbl-1,Pericyte1
enigaani-1,F2/3: Perivascular
enigppaa-1,F3: FRC-like
eniinbef-1,Pericyte1
enijiakc-1,VE3_Ven
enikkifo-1,Mac2
enilpola-1,F2/3: Perivascular
enipnnhg-1,Pericyte1
enjadgnl-1,VE3_Ven
enjafdhi-1,VE3_Ven
enjcjijc-1,Th
enjgohji-1,F3: FRC-like
enjhopmc-1,VE1_Art
enjlikhn-1,T
enjndbpm-1,Pericyte2_VSMC
enjniloc-1,Pericyte1
enkdkfom-1,F3: FRC-like
enkefdpi-1,Pericyte1
enkfhali-1,VE3_Ven
enkghnip-1,Pericyte1
enknnmmk-1,VE1_Art
enkopfke-1,VE1_Art
enlbifan-1,Pericyte2_VSMC
enldcini-1,nmSchwann
enlgmlam-1,Mast cell
enlkoocn-1,F3: FRC-like
enmobdnm-1,F5: NGFR+
ennagdgn-1,F5: RAMP1+
enneickk-1,Tc1
ennhaknh-1,F3: FRC-like
ennliggp-1,F3: FRC-like
ennnpnga-1,cDC2
ennoplmk-1,F2: Universal
enoanfnf-1,nmSchwann
enofdiib-1,Mast cell
enojangk-1,VE3_Ven
enojjpbh-1,Pericyte1
enpikllm-1,VE3_Ven
enpkfklk-1,VE3_Ven
eoafnkbp-1,Mac2
eoaompam-1,F2: Universal
eobaijai-1,Mac2
eobdhifg-1,VE1_Art
eobhecke-1,Pericyte1
eobhngdd-1,VE3_Ven
eobikbfd-1,F2/3: Perivascular
eobnhpfk-1,T
eobnodlo-1,Pericyte2_VSMC
eobpdjid-1,F2: Universal
eocelone-1,VE1_Art
eodccbpp-1,F2: Universal
eodjhlhc-1,T
eodmmjin-1,Pericyte2_VSMC
eoedboio-1,F2: Universal
eoeeeond-1,F2: Universal
eoegicki-1,F2: Universal
eoegmfab-1,F2: Universal
eofikldi-1,nmSchwann
eofnlgoi-1,nmSchwann
eogbhkpb-1,F2: Universal
eoheijfb-1,F2: Universal
eohlflkb-1,F2: Universal
eoielnhi-1,Mast cell
eojededm-1,Mac2
eojjplbp-1,F2: Universal
eojlocde-1,F2: Universal
eokbgkhb-1,F2: Universal
eokhgahp-1,cDC
eokikhpg-1,Mast cell
eokkedpa-1,F3: FRC-like
eokompkg-1,cDC2
eolaklal-1,F3: FRC-like
eolcgpbg-1,F3: FRC-like
eolddjpi-1,F2: Universal
eolgddpl-1,F2/3: Perivascular
eolgebff-1,Mac2
eolhlken-1,F2: Universal
eomgdign-1,F2/3: Perivascular
eomjhdma-1,KC3
eomnhalj-1,KC3
eonfbpid-1,KC3
eongpkmf-1,KC3
eonpghaj-1,KCinflamm_basal
eooclhab-1,KC3
eookcnbg-1,F1: Superficial
epadejhb-1,Melanocyte
epailfjf-1,KC1
epaogmlo-1,LC
epaolalj-1,LC
epbcibgd-1,F1: Superficial
epbegoob-1,KC1
epbodlnh-1,Melanocyte
epcaonah-1,F1: Superficial
epcnkjnp-1,F1: Superficial
epdbnidi-1,F1: Superficial
epeaaokd-1,VE3_Ven
epefamlg-1,KC3
epenlmfd-1,KC3
epeohbio-1,KC3
epeojnbj-1,KC3
epfbmkfc-1,KC1
epfdlchb-1,KC1
epfpifhf-1,KC5
epgegpac-1,KC5
epgenlcp-1,KC
epghpobj-1,KC1
epgohldk-1,KC5
ephahmhl-1,KC5
ephchnnd-1,KC5
ephckfcb-1,KC5
ephdjhhk-1,KC5
ephkklch-1,KC5
ephlbold-1,KC3
ephnidjf-1,KC3
epiabijf-1,KC3
epiiemmo-1,KC5
epijpipc-1,KC3
epikokmm-1,KC5
epinilmk-1,KC3
epjamnlp-1,KC5
epjelgah-1,KC3
epjgffla-1,cDC
epjgpcmm-1,Pericyte1
epjhokbm-1,Pericyte2_VSMC
epjkoobi-1,VE3_Ven
epjlodkh-1,VE3_Ven
epkeolko-1,F1: Superficial
epkhdcja-1,VE3_Ven
epkipfjl-1,F1: Superficial
epkkgkpe-1,Pericyte1
epkopoil-1,VE3_Ven
eplbefka-1,VE4_Cap
epledfmd-1,Mast cell
eplhjalg-1,KC1
eplmanme-1,KC3
epmbhnlf-1,KC1
epmglndo-1,KC1
epnadcal-1,KC1
epnbjeld-1,LC
epncmpbl-1,Mast cell
epnggmek-1,KC3
epnjclec-1,KC3
epnodibn-1,F2: Universal
epobbdin-1,F2: Universal
epobmhkf-1,KC3
epofjjgh-1,KC3
epoiabnh-1,KC3
epphdapg-1,KC3
fabelbjh-1,KC3
fabgoddc-1,KC3
fabhpjko-1,KC3
fablelpd-1,KC3
facfeddg-1,F2: Universal
facfodkb-1,F2: Universal
facknpdj-1,Mast cell
facmmmla-1,F2: Universal
faddkchm-1,F2: Universal
fadfdond-1,T
fadgigjm-1,F2: Universal
fadlbjki-1,F2: Universal
fadmggji-1,Mac2
fadonmgg-1,KC3
faeabpne-1,KC1
faemlfjh-1,Melanocyte
faepibej-1,KC3
fafaclga-1,KC1
fafdfhfc-1,KC1
fafhcojf-1,nmSchwann
fafjpabl-1,KC1
fagelllm-1,Pericyte1
fagkgahl-1,VE3_Ven
fagmkpnd-1,KC2/3_cycling
fagndjig-1,KC1-2_cycling
fagnlmco-1,KC1
fahcjaod-1,KC3
fahlblgh-1,KC3
fahljeac-1,KC3
faiedihj-1,KC
faijocml-1,F1: Superficial
fajbolhp-1,F1: Superficial
fajgpmma-1,F1: Superficial
fajphkep-1,F1: Superficial
fakaadmh-1,cDC1
fakahpmo-1,KC1
fakbengg-1,nmSchwann
fakbghje-1,KC1
fakdpcfl-1,KC1
fakjojnd-1,Melanocyte
fakkhckg-1,Melanocyte
fakmcopp-1,cDC
faknkgoc-1,F1: Superficial
faladbfo-1,VE3_Ven
falbfelo-1,cDC2: EREG+CCR7+
falemjgk-1,cDC2: EREG+CCR7+
falihaho-1,cDC
falkjlkh-1,KC1
fallndfh-1,KC1
falnognl-1,Melanocyte
famapeoe-1,Melanocyte
fampgmdi-1,Pericyte1
fampohhc-1,TRM_IL17+
fanchepo-1,KC1
fanflffg-1,VE3_Ven
fanhabni-1,Pericyte1
faninoin-1,F1: Superficial
fanoakfc-1,cDC1
faoaonhj-1,Pericyte1
faoaplcf-1,VE3_Ven
faodhanp-1,cDC2
fapcccbp-1,Mast cell
fapcllib-1,F1: Superficial
fapglidl-1,Pericyte1
fbacgajf-1,Mac2
fbajdlcp-1,LE
fbbbigbf-1,F1: Superficial
fbbklnhb-1,F1: Superficial
fbcdedfc-1,Mac2
fbdbeloe-1,VE3_Ven
fbddmcjc-1,KC1
fbehccig-1,Pericyte1
fbeiihck-1,F1: Superficial
fbekflff-1,Pericyte1
fbepjjjn-1,Pericyte1
fbganhil-1,F1: Superficial
fbgaonom-1,F1: Superficial
fbgddiip-1,VE3_Ven
fbgeecmc-1,VE3_Ven_APLN+
fbggnkmg-1,LC
fbgikcpd-1,KC1
fbgjbmle-1,KC1
fbglohoa-1,KC1
fbhdhkch-1,F1: Superficial
fbhfphep-1,Mac2
fbhgcmdl-1,cDC2
fbhgpclp-1,F1: Superficial
fbidhnad-1,F1: Superficial
fbiikiel-1,KC3
fbipecpa-1,KC1
fbippjfl-1,KC1
fbjddngc-1,F1: Superficial
fbjeodco-1,cDC
fbjiejfl-1,nmSchwann
fbjjofjn-1,Mac2
fbjlooid-1,KC5
fbjpnfhc-1,KC5
fbkdiofi-1,F2: Universal
fbkdjcnh-1,Pericyte2_VSMC
fbkehemb-1,Pericyte2_VSMC
fbkhofpe-1,VE1_Art
fbkjjdgl-1,F2: Universal
fbklckbj-1,F2: Universal
fbknpebi-1,VE3_Ven
fbkpmaja-1,Pericyte1
fblbgohj-1,VE3_Ven
fblceinm-1,Pericyte2_VSMC
fblhncfi-1,Pericyte2_VSMC
fblklhak-1,Pericyte2_VSMC
fblmglbm-1,VE3_Ven
fbmcchkb-1,Mac2
fbmeogie-1,F2: Universal
fbmibaed-1,F2: Universal
fbmliiel-1,F1: Superficial
fbnlblfg-1,F2: Universal
fbnnlplb-1,F2: Universal
fbnopbeh-1,F2: Universal
fboellgj-1,mSchwann
fbogmgpg-1,F2: Universal
fboolmai-1,F2: Universal
fbpenfjf-1,F2: Universal
fbpiklgh-1,nmSchwann
fbpkffbh-1,F1: Superficial
fbplbkap-1,F2: Universal
fbpmfjdo-1,F2: Universal
fbpmlanl-1,F2: Universal
fcabcppc-1,F1: Superficial
fcagbkcf-1,F1: Superficial
fcakfbbi-1,VE1_Art
fcamnfpg-1,Pericyte1
fcaphnoe-1,Mac2
fcbaafcd-1,VE4_Cap
fcbeaijo-1,VE3_Ven
fcbhkced-1,F3: FRC-like
fcbkomfj-1,VE3_Ven
fcchamnd-1,F1: Superficial
fcckpbpa-1,nmSchwann
fccpcnbe-1,F1: Superficial
fcdbdiia-1,F2: Universal
fcdbkobo-1,F1: Superficial
fcdepalo-1,F1: Superficial
fcdhknmm-1,cDC
fceaibhb-1,F1: Superficial
fcebcbje-1,F1: Superficial
fcecjnep-1,LE
fceonbdk-1,Pericyte1
fcfckbbn-1,Pericyte1
fcfdhoil-1,Tc1
fcfedjgi-1,F2: Universal
fcfhpndj-1,T
fcficjfm-1,T
fcfkalmd-1,VE3_Ven
fcgbdhnl-1,cDC2: MMP12hi
fcgbdmdg-1,F1: Superficial
fcginflh-1,cDC
fcgmlkpf-1,VE3_Ven
fcgobjlf-1,Pericyte1
fchbdnig-1,cDC
fchjaamo-1,F2: Universal
fchkikck-1,F2: Universal
fchnimjb-1,Mast cell
fcibmkbg-1,Mast cell
fcideeco-1,LE
fciinbbm-1,LE
fcijjhep-1,Tc1
fcincmlf-1,F1: Superficial
fcioehcl-1,F1: Superficial
fciohjdi-1,Mast cell
fcjhcpac-1,F1: Superficial
fcjjbgeg-1,cDC2
fcjkekai-1,F1: Superficial
fcjlikla-1,F2: Universal
fcjpblin-1,F1: Superficial
fcjppich-1,KC1
fckfaijc-1,KC1-2_cycling
fckfoohi-1,F1: Superficial
fckiijjb-1,KC3
fcklgdli-1,KC1
fcknkieh-1,KC1
fcllligo-1,Melanocyte
fclmnnfp-1,KC1
fclnmngg-1,F1: Superficial
fcmbhkkh-1,KC5
fcmicdpo-1,KC1
fcmiddcl-1,KC1
fcmohpdn-1,KC1
fcnbkeak-1,F1: Superficial
fcnhcaoc-1,F1: Superficial
fcnhnldh-1,F1: Superficial
fcnladhp-1,T_γδ
fcnnlhfl-1,KC5
fcofbhjj-1,KC5
fconpfic-1,F1: Superficial
fcpgacph-1,KC1
fcphgfkn-1,KC1
fcpjehob-1,KC3
fcpmeipi-1,KC1
fdaefppe-1,LE
fdahhnec-1,LE
fdahpcfi-1,F1: Superficial
fdakjpbb-1,F1: Superficial
fdbnmgmp-1,KC1
fdbpcflp-1,KC1
fdclcpng-1,F1: Superficial
fdcmikeo-1,LE
fdcnckkc-1,F1: Superficial
fdcnecih-1,nmSchwann
fdcpaiog-1,F1: Superficial
fdcpmkcm-1,Pericyte1
fddajfca-1,VE4_Cap
fddbbpoi-1,cDC2
fddfjnhh-1,Pericyte1
fddgigjm-1,VE4_Cap
fddiafgn-1,Mast cell
fddlkoff-1,KC1
fddpeamj-1,Melanocyte
fdedahad-1,KC1
fdegbmpd-1,Pericyte1
fdeideoe-1,Pericyte1
fdejfnje-1,F1: Superficial
fdeppaml-1,KC5
fdfbahnh-1,KC5
fdfkdnnf-1,KC5
fdflhhge-1,KC3
fdfljkpo-1,KC3
fdflnpok-1,KC1
fdfnimoj-1,LC
fdfoknnf-1,LC
fdfolkmm-1,Mac2
fdglehia-1,F1: Superficial
fdgpeehb-1,KC1
fdhcmhen-1,KC5
fdheaimp-1,KC1
fdhgabol-1,Melanocyte
fdhlnhdj-1,Melanocyte
fdhnpfpa-1,KC1
fdhnpool-1,KC1
fdhoohbp-1,F2: Universal
fdiagjpj-1,Mac2
fdianjob-1,Mast cell
fdicjagk-1,Mac2
fdidfjok-1,F1: Superficial
fdjbdeoa-1,VE3_Ven
fdjbfbge-1,VE3_Ven
fdjimldc-1,Pericyte1
fdjjbhpk-1,Pericyte1
fdkjgehn-1,VE3_Ven
fdkkgjhm-1,KC3
fdkncomo-1,KC3
fdknmpjo-1,KC1
fdlggflp-1,KC1
fdlhkbgf-1,KC1
fdlkolch-1,F1: Superficial
fdllfdee-1,KC1
fdmiaidn-1,F1: Superficial
fdnbnenm-1,F1: Superficial
fdnfddia-1,KC5
fdnlkdno-1,VE4_Cap
fdoajmdc-1,Pericyte1
fdoaohkp-1,Pericyte1
fdobfidk-1,T
fdodhhcf-1,F1: Superficial
fdoglecc-1,cDC2: MMP12hi
fdoinlnl-1,F1: Superficial
fdpafaof-1,VE4_Cap
fdpbjcgb-1,KC3
fdpgheon-1,KC5
fdpiibkn-1,KC5
fdpjlmlm-1,KC5
fdppaafi-1,KC5
fdppnbke-1,KC5
feabgcaa-1,KC5
fealdfci-1,KC3
feapkeee-1,KC5
febijgca-1,KC3
febkgegb-1,KC1
febkifae-1,KC1
fecfgbjc-1,KC3
fecglnml-1,KC1
feciglbi-1,KC3
fecmgjon-1,F1: Superficial
fecohegi-1,LC
fecojnja-1,KC1
fedcencg-1,KC1
fedfikcd-1,KC5
fedhgpck-1,KC5
fedjcpje-1,KC5
fedjlnlm-1,KC5
fedkfdhk-1,KC3
fedmginp-1,KC1
feeagimi-1,LC
feebgnai-1,KC3
feeejmli-1,KC5
feeffjbo-1,KC3
feegibdo-1,KC3
feehdjop-1,Pericyte1
feeidobf-1,T
fefdjnbi-1,VE1_Art
fefghcjd-1,Pericyte1
fefmmgne-1,F5: RAMP1+
fefnpkic-1,F5: RAMP1+
fegedfbh-1,F1: Superficial
feggblia-1,cDC1
feggecoj-1,F2/3: Perivascular
fegjibcn-1,F2: Universal
feglcllm-1,Mac2
fegooalb-1,F2: Universal
fegpjiek-1,F2: Universal
fehagija-1,F2: Universal
fehahkmo-1,T
fehjmbdn-1,VE4_Cap
fehkojhm-1,Mac2
fehnkhdp-1,F2: Universal
fehnmcpj-1,Sweat gland channel outer
fehonkjb-1,F2: Universal
fehpifgh-1,F2: Universal
feiagdpf-1,Sweat gland channel inner
feiakiah-1,Sweat gland channel inner
feikcenn-1,Sweat gland channel inner
feinpokd-1,Sweat gland channel inner
feipapeh-1,Sweat gland channel inner
fejolmmn-1,F2: Universal
fejpifgh-1,Sweat gland channel outer
fekefmfb-1,Sweat gland channel outer
fekghgbg-1,F2: Universal
fekjipff-1,F2: Universal
fekloeph-1,F2: Universal
felbabcb-1,Sweat gland channel outer
felbhane-1,Sweat gland channel outer
felcnifl-1,Sweat gland channel outer
felhdcke-1,Sweat gland channel inner
felihifi-1,Sweat gland channel outer
felkcehf-1,Sweat gland channel outer
felocjlc-1,F2: Universal
fembnbob-1,F5: RAMP1+
femgmnke-1,F2: Universal
fempfaij-1,Sweat gland channel outer
fenaamie-1,VE4_Cap
fenboonc-1,VE4_Cap
fenhpecj-1,Sweat gland channel outer
fenlblae-1,Sweat gland channel outer
fenmfabi-1,Sweat gland channel outer
fenndhdn-1,VE4_Cap
feodchld-1,Pericyte1
feogipji-1,Sweat gland channel outer
feohlkdb-1,Sweat gland channel inner
feonpdcf-1,Sweat gland channel outer
feopdaeh-1,Sweat gland channel outer
fepabehg-1,Sweat gland channel inner
fepbblci-1,Sweat gland channel outer
fepbofpb-1,F3: FRC-like
fepiilfl-1,Pericyte1
fepnhhjk-1,VE2
ffafijcb-1,Sweat gland channel outer
ffagajfo-1,Sweat gland channel outer
ffbahkka-1,VE4_Cap
ffbehmel-1,Sweat gland channel inner
ffbgojpf-1,F2: Universal
ffbllljb-1,F2: Universal
ffbnnfca-1,Sweat gland channel outer
ffbnpmim-1,Sweat gland channel outer
ffcbbfhl-1,F2: Universal
ffcfndme-1,F2: Universal
ffcnedpi-1,F2: Universal
ffdglhmf-1,Sweat gland channel outer
ffdikpgi-1,F2: Universal
ffdjdlfn-1,F2/3: Perivascular
ffdlmaad-1,F2: Universal
ffeacdhj-1,Sweat gland channel outer
ffebclhp-1,Sweat gland channel outer
ffechcjk-1,Sweat gland channel outer
ffegiffk-1,Sweat gland channel outer
ffellbha-1,F3: FRC-like
fffbmgpc-1,F2: Universal
fffcjfij-1,F2: Universal
fffkehfm-1,Pericyte1
fffnkopl-1,Pericyte1
ffgdkfjo-1,F2: Universal
ffgmknnl-1,F2: Universal
ffhannlf-1,VE3_Ven
ffhkefdb-1,F2/3: Perivascular
ffhohffj-1,VE3_Ven
ffiahfef-1,Pericyte1
ffiaodke-1,Sweat gland
ffiomcmp-1,F2: Universal
ffjegnjb-1,F2: Universal
ffjgdhod-1,F2: Universal
ffkghjik-1,F2: Universal
ffklkdgh-1,F2: Universal
ffkllajd-1,F2: Universal
ffknjcca-1,F2: Universal
ffmaadbm-1,F2: Universal
ffmajono-1,F2: Universal
ffmehbgh-1,F2: Universal
ffncgoaf-1,F2: Universal
ffncmeol-1,F2: Universal
ffoeildj-1,F2: Universal
ffoibcfg-1,Mast cell
ffompndc-1,F2: Universal
ffonglci-1,F2: Universal
ffopbkpa-1,F2: Universal
ffopleen-1,F2: Universal
ffpklmfn-1,F2: Universal
fgabhgll-1,Sweat gland
fgahjngj-1,Sweat gland Myoepithelial
fgakmnpf-1,Sweat gland Myoepithelial
fgbabfci-1,Sweat gland
fgbbmebm-1,Sweat gland
fgbcpbdi-1,Sweat gland
fgbggogm-1,F2/3: Perivascular
fgbpblpo-1,Pericyte1
fgccbhed-1,VE3_Ven
fgccbpnf-1,Pericyte1
fgcegmok-1,Pericyte1
fgcgmekg-1,Mast cell
fgdbfjbi-1,F2/3: Perivascular
fgdcaibj-1,Pericyte1
fgdcielk-1,F2/3: Perivascular
fgdkokkm-1,F3: FRC-like
fgdnibca-1,F2/3: Perivascular
fgdopeid-1,VE3_Ven
fgdpcdkc-1,nmSchwann
fgecdhph-1,Sweat gland Myoepithelial
fgefcelh-1,F2/3: Perivascular
fgefcfcl-1,VE4_Cap
fgenigeo-1,VE4_Cap
fgfdcjed-1,Pericyte1
fgfepnkd-1,Pericyte1
fgfibmaf-1,VE3_Ven
fgfimdgp-1,Pericyte1
fgflepfk-1,Adipocyte
fggaoipb-1,Pericyte1
fggdpnhi-1,VE1_Art
fggkkjen-1,F2: Universal
fggpadmm-1,VE4_Cap
fggpklil-1,VE4_Cap
fghabnoa-1,F2/3: Perivascular
fghnkbim-1,F2/3: Perivascular
fghobaha-1,VE3_Ven
fgiigbji-1,Pericyte1
fgiplmbk-1,Pericyte1
fgjahmka-1,Pericyte1
fgjclinj-1,Pericyte1
fgjegklb-1,F5: RAMP1+
fgjjiljl-1,VE3_Ven
fgkjabcj-1,VE4_Cap
fgklfajo-1,VE4_Cap
fgkmiohk-1,F2/3: Perivascular
fgkndncj-1,F2: Universal
fglaognf-1,Pericyte1
fglkobic-1,VE4_Cap
fgmgpmjb-1,VE4_Cap
fgmjabbm-1,VE4_Cap
fgmknoia-1,VE4_Cap
fgmpahkf-1,Sweat gland Myoepithelial
fgmpphkl-1,Sweat gland Myoepithelial
fgncacmd-1,Sweat gland
fgngdbfn-1,Sweat gland Myoepithelial
fgnijaea-1,F5: RAMP1+
fgnjhkap-1,nmSchwann
fgnmfacn-1,Pericyte1
fgnnfkkd-1,VE1_Art
fgnohjoe-1,VE1_Art
fgoahdbi-1,VE1_Art
fgobmobj-1,VE1_Art
fgoojilo-1,nmSchwann
fgpfinmg-1,VE4_Cap
fgpokejk-1,F2: Universal
fhaadinf-1,Mac2
fhadkdeb-1,F2: Universal
fhapoeib-1,F2: Universal
fhbbffdm-1,F2: Universal
fhblnhja-1,F2: Universal
fhbmaehn-1,F2: Universal
fhcafkhc-1,F2: Universal
fhcoemfj-1,F2: Universal
fhdjpoec-1,VE1_Art
fheaclob-1,F2: Universal
fheaikif-1,Adipocyte
fheehdma-1,Pericyte1
fhepilpn-1,Adipocyte
fhfmnejc-1,F2: Universal
fhggkobl-1,VE3_Ven
fhhdmfoa-1,F2/3: Perivascular
fhhhffep-1,VE4_Cap
fhhhkfgf-1,VE3_Ven
fhhipnkg-1,Pericyte1
fhhkhblb-1,F3: FRC-like
fhhpeeak-1,F2/3: Perivascular
fhicpbaj-1,F2/3: Perivascular
fhifnlii-1,LE
fhiglpdh-1,F2/3: Perivascular
fhihcbcm-1,VE3_Ven
fhimfijl-1,Pericyte1
fhinpbdl-1,Adipocyte
fhjbhapg-1,Pericyte1
fhjcieid-1,VE3_Ven
fhjdjobj-1,Pericyte1
fhjhnedd-1,Pericyte1
fhjmbemi-1,Pericyte1
fhjnohah-1,Pericyte1
fhkfinme-1,F3: FRC-like
fhkjnbad-1,VE3_Ven
fhldoagm-1,Pericyte1
fhlfnpfn-1,Pericyte1
fhlkcplc-1,LE
fhmbojii-1,VE4_Cap
fhmjjdpo-1,Pericyte1
fhmjjgpk-1,nmSchwann
fhmoajco-1,VE4_Cap
fhnaknhi-1,VE1_Art
fhnclpmm-1,F2: Universal
fhnllnff-1,F2: Universal
fhnncpai-1,VE1_Art
fhodkehn-1,Adipocyte
fhpgefka-1,F2: Universal
fhpkemfg-1,F2: Universal
fhpknaob-1,F2: Universal
fhpnadhe-1,Pericyte1
fiababfi-1,F2: Universal
fiacnefc-1,F2: Universal
fibalamg-1,Sweat gland
fibefcho-1,Sweat gland
fibonhjf-1,VE3_Ven
fibpodio-1,Sweat gland Myoepithelial
ficedelj-1,T_γδ
ficgpbmm-1,Sweat gland
ficjbffh-1,nmSchwann
fickaodd-1,F5: RAMP1+
ficlgpni-1,Sweat gland
fidalkob-1,Sweat gland
fidbegeo-1,Sweat gland Myoepithelial
fidgbeci-1,Sweat gland
fidgkapa-1,Sweat gland
fieajcbp-1,Sweat gland
fiefbmmg-1,Sweat gland Myoepithelial
fifaggaj-1,Sweat gland
fifbgknh-1,Sweat gland
fifhbiph-1,Sweat gland Myoepithelial
fififgch-1,Pericyte1
fifnojfl-1,F2/3: Perivascular
figeajja-1,Pericyte1
figgeinj-1,VE3_Ven
fighdlhi-1,VE3_Ven
fighjkno-1,VE3_Ven
fihgelmj-1,VE3_Ven
fihpepch-1,cDC2
fiibjbae-1,F3: FRC-like
fiibkdoe-1,F2: Universal
fiichpnn-1,F3: FRC-like
fiifimdm-1,Th
fiilnpmi-1,F2/3: Perivascular
fiimmkhb-1,F3: FRC-like
fiindndp-1,Pericyte1
fiipifnk-1,VE3_Ven
fijaepmi-1,VE3_Ven
fijbknjg-1,Pericyte1
fijcijnf-1,VE3_Ven
fijekddo-1,Pericyte1
fijifelm-1,VE3_Ven
fijomooe-1,VE4_Cap
fikfamgk-1,Sweat gland
fikmchlm-1,VE4_Cap
fikoaglk-1,F2/3: Perivascular
fildejje-1,F5: RAMP1+
filgnllg-1,nmSchwann
filmbcjm-1,nmSchwann
filpdlpb-1,Sweat gland
filpmbhp-1,F5: RAMP1+
fimanobp-1,VE4_Cap
fimbjham-1,Sweat gland Myoepithelial
fimjlndl-1,Sweat gland
fimkfaoa-1,Sweat gland Myoepithelial
fimmccpe-1,Sweat gland Myoepithelial
fimnifci-1,Sweat gland
finckckn-1,Sweat gland Myoepithelial
finkiboi-1,Sweat gland
finmmnja-1,Sweat gland Myoepithelial
fiodaooa-1,Sweat gland
fiodnbeo-1,Sweat gland
fioikmoa-1,Sweat gland
fipgjifa-1,Sweat gland
fipjifan-1,Sweat gland
fjaclfac-1,Sweat gland
fjaelecm-1,Pericyte1
fjajlmlm-1,F5: RAMP1+
fjanomia-1,Sweat gland
fjbeicmj-1,Sweat gland
fjboemje-1,Sweat gland
fjcbfake-1,Sweat gland
fjccidpa-1,Sweat gland
fjcppife-1,Sweat gland Myoepithelial
fjdebmcj-1,Sweat gland
fjdedbad-1,Sweat gland Myoepithelial
fjdheomk-1,Sweat gland Myoepithelial
fjeebdpm-1,Sweat gland
fjemhllf-1,Sweat gland
fjemioio-1,Sweat gland
fjfbkfhg-1,Sweat gland Myoepithelial
fjfpmjjp-1,nmSchwann
fjgbkbbe-1,nmSchwann
fjgbkhio-1,nmSchwann
fjgghgnh-1,Sweat gland Myoepithelial
fjgpbpen-1,nmSchwann
fjhaingk-1,Mast cell
fjhblbgo-1,nmSchwann
fjhgfdmj-1,VE4_Cap
fjhjgopb-1,F5: RAMP1+
fjholkem-1,F5: RAMP1+
fjihfemf-1,Pericyte1
fjihjiii-1,F2/3: Perivascular
fjiigdgd-1,F3: FRC-like
fjikihel-1,F5: RAMP1+
fjjacmii-1,Adipocyte
fjjeigib-1,F5: RAMP1+
fjjeojdj-1,F2/3: Perivascular
fjjhagof-1,F5: RAMP1+
fjjlfpkk-1,F5: RAMP1+
fjkaicjo-1,F2/3: Perivascular
fjkihkol-1,VE4_Cap
fjlhicad-1,Sweat gland
fjlpcplb-1,Sweat gland
fjlpogld-1,Sweat gland
fjmhhlai-1,Sweat gland
fjmiilcn-1,Sweat gland
fjmimpnh-1,Sweat gland
fjmlgnhg-1,Sweat gland
fjnaeoke-1,Sweat gland Myoepithelial
fjnifbbi-1,Sweat gland
fjnkimlg-1,Sweat gland Myoepithelial
fjocanfc-1,Sweat gland
fjojbbpc-1,Sweat gland
fjomccgo-1,Sweat gland
fjonhahm-1,Sweat gland
fjpendco-1,Sweat gland
fjpicicb-1,Sweat gland Myoepithelial
fjpjcpnn-1,Sweat gland
fjpomfaa-1,Sweat gland
fkakdmgb-1,Sweat gland
fkapkalh-1,Sweat gland
fkcdbpnd-1,Sweat gland
fkcgikgc-1,Sweat gland
fkciegmk-1,Sweat gland
fkcjkajl-1,Sweat gland
fkdbphni-1,nmSchwann
fkdfgegn-1,nmSchwann
fkdhebkg-1,Sweat gland Myoepithelial
fkdlkbaj-1,Sweat gland
fkdmeglj-1,F5: RAMP1+
fkecaoeg-1,Sweat gland channel outer
fkeeogpg-1,Sweat gland channel inner
fkegnlhf-1,Sweat gland channel inner
fkfbhcmm-1,Sweat gland channel inner
fkfddmml-1,Sweat gland channel outer
fkfhgbig-1,Sweat gland channel inner
fkflhgbk-1,Sweat gland channel inner
fkfpkcig-1,Sweat gland channel outer
fkgdnkmg-1,Sweat gland channel outer
fkgenbpn-1,Sweat gland channel inner
fkghcnaf-1,Sweat gland channel outer
fkglldbd-1,Sweat gland channel inner
fkglneip-1,Sweat gland channel outer
fkgoojon-1,Sweat gland channel outer
fkhefhci-1,Sweat gland channel outer
fkhhhllh-1,Sweat gland
fkhmkifk-1,VE4_Cap
fkiadfcd-1,Sweat gland
fkigandj-1,Sweat gland
fkiinkpp-1,Sweat gland
fkikjfpb-1,Sweat gland
fkjpinnl-1,Sweat gland Myoepithelial
fkkhicif-1,nmSchwann
fklaabgb-1,Sweat gland Myoepithelial
fkldcemo-1,Sweat gland
fklfhmhc-1,Pericyte1
fklgdlok-1,Sweat gland
fklgmipf-1,Sweat gland
fkliilhe-1,Sweat gland
fkmdbido-1,Sweat gland
fkmebhcl-1,Sweat gland
fkmegcmh-1,F2/3: Perivascular
fkmekiil-1,F2/3: Perivascular
fkmfcbml-1,Sweat gland
fkmfjlmj-1,Pericyte1
fkmgapni-1,Sweat gland Myoepithelial
fkmhkfdm-1,Sweat gland
fkmnobei-1,VE4_Cap
fkmpklbc-1,VE4_Cap
fkndifpg-1,VE4_Cap
fknekpgo-1,Pericyte1
fknmklgk-1,Sweat gland
fkobkajl-1,VE4_Cap
fkockbni-1,VE3_Ven
fkoigolc-1,Sweat gland
fkphdeml-1,nmSchwann
fkplihaf-1,Mac2
fkplmkle-1,F2/3: Perivascular
fkppijei-1,Pericyte1
flahlopn-1,Sweat gland
flajnhfm-1,Sweat gland
flanekej-1,Sweat gland
flaojceo-1,Sweat gland
flbapilo-1,Sweat gland
flbbccbp-1,Sweat gland
flbkmkid-1,Sweat gland
flbnbnak-1,F5: RAMP1+
flcadpbp-1,Sweat gland Myoepithelial
flcanghg-1,F5: RAMP1+
flccjldm-1,Sweat gland Myoepithelial
flcdecok-1,F5: RAMP1+
fldeoele-1,Sweat gland Myoepithelial
fldgahdf-1,Pericyte1
fldmeopm-1,VE4_Cap
flecnebd-1,Sweat gland Myoepithelial
flekcckg-1,Pericyte1
flemaooi-1,nmSchwann
flfeccnl-1,Sweat gland Myoepithelial
flfecdhp-1,F5: RAMP1+
flfeflff-1,Sweat gland
flfhahnf-1,Sweat gland
flfhndjb-1,Sweat gland
flfkepoe-1,Sweat gland
flfmkmpo-1,Sweat gland
flgfbnam-1,F3: FRC-like
flgljcgp-1,Sweat gland Myoepithelial
flhdniac-1,F5: RAMP1+
flheibla-1,Sweat gland Myoepithelial
flhialpm-1,Sweat gland
flhielll-1,Sweat gland
flhinjhc-1,Sweat gland
fljblmba-1,Sweat gland
fljeokkp-1,F5: RAMP1+
fljflpib-1,Sweat gland
fljjbdcd-1,Pericyte1
fljlgnel-1,Sweat gland
fljmmlah-1,Sweat gland
flkemnpp-1,Sweat gland
fllbpabp-1,Sweat gland
fllgjial-1,Sweat gland
fllmfijh-1,Sweat gland
fllokdfd-1,Sweat gland
fllpbfbm-1,Sweat gland
flmbcddj-1,Sweat gland Myoepithelial
flmfapni-1,Sweat gland
flmnkkii-1,Sweat gland
flmojabd-1,Sweat gland
flmopaoh-1,Sweat gland
flncjhfm-1,Sweat gland
flneknbg-1,Sweat gland
flnigmap-1,Sweat gland
flnlcnmb-1,Sweat gland
flnngfbo-1,F5: RAMP1+
flnnpkmh-1,F5: RAMP1+
floaeehn-1,Sweat gland
flobdfol-1,Sweat gland
flobkkke-1,Sweat gland
floflddh-1,Sweat gland
flomkmne-1,Sweat gland
flpchdcj-1,F5: RAMP1+
flpkgacn-1,F2: Universal
flpncblg-1,F5: RAMP1+
flppcoce-1,F5: RAMP1+
flppkedi-1,Sweat gland
fmabophl-1,Sweat gland Myoepithelial
fmacgngm-1,Sweat gland
fmaecfib-1,F5: RAMP1+
fmaepbej-1,Sweat gland
fmakfljk-1,Sweat gland
fmbdkbeo-1,Sweat gland
fmbgllib-1,Sweat gland
fmbooail-1,Sweat gland
fmceemgc-1,Sweat gland Myoepithelial
fmcggfih-1,Sweat gland
fmchjahl-1,Sweat gland
fmcmmghh-1,F5: RAMP1+
fmcncpfm-1,F5: RAMP1+
fmdhlpio-1,nmSchwann
fmdlmkkh-1,F2/3: Perivascular
fmdmbmbd-1,F5: RAMP1+
fmdnglbc-1,F5: RAMP1+
fmeahico-1,Sweat gland
fmefebkp-1,Sweat gland
fmegmpch-1,Sweat gland Myoepithelial
fmegokoe-1,F5: RAMP1+
fmfbgmcd-1,Sweat gland
fmfdjdbj-1,Sweat gland
fmfefnoj-1,Sweat gland
fmgddiho-1,Sweat gland
fmgdgipf-1,nmSchwann
fmggecjj-1,Pericyte1
fmgijojk-1,F5: RAMP1+
fmgjfpde-1,Sweat gland
fmgjgege-1,Sweat gland Myoepithelial
fmgkkbmp-1,Sweat gland
fmglmdmj-1,Sweat gland
fmhedjli-1,Sweat gland Myoepithelial
fmhhfcjh-1,Sweat gland
fmhlljfe-1,F5: RAMP1+
fmihikgm-1,Sweat gland
fmiilpap-1,Sweat gland
fmipicgl-1,Sweat gland Myoepithelial
fmiplffj-1,nmSchwann
fmjbiegi-1,F5: RAMP1+
fmjgplmd-1,F5: RAMP1+
fmjjmkci-1,F5: RAMP1+
fmjnfleh-1,Sweat gland Myoepithelial
fmkgcapl-1,Sweat gland
fmkigjjh-1,Sweat gland
fmkjnlgi-1,Sweat gland Myoepithelial
fmkkoihj-1,Sweat gland
fmldcmil-1,Sweat gland
fmlhdagp-1,Sweat gland
fmljehhj-1,Sweat gland
fmmcikpo-1,Sweat gland
fmmndhcf-1,Sweat gland
fmmnojfn-1,Sweat gland Myoepithelial
fmmoifgd-1,Sweat gland
fmnabdja-1,Sweat gland
fmnadklk-1,Sweat gland
fmncmhef-1,Sweat gland
fmnijpai-1,Sweat gland
fmnkljib-1,F2/3: Perivascular
fmnmgmdi-1,nmSchwann
fmocebdn-1,Sweat gland Myoepithelial
fmodjicf-1,Sweat gland
fmoeimpf-1,Sweat gland
fmohpeah-1,Sweat gland
fmoncnbg-1,Sweat gland
fmpakapc-1,Sweat gland
fmpkfmjp-1,Sweat gland
fnaamgnd-1,Sweat gland Myoepithelial
fnaelloj-1,Sweat gland
fnaidhgc-1,F2/3: Perivascular
fnaikjfl-1,Sweat gland Myoepithelial
fnajeadn-1,Sweat gland Myoepithelial
fnakmlhi-1,F2/3: Perivascular
fnbchifa-1,Sweat gland Myoepithelial
fnbgjfbe-1,F5: RAMP1+
fnblojam-1,Sweat gland Myoepithelial
fnbmpedb-1,nmSchwann
fnbngjbf-1,Sweat gland
fnbofnln-1,Sweat gland Myoepithelial
fnbogemd-1,Adipocyte
fncoiigd-1,VE4_Cap
fndcpckd-1,VE4_Cap
fnddeffg-1,nmSchwann
fneachhd-1,F2/3: Perivascular
fnecckbm-1,VE4_Cap
fnecnmpl-1,Sweat gland
fneljopb-1,Sweat gland
fneofldf-1,Sweat gland
fnepcmma-1,Sweat gland
fnfchaib-1,Sweat gland Myoepithelial
fnffhppd-1,Sweat gland channel outer
fnfgfkjf-1,F5: RAMP1+
fnfhlnkp-1,Sweat gland channel outer
fnfipapk-1,Sweat gland channel outer
fnfjmdci-1,VE4_Cap
fngkciid-1,F2/3: Perivascular
fnhalbfk-1,Sweat gland
fnhbfehf-1,Sweat gland channel outer
fnhbhgpi-1,Sweat gland channel outer
fnhejbpm-1,Sweat gland channel inner
fnhoeddd-1,Sweat gland channel outer
fniceghl-1,VE4_Cap
fniemkgd-1,Sweat gland channel outer
fnihbdpe-1,Sweat gland channel outer
fnikhnlc-1,Pericyte1
fnikhojn-1,Pericyte1
fnjcjomd-1,F5: RAMP1+
fnjcogep-1,Sweat gland channel outer
fnjgacbp-1,Sweat gland channel inner
fnjjmgjp-1,Sweat gland channel outer
fnjjneel-1,Sweat gland channel outer
fnjlemad-1,Sweat gland
fnjllgmp-1,Sweat gland
fnkjbjcc-1,Mac2
fnkmfged-1,Sweat gland
fnkpoakg-1,Sweat gland
fnlbgmcd-1,nmSchwann
fnldhpjk-1,Pericyte1
fnldkjed-1,F5: RAMP1+
fnlkeeld-1,Sweat gland Myoepithelial
fnllpnpa-1,Sweat gland channel outer
fnlnfmnf-1,Sweat gland channel outer
fnmflplp-1,F5: RAMP1+
fnmgaplp-1,VE4_Cap
fnnfchfd-1,VE4_Cap
fnnhoigf-1,F5: RAMP1+
fnnkbfnk-1,F5: RAMP1+
fnnljkna-1,F2: Universal
fnnmmbkh-1,F2: Universal
fnnmpife-1,F2: Universal
fnnnhnpp-1,F2: Universal
fnnomonk-1,F2: Universal
fnnppkpm-1,F2: Universal
fnoeopni-1,F2: Universal
fnojpenp-1,F2: Universal
fnolacio-1,F2: Universal
fnopjmjh-1,F2: Universal
fnpblcjh-1,F2: Universal
fnpiblib-1,F2: Universal
fnpoepgn-1,F2: Universal
foakjgdi-1,F2: Universal
foalhmok-1,F2: Universal
foalocic-1,F2: Universal
foamkmjp-1,F2: Universal
fobbpnko-1,F2: Universal
fobpkklp-1,F2: Universal
focpllpd-1,F2: Universal
fodeefec-1,F2: Universal
foebdgoa-1,F2: Universal
fofaghij-1,F2: Universal
fofbilee-1,F2: Universal
fofdkhca-1,F2: Universal
fofhcnho-1,F2: Universal
fofkoede-1,F2: Universal
fofnkmmg-1,F2: Universal
fofnnkno-1,Mast cell
fogcgpbf-1,F2: Universal
fogebhfn-1,F2: Universal
fogfliip-1,F2: Universal
fogfmejd-1,F2: Universal
fogggkpi-1,Mac2
fojcfedg-1,F2: Universal
fojedbfo-1,F2: Universal
fokdklij-1,F2: Universal
fokhcblm-1,F2: Universal
fomnniok-1,F2: Universal
fonbaapc-1,F2: Universal
fonklafb-1,F2: Universal
fonnmflh-1,F2: Universal
foobchie-1,F2: Universal
foobpeeb-1,Pericyte1
fooclikn-1,Pericyte1
foocpbcn-1,Pericyte1
foodfjhb-1,VE3_Ven
foofimji-1,F2: Universal
foohhjjg-1,F2/3: Perivascular
foolaecf-1,VE3_Ven
foomenkg-1,F2: Universal
fopbmjkb-1,F2/3: Perivascular
fopdgfhm-1,F2/3: Perivascular
fopkcbpf-1,F2: Universal
fopkeaod-1,Sweat gland
foplpdbm-1,Pericyte1
fpahhkne-1,F2: Universal
fpakiieg-1,F2: Universal
fpbcdpic-1,F2: Universal
fpbkmlbn-1,F2: Universal
fpbknakk-1,F2: Universal
fpbnmoel-1,F2: Universal
fpcfbgba-1,F2: Universal
fpcgahfk-1,F2: Universal
fpcimaea-1,F2: Universal
fpcndegi-1,F2: Universal
fpcnecka-1,F2: Universal
fpcnjfma-1,F2: Universal
fpdbgchi-1,F2/3: Perivascular
fpdiphfl-1,Mac2
fpdjhbmk-1,F2/3: Perivascular
fpeafaad-1,VE4_Cap
fpeddjib-1,Pericyte1
fpeeimic-1,F2: Universal
fpfbiffc-1,VE3_Ven
fpfdgjjo-1,Pericyte1
fpfdodnd-1,VE3_Ven
fpfhnppe-1,Pericyte1
fpgdfjbg-1,F2: Universal
fpgejona-1,F2: Universal
fpgenghp-1,Sweat gland channel outer
fpgpehaj-1,Sweat gland channel outer
fphfiflm-1,F2: Universal
fphnagam-1,F2: Universal
fpigfjfe-1,F2: Universal
fpinpefo-1,Mac2
fpjeimnl-1,Mac2
fpjicbpn-1,F2: Universal
fpjiocbg-1,Mac2
fpkajaan-1,F2: Universal
fpkcjjbf-1,F2: Universal
fpklobmf-1,F2: Universal
fplbkcfk-1,F2: Universal
fpmdabme-1,F2: Universal
fpmdefdn-1,F2: Universal
fpmjfjde-1,VE3_Ven
fpmkmeie-1,Pericyte1
fpmlepkc-1,F2/3: Perivascular
fpmmkhci-1,Sweat gland channel inner
fpnildhm-1,Sweat gland channel outer
fpnjieci-1,Sweat gland channel outer
fpobliii-1,Sweat gland channel outer
fpocicah-1,Mac2
fpodfppo-1,F2: Universal
fppcnfab-1,F2: Universal
gaadikbh-1,F2: Universal
gaajcgpp-1,F2: Universal
gaaodfhb-1,F2: Universal
gabbcklk-1,F2: Universal
gabdncod-1,F2: Universal
gacbedpn-1,Mac2
gacehoof-1,F2: Universal
gacmhbbo-1,F2: Universal
gacmkjcg-1,F2: Universal
gadajhfg-1,F2: Universal
gadgboci-1,F2: Universal
gadkhbnl-1,F2: Universal
gadmlafo-1,F2: Universal
gadpfflc-1,F2: Universal
gaedjdji-1,F2: Universal
gaefmgbp-1,F2: Universal
gaefofkm-1,Pericyte1
gaegdmjc-1,Mac2
gaehinil-1,T
gaeikbmh-1,Pericyte1
gaejecel-1,LE
gaeleemk-1,VE4_Cap
gaemmcdg-1,F2/3: Perivascular
gaenbjkb-1,F2: Universal
gafebpkd-1,F2: Universal
gafhobje-1,F2: Universal
gafpklpg-1,F2: Universal
gaggjdee-1,F2: Universal
gahanlnf-1,F2: Universal
gakcljok-1,LE
galaipha-1,LE
gamdblce-1,LE
gamhkedc-1,VE3_Ven
ganeekeo-1,F2: Universal
gbbnkieh-1,Mast cell
gbcbejbi-1,Pericyte1
gbccgnfp-1,Pericyte1
gbcgeaej-1,VE3_Ven
gbclgadl-1,VE3_Ven
gbdclpmp-1,F2: Universal
gbdegmep-1,F2: Universal
gbdehgpp-1,Mac2
gbdhnfen-1,Mast cell
gbdkpjik-1,F2: Universal
gbdpjmhn-1,F2: Universal
gbdpmjbb-1,F2: Universal
gbeaebpk-1,Mac2
gbeamjie-1,F2: Universal
gbebgljm-1,F2: Universal
gbedgine-1,F2: Universal
gbfamegi-1,F2: Universal
gbfihpcc-1,F2: Universal
gbfldagf-1,F2: Universal
gbfoomoa-1,F2: Universal
gbgadopf-1,F2: Universal
gbgenmdb-1,F2: Universal
gbgmaeac-1,Mast cell
gbgmmjhp-1,Mac2
gbiabeik-1,F2: Universal
gbichidl-1,F2: Universal
gbifljbp-1,F2: Universal
gbiholbm-1,F2: Universal
gbilakoe-1,F2: Universal
gbjofemg-1,F2: Universal
gbjofemo-1,VE3_Ven_APLN+
gbklogcp-1,Pericyte1
gbkmkaki-1,F2/3: Perivascular
gbkpbfnj-1,nmSchwann
gblbjabc-1,Smooth muscle
gblebail-1,Smooth muscle
gblieobn-1,Smooth muscle
gbllhmed-1,Smooth muscle
gblpjdpa-1,Smooth muscle
gbmcfofb-1,Smooth muscle
gbmedagb-1,LE
gbmkfoga-1,F2: Universal
gbmndimn-1,LE
gbnehjmh-1,cDC
gbnnngpj-1,Th
gboigoji-1,Th
gbojphph-1,Mast cell
gbolidhb-1,Mac2
gbonpbkl-1,Pericyte1
gbookbmh-1,Pericyte1
gbpdmjkj-1,Pericyte1
gbpfcmno-1,VE3_Ven
gbphhhgb-1,Pericyte1
gbpkhapl-1,VE3_Ven
gbpoglei-1,VE3_Ven
gcabbkjk-1,Pericyte1
gcabfhbc-1,F3: FRC-like
gcahnfmc-1,F5: NGFR+
gcamhpff-1,Pericyte1
gcaodamb-1,F3: FRC-like
gcbkhlbk-1,VE3_Ven
gcbnekjl-1,F2: Universal
gccdiiji-1,F2: Universal
gccdmnch-1,F2: Universal
gccegahi-1,F2: Universal
gccejpmi-1,F2: Universal
gcdepmgj-1,F2: Universal
gcdfbail-1,Mac2
gcdffgoc-1,Mast cell
gcdhgchj-1,F2: Universal
gcdkaokk-1,Smooth muscle
gcdkggdp-1,F2: Universal
gcdninlo-1,F2: Universal
gcebpepn-1,Smooth muscle
gceehobe-1,Mac2
gcegeadg-1,F2: Universal
gcekkbal-1,Mac2
gcgdnlfm-1,F2: Universal
gcgehmce-1,F2: Universal
gcgigfnb-1,F2: Universal
gcgpamcc-1,Mac2
gciacgob-1,F2: Universal
gcicmgjo-1,Smooth muscle
gciomdcm-1,Smooth muscle
gcjajbal-1,Smooth muscle
gcjgbdfh-1,Smooth muscle
gcjlcoim-1,Smooth muscle
gcjmdopg-1,Smooth muscle
gcjncoeo-1,Smooth muscle
gcjnechj-1,Smooth muscle
gcjnkpkm-1,Smooth muscle
gckbbblc-1,F2: Universal
gckcgibb-1,Smooth muscle
gckelcpl-1,F2: Universal
gckfnhhn-1,F2: Universal
gckgchdb-1,F2: Universal
gckkoden-1,F2: Universal
gclfkbfk-1,Smooth muscle
gclhgoca-1,Smooth muscle
gclmbggb-1,Smooth muscle
gclnelpd-1,nmSchwann
gclngjbf-1,F2: Universal
gcmdlgfa-1,Smooth muscle
gcmfbcjc-1,F2/3: Perivascular
gcmiijio-1,Smooth muscle
gcmlhkpi-1,Smooth muscle
gcmpebbh-1,Smooth muscle
gcngcgdi-1,Smooth muscle
gcnomfae-1,Pericyte1
gcoiaekb-1,Smooth muscle
gcoopila-1,Smooth muscle
gcpccpoh-1,Smooth muscle
gcphjgmi-1,Smooth muscle
gdadnkbf-1,F2/3: Perivascular
gdafdomh-1,Smooth muscle
gdajnlcl-1,Smooth muscle
gdakcpcb-1,Smooth muscle
gdaljppl-1,Smooth muscle
gdbcionp-1,Smooth muscle
gdbfblgd-1,Smooth muscle
gdbmpndg-1,Smooth muscle
gdbnknnh-1,Smooth muscle
gdckflah-1,Smooth muscle
gdclgigl-1,Smooth muscle
gdclhdbc-1,nmSchwann
gdcnbphk-1,F2: Universal
gdcoopce-1,F2: Universal
gddakldp-1,Smooth muscle
gddfaafj-1,Smooth muscle
gddjhgal-1,Smooth muscle
gddlohai-1,Smooth muscle
gdeaaegi-1,Smooth muscle
gdekefjf-1,Smooth muscle
gdelajdb-1,Smooth muscle
gdeojjoa-1,Smooth muscle
gdfeeoeg-1,Smooth muscle
gdgbfafe-1,Mac2
gdgfkjpp-1,F2: Universal
gdgipmco-1,F2: Universal
gdgmphjj-1,F2: Universal
gdgoeboj-1,F2: Universal
gdhidebh-1,F2: Universal
gdidbfhk-1,Smooth muscle
gdiifedd-1,F2: Universal
gdinadep-1,F2: Universal
gdindfjk-1,F2: Universal
gdipkphb-1,Mac2
gdjbjikg-1,F2: Universal
gdkedjoa-1,Mac2
gdlangip-1,F2: Universal
gdleknmp-1,VE3_Ven
gdlmcgdj-1,VE3_Ven
gdmgkbah-1,F2: Universal
gdnckgad-1,F3: FRC-like
gdngkidj-1,Pericyte1
gdnjfikh-1,F3: FRC-like
gdnkobgm-1,Pericyte1
gdnnlhid-1,VE4_Cap
gdociipb-1,F2: Universal
gdodnbom-1,F2: Universal
gdojmgfi-1,F2: Universal
gdokigjd-1,Mac2
gdomefef-1,F2: Universal
gdomfbkh-1,Mast cell
gdopljpc-1,VE3_Ven
gdpacncn-1,Pericyte1
gdpcmflg-1,VE3_Ven
gdpeklph-1,VE3_Ven
gdpghoil-1,VE3_Ven
gdphiddl-1,F3: FRC-like
gdpiijha-1,F2: Universal
gdpmoodp-1,F2: Universal
gdpnnjfo-1,Mac2
geafofpb-1,Pericyte1
geaicaek-1,VE3_Ven
gebajkid-1,Pericyte1
geboojec-1,LE
gecamebi-1,VE3_Ven
gecbppal-1,Pericyte1
geciogff-1,Tc1
geciponm-1,F2: Universal
gedaidkf-1,F2: Universal
gedndelc-1,T
geefjahn-1,F2: Universal
geegmkkc-1,F2: Universal
geenegeh-1,F2: Universal
geeopaif-1,LE
gefdmnhi-1,F2: Universal
gefhbhcd-1,F2: Universal
gegfjjji-1,F2/3: Perivascular
gegobeeh-1,F2: Universal
geheibcd-1,F2/3: Perivascular
gehikooc-1,Smooth muscle
gehjogdc-1,F2: Universal
gehkjcjp-1,F2: Universal
geiaaead-1,F2: Universal
geidigdi-1,Smooth muscle
geihlcmp-1,Mast cell
geimpadm-1,F2: Universal
geiokpfg-1,Smooth muscle
geipamdf-1,LE
gejakfij-1,Mac2
gejppelc-1,F3: FRC-like
gekejlhk-1,F2: Universal
gekfjkfn-1,Smooth muscle
gekgaikn-1,Smooth muscle
gekmegoi-1,Smooth muscle
gekmkbfn-1,Smooth muscle
gekofmie-1,Smooth muscle
gelggcnd-1,F2: Universal
gelnhpfm-1,Smooth muscle
gembcbjm-1,F2/3: Perivascular
gemenigo-1,Smooth muscle
gemjfdec-1,F2: Universal
gemljhee-1,F2: Universal
gemmcfpg-1,VE3_Ven
genigjhn-1,F2: Universal
genomibo-1,F5: RAMP1+
geoikgak-1,F2: Universal
geolbbje-1,Smooth muscle
geolnfii-1,Smooth muscle
geoplmgo-1,Smooth muscle
gepelmaj-1,Pericyte1
gepmnond-1,Smooth muscle
gepojlhl-1,Smooth muscle
gfaagekj-1,F2/3: Perivascular
gfabjahd-1,F2: Universal
gfaljdjb-1,F2: Universal
gfanjkla-1,Smooth muscle
gfapdcdm-1,Smooth muscle
gfaponib-1,Smooth muscle
gfbedokg-1,F2: Universal
gfbmibjk-1,F2: Universal
gfcbhiaj-1,Smooth muscle
gfchkbmj-1,Smooth muscle
gfcmocno-1,Smooth muscle
gfcnnnif-1,Pericyte1
gfcopbib-1,F5: NGFR+
gfdmlalo-1,Smooth muscle
gfdnobhn-1,Smooth muscle
gfeaapnm-1,Smooth muscle
gfeadfkf-1,Smooth muscle
gfebbnpb-1,Smooth muscle
gfepkbil-1,Smooth muscle
gffjhpag-1,Smooth muscle
gffldemf-1,Smooth muscle
gffmockl-1,Smooth muscle
gfggcjnm-1,Smooth muscle
gfghmegj-1,VE4_Cap
gfglaaip-1,Mac2
gfhbflim-1,Pericyte1
gfhcdedo-1,F3: FRC-like
gfhfmamb-1,Th
gfhgjpne-1,Mast cell
gfhhlmaj-1,VE3_Ven
gfhilhgo-1,cDC
gfhpmmdp-1,VE3_Ven
gfiaclkl-1,Mast cell
gfidahil-1,F3: FRC-like
gfieejgp-1,F3: FRC-like
gfighaoe-1,F2: Universal
gfiicpko-1,F2: Universal
gfijilcg-1,F2: Universal
gfikbhdi-1,F2: Universal
gfilaodj-1,F2: Universal
gfimhgno-1,F2: Universal
gfjjkcmj-1,F2: Universal
gfjnfpnm-1,F2: Universal
gfkalklo-1,VE1_Art
gfkdmnpk-1,Pericyte1
gfkjhcpn-1,nmSchwann
gfklinll-1,F3: FRC-like
gfkmcmgi-1,F2: Universal
gfkmjgdo-1,Mac2
gflamikp-1,VE1_Art
gflbfmpf-1,VE1_Art
gflgdfoi-1,Pericyte1
gflghjoh-1,F3: FRC-like
gflkefbe-1,cDC
gfmbnagd-1,Pericyte1
gfmmbgej-1,Pericyte1
gfmnbllf-1,F2: Universal
gfnclmha-1,F2: Universal
gfncmnnm-1,Smooth muscle
gfnhelpb-1,Smooth muscle
gfnlbioh-1,Smooth muscle
gfnmkaei-1,Smooth muscle
gfofilgk-1,Smooth muscle
gfojfpcd-1,Smooth muscle
gfolfhjp-1,Smooth muscle
gfomlnjk-1,Smooth muscle
gfonhpcn-1,F2/3: Perivascular
gfopcein-1,Smooth muscle
gfpcbjhb-1,Smooth muscle
gfpepbdl-1,Smooth muscle
gfpgpkea-1,F5: NGFR+
gfpjnpel-1,Smooth muscle
gfpknana-1,Smooth muscle
gfpneham-1,Smooth muscle
gfpopkib-1,Smooth muscle
ggadobhj-1,Smooth muscle
ggaldhgf-1,Smooth muscle
ggamanbl-1,Smooth muscle
ggaobjfp-1,Smooth muscle
ggaoloil-1,Smooth muscle
ggblceei-1,Smooth muscle
ggbmgkfo-1,nmSchwann
ggbnjjmm-1,Smooth muscle
ggcaaglo-1,Smooth muscle
ggcfhcan-1,nmSchwann
ggcfkjcf-1,Smooth muscle
ggcgdcdo-1,Smooth muscle
ggchpkca-1,Smooth muscle
ggckhgcc-1,Smooth muscle
ggcnkimg-1,Smooth muscle
ggddeiak-1,Smooth muscle
ggdibjlb-1,Smooth muscle
ggdknfoh-1,Smooth muscle
ggdlpnel-1,Smooth muscle
ggeiablh-1,Smooth muscle
ggeicgef-1,Smooth muscle
ggeinpjn-1,F2: Universal
ggekkcfj-1,VE3_Ven
ggeldiol-1,VE3_Ven
ggeliala-1,VE3_Ven
ggelicoa-1,VE3_Ven
ggfaoedd-1,Smooth muscle
ggfcfjco-1,F2: Universal
ggffbiol-1,F2/3: Perivascular
ggfhbcjh-1,VE3_Ven
ggfhibcj-1,Pericyte1
ggfikeap-1,VE3_Ven
ggflcgkp-1,F2: Universal
gggljgph-1,F2: Universal
ggglkmfp-1,cDC2_cycling
gggpllop-1,F2: Universal
gghdnhhm-1,F2: Universal
gghkcbif-1,Pericyte1
gghkleco-1,VE1_Art
gghpgmai-1,VE1_Art
ggidnhpl-1,Pericyte1
ggiepofn-1,F2: Universal
ggiffada-1,Mac2
ggiikpha-1,F2: Universal
ggijlbhh-1,F2: Universal
ggimookj-1,Pericyte1
ggjabini-1,F5: NGFR+
ggjcjcoe-1,F2: Universal
ggjdgngk-1,F2: Universal
ggjgadlj-1,T
ggjpbgoa-1,F2: Universal
ggkeenfl-1,Mast cell
ggkhdnim-1,F2: Universal
ggkhfdgg-1,Smooth muscle
gglcdhld-1,VE4_Cap
gglfakoj-1,T
ggljkife-1,F2: Universal
gglmbdjo-1,Smooth muscle
gglnakgp-1,Smooth muscle
gglplghn-1,Smooth muscle
ggmbebml-1,Smooth muscle
ggmificl-1,F2/3: Perivascular
ggmjhcon-1,Smooth muscle
ggmjhggg-1,F2/3: Perivascular
ggmjkghb-1,Smooth muscle
ggmknflb-1,Smooth muscle
ggmlmnjp-1,Smooth muscle
ggmmccck-1,Smooth muscle
ggnbmdjf-1,nmSchwann
ggnckihm-1,Smooth muscle
ggndkoje-1,Smooth muscle
ggnmacmn-1,Smooth muscle
ggnnjpae-1,Smooth muscle
ggnnlhaf-1,F2: Universal
ggnoahkg-1,F2: Universal
ggnomkbc-1,F2: Universal
ggocidnj-1,Smooth muscle
ggocnhic-1,Smooth muscle
ggoepgmp-1,VE4_Cap
ggojianm-1,Smooth muscle
ggokjfjl-1,Pericyte1
ggpaebld-1,F2: Universal
ggpeicoe-1,F2: Universal
ggphpgee-1,F2: Universal
ggpkaghe-1,F2: Universal
ggplhbmc-1,Mac2
ggplpgbh-1,F2: Universal
ghacdnnj-1,Mac2
ghaebjoj-1,VE4_Cap
ghamcdce-1,F2: Universal
ghbgnnpa-1,F5: NGFR+
ghblfago-1,Mast cell
ghbokmgo-1,nmSchwann
ghbpmpjd-1,F2: Universal
ghcebiff-1,F5: NGFR+
ghcikgng-1,Pericyte1
ghcjagcg-1,Pericyte1
ghdbcijh-1,VE4_Cap
ghdbefaj-1,Mac2
ghddjihb-1,VE3_Ven
ghdioipd-1,VE3_Ven
ghdmphni-1,Mast cell
ghdneiop-1,VE4_Cap
ghebaobk-1,Pericyte2_VSMC
gheojnip-1,Smooth muscle
ghepidkh-1,F2: Universal
ghfdhcoc-1,Pericyte1
ghfgofid-1,Smooth muscle
ghfkmigc-1,Smooth muscle
ghgbkhcp-1,F2: Universal
ghgfiphc-1,F2: Universal
ghghfcfh-1,nmSchwann
ghgphloc-1,Mast cell
ghhapdcj-1,nmSchwann
ghhbfcaa-1,VE1_Art
ghhgacgk-1,Smooth muscle
ghhgkdoj-1,Smooth muscle
ghhilbca-1,Smooth muscle
ghhjahob-1,Smooth muscle
ghhjdpkp-1,Smooth muscle
ghhjhgoe-1,Smooth muscle
ghijiolj-1,Smooth muscle
ghijlcng-1,Smooth muscle
ghimoplj-1,F2: Universal
ghjdaedl-1,Smooth muscle
ghjdcndc-1,Smooth muscle
ghjgfced-1,F2: Universal
ghkcgied-1,Smooth muscle
ghkcncah-1,Smooth muscle
ghkehbpo-1,Smooth muscle
ghkehcod-1,Smooth muscle
ghkpblgn-1,Smooth muscle
ghkpohni-1,Smooth muscle
ghlbkebe-1,Smooth muscle
ghldkaie-1,Smooth muscle
ghlehigc-1,Smooth muscle
ghlgpjkm-1,Smooth muscle
ghljbgkd-1,Smooth muscle
ghlmjoog-1,Smooth muscle
ghmafgnf-1,Pericyte1
ghmcfina-1,Smooth muscle
ghmkkpgl-1,Smooth muscle
ghnclnpm-1,Smooth muscle
ghnkblna-1,Smooth muscle
ghnlbchk-1,Smooth muscle
ghnlmpcc-1,Smooth muscle
ghoflonh-1,F5: NGFR+
ghpdhaah-1,Smooth muscle
ghphlpnb-1,F5: RAMP1+
ghplkkjm-1,nmSchwann
ghpnhddd-1,nmSchwann
ghpoobfj-1,Smooth muscle
ghppccme-1,Smooth muscle
giaedajn-1,VE3_Ven
giakmmlm-1,VE4_Cap
giapciin-1,Smooth muscle
giapjbol-1,Smooth muscle
gibbbdlg-1,Smooth muscle
gibdlgej-1,Smooth muscle
gibfnghn-1,Smooth muscle
gicbcgag-1,Smooth muscle
gicbekde-1,Smooth muscle
gicfjloe-1,Smooth muscle
gicggkkf-1,nmSchwann
gicggmcp-1,nmSchwann
gidedkdn-1,Smooth muscle
gidemcml-1,Smooth muscle
gidfheoa-1,Smooth muscle
gidgdpih-1,Smooth muscle
gidhnhia-1,Smooth muscle
gidkedjd-1,Smooth muscle
gidnofim-1,Smooth muscle
gieegmmn-1,Smooth muscle
giegijmg-1,Smooth muscle
gieieimb-1,Smooth muscle
gielcaoc-1,Smooth muscle
gielnfen-1,Smooth muscle
gifchiii-1,Smooth muscle
gifclopj-1,Smooth muscle
gifdbehh-1,Smooth muscle
gifgfihm-1,Smooth muscle
gifhmlii-1,F2: Universal
gifnfpmh-1,Smooth muscle
gigbnmam-1,Smooth muscle
gigdmmom-1,Smooth muscle
gigepmnb-1,Smooth muscle
gighahkp-1,Smooth muscle
gigijdep-1,Mast cell
gigmpbhe-1,Mast cell
gihdodap-1,F2/3: Perivascular
gihipapm-1,nmSchwann
gihkhkjh-1,Smooth muscle
giiccmjo-1,F2/3: Perivascular
giifghig-1,Smooth muscle
giifloic-1,VE4_Cap
giiikkkm-1,Smooth muscle
giijhahc-1,Smooth muscle
giimdeim-1,Smooth muscle
gijbhiln-1,Smooth muscle
gijedgnl-1,F2/3: Perivascular
gijjlhaf-1,F2: Universal
gijleble-1,nmSchwann
gijlljfn-1,Pericyte1
gijmkodn-1,Pericyte1
gikcdcbm-1,Mast cell
gikeodlk-1,F2/3: Perivascular
gikglkok-1,Pericyte1
gikgnlib-1,VE1_Art
gikklhfb-1,Pericyte1
gilaaaie-1,VE4_Cap
gilbjoab-1,KC1
gililbec-1,Pericyte1
giljicid-1,Pericyte1
gillggoo-1,Pericyte1
gilolgej-1,VE4_Cap
gimacacm-1,Pericyte1
gimfaaig-1,F3: FRC-like
gimfofhi-1,Pericyte1
ginbbghm-1,Pericyte1
gingaihi-1,Pericyte1
ginipdad-1,Sweat gland channel outer
giomgooh-1,F2/3: Perivascular
gionbjbh-1,Sweat gland channel outer
giopiajm-1,Sweat gland channel outer
gipafpbn-1,Sweat gland channel outer
gipaippd-1,Sweat gland channel outer
gipobldh-1,F3: FRC-like
gippgcpd-1,Sweat gland channel outer
gjabbcim-1,KC
gjacajdi-1,Sweat gland channel outer
gjachljm-1,VE1_Art
gjadmaaj-1,VE4_Cap
gjaikooc-1,F2/3: Perivascular
gjbacgln-1,Sweat gland channel outer
gjbailpo-1,F3: FRC-like
gjbccmco-1,Pericyte1
gjbdbmca-1,Mast cell
gjbimmcp-1,F2: Universal
gjbjdkca-1,F5: RAMP1+
gjblacoc-1,Sweat gland channel outer
gjbodmpc-1,F2: Universal
gjcbmgni-1,F2: Universal
gjckmhci-1,F2/3: Perivascular
gjclacpa-1,Mast cell
gjcoikpm-1,T
gjdccahk-1,Sweat gland channel outer
gjdcdcea-1,cDC
gjdcgchj-1,F2/3: Perivascular
gjdhjedp-1,Pericyte1
gjdigdbh-1,Smooth muscle
gjecgnpg-1,F2/3: Perivascular
gjeipnak-1,Smooth muscle
gjenicck-1,Smooth muscle
gjfadcee-1,Smooth muscle
gjfaiien-1,Smooth muscle
gjfgdaci-1,Smooth muscle
gjflmkdn-1,Smooth muscle
gjfndjha-1,Smooth muscle
gjfnihaa-1,Pericyte1
gjgcmgde-1,Smooth muscle
gjgfibaa-1,Smooth muscle
gjgjipdc-1,Smooth muscle
gjglaano-1,Smooth muscle
gjglhaep-1,Smooth muscle
gjgmabac-1,Smooth muscle
gjhbnafd-1,nmSchwann
gjhgkkcp-1,Smooth muscle
gjhlbmko-1,Smooth muscle
gjhplibd-1,nmSchwann
gjifnifo-1,mSchwann
gjindkno-1,mSchwann
gjjjcngk-1,VE3_Ven
gjkblakh-1,VE3_Ven
gjkcjcfa-1,Pericyte1
gjkfjamg-1,F2/3: Perivascular
gjlbkpcm-1,Tc0
gjlhngpp-1,nmSchwann
gjmedppp-1,Mast cell
gjmkbfbe-1,nmSchwann
gjmkgodd-1,F2/3: Perivascular
gjmkobln-1,Pericyte1
gjmmlgfb-1,Pericyte1
gjncfkce-1,Pericyte1
gjncockl-1,Smooth muscle
gjnjmden-1,F2: Universal
gjnofcff-1,Smooth muscle
gjnpdhgj-1,Smooth muscle
gjodlgah-1,Smooth muscle
gjogpplf-1,Smooth muscle
gjohnmco-1,F2/3: Perivascular
gjoipieh-1,Smooth muscle
gjolfijg-1,nmSchwann
gjpikeep-1,F2: Universal
gjpjfimp-1,F2: Universal
gkafgndh-1,Mac2
gkalddib-1,F2: Universal
gkbckcnk-1,F2: Universal
gkbfocfl-1,F2: Universal
gkbjcmbj-1,Mast cell
gkcaajcp-1,Mast cell
gkccnnfc-1,Pericyte1
gkcelbfe-1,VE2
gkcgchkf-1,Mac2
gkcjkamo-1,VE3_Ven
gkcjlepa-1,F2/3: Perivascular
gkcmfbcd-1,Pericyte1
gkddcfbm-1,T
gkdeakoo-1,Pericyte1
gkdhmkaj-1,Mac2
gkdmjkbi-1,F2: Universal
gkebfoae-1,F2: Universal
gkebmajl-1,F2: Universal
gkeebihn-1,F2: Universal
gkeefmid-1,F3: FRC-like
gkejhpaf-1,F3: FRC-like
gkemaoaj-1,Mast cell
gkenfcmh-1,F2/3: Perivascular
gkffggka-1,cDC2: MMP12hi
gkffkgmn-1,Pericyte1
gkfgbbgl-1,Pericyte1
gkfmcned-1,F5: NGFR+
gkgaceoo-1,T
gkgeiido-1,Pericyte1
gkgihhda-1,T
gkgofmmh-1,F2/3: Perivascular
gkgpglno-1,Smooth muscle
gkhgnoih-1,Smooth muscle
gkhhikij-1,Smooth muscle
gkhjboip-1,nmSchwann
gkhkgfab-1,Smooth muscle
gkhlgfef-1,Smooth muscle
gkhooocm-1,Smooth muscle
gkibfhcd-1,F2: Universal
gkjcdodo-1,Smooth muscle
gkjhedik-1,F2: Universal
gkkagfhj-1,Smooth muscle
gkkccapj-1,Smooth muscle
gkkhbdnd-1,Smooth muscle
gkkihpck-1,Smooth muscle
gkkipkab-1,F2: Universal
gkklbjll-1,F2: Universal
gkkockom-1,F2: Universal
gklifllb-1,F2: Universal
gkliklke-1,F2: Universal
gkllgefl-1,Smooth muscle
gkllhemm-1,Smooth muscle
gklmlbpj-1,Smooth muscle
gkloncbb-1,Smooth muscle
gklpeifo-1,F2/3: Perivascular
gkmfmjll-1,Smooth muscle
gkneggae-1,Smooth muscle
gknffhpp-1,Mac2
gknjhnfe-1,F2: Universal
gknkemff-1,Mac2
gknnfmlg-1,F2: Universal
gkocpafh-1,F2: Universal
gkolpkkk-1,F2: Universal
gkooboff-1,Mac2
gkoolfjj-1,F2: Universal
gkooodeg-1,F2: Universal
gkopjdhb-1,F2: Universal
gkpfmehm-1,F2: Universal
gkpibila-1,F2: Universal
gkpjoejg-1,Mast cell
gkpkknha-1,F2: Universal
gkpliinb-1,F2: Universal
gkpmlmbo-1,Smooth muscle
gkpnlgba-1,F2: Universal
gkpoccjh-1,F2: Universal
gkppnjpk-1,F2: Universal
glaegkhb-1,F2: Universal
glbadhak-1,F2: Universal
glbeanfd-1,nmSchwann
glbebhna-1,Smooth muscle
glbkdagl-1,Smooth muscle
glcepfhp-1,Mac2
glcijdnp-1,Mac2
glckoppf-1,Smooth muscle
gldcpkjc-1,T
gldfddip-1,nmSchwann
gldldkpm-1,Smooth muscle
gldnmkpd-1,Smooth muscle
glebnide-1,Smooth muscle
gleffhoe-1,cDC
glegfcbm-1,VE1_Art
glehpoea-1,VE4_Cap
glelmgbp-1,Pericyte1
glenjjep-1,VE3_Ven
glfaggho-1,F2/3: Perivascular
glfebane-1,Pericyte2_VSMC
glfioifh-1,Mast cell
glgcdajk-1,Pericyte1
glgdpopf-1,Pericyte1
glgfabeo-1,Pericyte1
glgfemcb-1,Smooth muscle
glhdfdpm-1,VE4_Cap
glhkealj-1,Pericyte1
glhmpmjh-1,Smooth muscle
glhpckik-1,nmSchwann
gliaafdd-1,Smooth muscle
glibnbog-1,Smooth muscle
glifdaei-1,Smooth muscle
glihpjli-1,Smooth muscle
gliljlpo-1,nmSchwann
gljcfbco-1,Smooth muscle
gljcmcei-1,Smooth muscle
gljljepa-1,F2: Universal
gljmldfb-1,F2: Universal
gljneibp-1,F2: Universal
gljnkaab-1,F2: Universal
gljpeoip-1,F2: Universal
gljpmkfk-1,F2: Universal
glkdplco-1,nmSchwann
glkebnhm-1,Mast cell
glkfdhdi-1,F2: Universal
glkpoolc-1,nmSchwann
gllbbghg-1,Smooth muscle
glldncbn-1,Smooth muscle
gllebohg-1,Smooth muscle
gllfkbpb-1,Pericyte1
gllnkkjh-1,Pericyte1
glmcgfba-1,Smooth muscle
glmghaie-1,VE4_Cap
glmhnlho-1,Smooth muscle
glmlampj-1,Smooth muscle
glmldkhj-1,Pericyte1
glmncoji-1,F2/3: Perivascular
glnebnod-1,Smooth muscle
glnfnlab-1,Smooth muscle
glnkifio-1,Smooth muscle
glnopecd-1,Smooth muscle
glnppaod-1,Smooth muscle
glofblcb-1,Smooth muscle
gloigjll-1,Smooth muscle
glokaiff-1,F2: Universal
glolhdkj-1,VE4_Cap
glonadog-1,VE4_Cap
glpenpai-1,F2/3: Perivascular
glphomgb-1,VE3_Ven
gmaanjgh-1,VE1_Art
gmafdobo-1,VE3_Ven
gmagkacg-1,Pericyte1
gmbaipoi-1,VE1_Art
gmbajeni-1,Mast cell
gmbedhif-1,F3: FRC-like
gmbhacec-1,F2: Universal
gmbhnkml-1,Smooth muscle
gmbimafd-1,Smooth muscle
gmbphegh-1,F2: Universal
gmbpnefh-1,Smooth muscle
gmckdgfb-1,LE
gmcknjfn-1,VE1_Art
gmclofcb-1,VE1_Art
gmcmaoed-1,cDC
gmddhedh-1,Smooth muscle
gmdeoodl-1,LE
gmdfiboh-1,F2/3: Perivascular
gmdggfpg-1,LE
gmdjkpnd-1,LE
gmdmldkd-1,Smooth muscle
gmeenafl-1,Smooth muscle
gmellado-1,T
gmemfbgg-1,Smooth muscle
gmemgdhi-1,LE
gmemjecc-1,Smooth muscle
gmeneljh-1,Smooth muscle
gmfbkopf-1,Smooth muscle
gmfdjnoa-1,Smooth muscle
gmfgdfdc-1,LE
gmfgnafe-1,F2/3: Perivascular
gmfkgbgc-1,LE
gmgldljd-1,VE3_Ven
gmgmnccl-1,VE3_Ven
gmgolmal-1,VE3_Ven
gmgpchep-1,VE3_Ven
gmhbloje-1,VE3_Ven
gmhhecej-1,Pericyte1
gmhlamff-1,VE3_Ven
gmholfjd-1,Pericyte1
gmhpjnnh-1,cDC
gmiahocc-1,Pericyte1
gmienhhe-1,VE3_Ven
gmifcekk-1,Pericyte1
gmimcgdf-1,VE3_Ven
gmiodepl-1,VE3_Ven
gmipldmf-1,VE3_Ven
gmjeblgp-1,F2: Universal
gmjecibl-1,F2: Universal
gmjibmgp-1,Mac2
gmjpojba-1,F2: Universal
gmkcioll-1,Mac2
gmkeioke-1,F2/3: Perivascular
gmkogfao-1,VE3_Ven
gmlfljgp-1,VE3_Ven
gmlkkfek-1,VE3_Ven
gmmblhpn-1,VE3_Ven
gmmlcndo-1,VE3_Ven
gmncdgka-1,VE3_Ven
gmnefboh-1,F2: Universal
gmnhfakl-1,Mac2
gmodanel-1,F2: Universal
gmpccegf-1,F2: Universal
gmpcdoif-1,Mac2
gmpcpfaj-1,F2: Universal
gmpgepmn-1,F2: Universal
gmpgijhi-1,F2: Universal
gmpjpepa-1,F2: Universal
gnaadhpe-1,VE3_Ven
gnajofag-1,cDC1
gnalpgci-1,Pericyte1
gnamlapk-1,F2: Universal
gnaoknok-1,F2: Universal
gnbmmoea-1,F2: Universal
gnboolho-1,VE1_Art
gncahfel-1,F2: Universal
gncaoeoo-1,F2: Universal
gncemlne-1,Pericyte1
gndchpkk-1,F3: FRC-like
gnddcgfd-1,cDC2
gndjjcbl-1,Pericyte2_VSMC
gndllefm-1,F2/3: Perivascular
gneapofb-1,F2/3: Perivascular
gnebhoge-1,Mac2
gnebnpca-1,F3: FRC-like
gneeccnp-1,Pericyte1
gnegaohj-1,Mac2
gnegdjjb-1,cDC2
gnenfcoi-1,F2: Universal
gnepamhn-1,LE
gnfbllca-1,F2: Universal
gnfcacoi-1,LE
gnfcbfhe-1,F2/3: Perivascular
gnfghonc-1,VE3_Ven
gnfldghl-1,VE3_Ven
gnfomcje-1,Pericyte1
gngphabn-1,VE3_Ven
gnhhalej-1,F2: Universal
gnhifepk-1,nmSchwann
gnhkjnfa-1,F5: NGFR+
gnhmpjid-1,F2/3: Perivascular
gnihohec-1,F2/3: Perivascular
gnikhcma-1,F2/3: Perivascular
gniklehk-1,Pericyte1
gnildddp-1,VE3_Ven
gnimmpba-1,VE3_Ven
gninhfln-1,Mast cell
gnipipgn-1,F2/3: Perivascular
gnjfdfde-1,F2/3: Perivascular
gnjgbacn-1,F2/3: Perivascular
gnjjigdh-1,VE4_Cap
gnjliceg-1,F2/3: Perivascular
gnjminna-1,VE3_Ven
gnjofajn-1,F2/3: Perivascular
gnkahlec-1,Pericyte1
gnkblkbh-1,F2: Universal
gnkbnpje-1,Mac2
gnkdpekk-1,VE1_Art
gnkmcilk-1,Sweat gland channel outer
gnknlglo-1,Pericyte1
gnlablel-1,Mast cell
gnlbmjkc-1,VE1_Art
gnlfdpjf-1,Pericyte1
gnlmleak-1,F2: Universal
gnlpomnd-1,F2: Universal
gnmafhji-1,F2: Universal
gnmdpjok-1,Pericyte1
gnmfdljg-1,F1: Superficial
gnmgfgal-1,VE3_Ven
gnmjncco-1,Pericyte1
gnmkcbne-1,F2: Universal
gnnbkbhj-1,Mast cell
gnndhldg-1,F2: Universal
gnnfeino-1,F3: FRC-like
gnnhgcbp-1,F2/3: Perivascular
gnobhnlm-1,F3: FRC-like
gnoeianm-1,Mast cell
gnpbmkbj-1,F2: Universal
goadaigd-1,F2: Universal
goagpeih-1,Mac2
goahjman-1,LE
goajcinl-1,LE
goakinnk-1,Pericyte1
goaohkab-1,F3: FRC-like
gobbhjkc-1,VE4_Cap
gobfkime-1,Pericyte1
gobgaobb-1,Smooth muscle
gobpfjje-1,Smooth muscle
gocbjigm-1,Smooth muscle
gocgeabn-1,Mac2
gocideep-1,cDC2: MMP12hi
gocmbdop-1,Mast cell
goconfbf-1,Mac2
godcdoen-1,Sweat gland channel outer
goddjdnj-1,Sweat gland channel outer
godiodbg-1,VE4_Cap
godknpja-1,Sweat gland channel outer
gododoeb-1,Pericyte1
godokhfl-1,Sweat gland channel outer
goefjbep-1,Pericyte1
goeilhja-1,Pericyte1
goejdpai-1,VE4_Cap
goemjhjj-1,VE3_Ven
goenhohg-1,VE3_Ven
goenodji-1,F2/3: Perivascular
gofamklp-1,VE4_Cap
gofcmigb-1,VE4_Cap
gofeicaa-1,VE3_Ven
goffmhpe-1,F2: Universal
gofidbgo-1,F2: Universal
gofogjag-1,F2: Universal
gogejcpe-1,F2/3: Perivascular
gohmokic-1,F2: Universal
gohnbanh-1,Mast cell
goieokce-1,cDC
goifccok-1,F2: Universal
goijnpfp-1,F3: FRC-like
goiladgl-1,Pericyte1
goilgilf-1,Pericyte2_VSMC
goiomnmk-1,VE1_Art
goipoikj-1,Pericyte1
gojhhndi-1,Pericyte1
gojjndeo-1,T
gokchhfm-1,T
gokkcghn-1,F2/3: Perivascular
gokpdbgp-1,F2: Universal
golcbnkj-1,VE3_Ven
golepmgb-1,F2: Universal
goljadeo-1,F3: FRC-like
golmcban-1,F2: Universal
gomclapn-1,Pericyte1
gomeeekf-1,Pericyte1
gomjnfoe-1,F5: NGFR+
gonbkidc-1,VE3_Ven
gondkdfn-1,Pericyte1
gonhcckm-1,VE4_Cap
gonhjiop-1,F3: FRC-like
gonogmoc-1,LE
goobigip-1,F2/3: Perivascular
goodmmco-1,Mac2
gopnfncd-1,Mac2
gopofgca-1,F3: FRC-like
gpaigbai-1,Th
gpajnghf-1,F2/3: Perivascular
gpapanhe-1,VE3_Ven
gpbapmdp-1,cDC
gpbdphif-1,Tc1
gpbgbahf-1,Pericyte1
gpbgpbme-1,VE3_Ven
gpbhkkcm-1,F2: Universal
gpbkjcje-1,F2: Universal
gpbmmphk-1,Smooth muscle
gpbmpgnm-1,Mac2
gpcbeagj-1,F2: Universal
gpcilkbl-1,F2: Universal
gpcnognf-1,F2: Universal
gpcnoplh-1,F2/3: Perivascular
gpcoloin-1,F2/3: Perivascular
gpdehnpj-1,F2: Universal
gpdgdlnj-1,F2: Universal
gpdnjfda-1,F2: Universal
gpebhgjk-1,F2: Universal
gpecckbi-1,F2: Universal
gpecmfgp-1,Mast cell
gpeemela-1,F2: Universal
gpelkgmn-1,Mac2
gpemjdbo-1,F2: Universal
gpfhoomj-1,F2: Universal
gpfibhhk-1,F2: Universal
gpfokbnd-1,F2: Universal
gpgdpdki-1,F2: Universal
gpggohme-1,F2: Universal
gpgjjjne-1,F2: Universal
gpibkolc-1,F2: Universal
gpiejpae-1,Mast cell
gpimclal-1,Pericyte1
gpimoflm-1,Pericyte1
gpjacijd-1,VE3_Ven
gpjamkoc-1,VE3_Ven
gpjcjfjm-1,Pericyte1
gpkbbhod-1,F2: Universal
gplcbcep-1,F1: Superficial
gpldkccc-1,F2: Universal
gpledbjb-1,F2: Universal
gplfbaaj-1,F2: Universal
gplpmnhn-1,T
gpmadbim-1,LE
gpnabdeh-1,F2: Universal
gpnaicbi-1,LE
gpnbapcd-1,F2: Universal
gpndabco-1,F2: Universal
gpngfndk-1,F2: Universal
gpnnpjgb-1,F2: Universal
gpoahjbm-1,F2: Universal
gpodioij-1,F2: Universal
gpohaofc-1,F2: Universal
gpolmdkb-1,Mast cell
gponpmjl-1,F2: Universal
gppabpgb-1,F2: Universal
gppgdcpe-1,F2: Universal
gpplpeig-1,F2: Universal
haagoolj-1,T
haamnmei-1,F2: Universal
haanjkcg-1,F2: Universal
habibbin-1,T
habkghog-1,F2: Universal
habpbmdl-1,F2: Universal
hacdbhji-1,F2: Universal
hacgkgfb-1,F2: Universal
hachdcpg-1,F2: Universal
hackpfmd-1,F2: Universal
hacmmpaa-1,Mac2
hadbaigm-1,F2: Universal
hadekgde-1,F2: Universal
hadekhgl-1,F2: Universal
hadendek-1,LE
hadhhmdk-1,LE
hadloepk-1,F2: Universal
haeajkdf-1,Pericyte1
haecddjj-1,Pericyte1
haedoafl-1,F2: Universal
haehkgmn-1,F2: Universal
haeipeod-1,Pericyte1
hafannhp-1,F2: Universal
hafefbih-1,VE3_Ven
hafeggdg-1,F3: FRC-like
hafhafjo-1,VE3_Ven
hafiipbb-1,Mac2
hagaeegb-1,Mast cell
hagmmfdl-1,Mac2
hagnnkfc-1,Mac2
hagolfni-1,LE
hahaadmd-1,Pericyte1
hahckgdp-1,F2: Universal
hahibomo-1,LE
hahkddkd-1,LE
hahlimdd-1,LE
haiadgji-1,F2: Universal
hajbpcjc-1,F2: Universal
hajcfojk-1,F2: Universal
hajflfef-1,LE
hajggpeh-1,F2: Universal
hajjahgd-1,F2: Universal
hajljija-1,F2: Universal
hajpjnin-1,LE
hakagoeh-1,LE
hakcjjim-1,LE
haklcmol-1,LE
hakmoebi-1,Pericyte1
haknfaln-1,Pericyte1
haknocgc-1,LE
hakoegmd-1,LE
halbohlc-1,LE
halhkoap-1,F2: Universal
halibgbc-1,T
halkhlij-1,Mac2
hallbaba-1,cDC2
halnblch-1,F3: FRC-like
halnfhmj-1,Th
hamacclf-1,Mac2
hambaaeb-1,cDC1
hamdmdfk-1,F3: FRC-like
hamfmhaf-1,F1: Superficial
hamgdkjd-1,T
hamiecgl-1,Mac2
hamiejne-1,Mast cell
hamihopo-1,F2: Universal
hanalebe-1,F2: Universal
hanfaknc-1,F3: FRC-like
hanhpnjc-1,Mac2
hankjpcb-1,VE4_Cap
haoccfgk-1,VE3_Ven
haokefii-1,Pericyte1
hapconhh-1,Tnaive
hapdncck-1,Mac2
hapfojnc-1,VE1_Art
haphlhck-1,Pericyte2_VSMC
haphmmkd-1,F2: Universal
hapkheop-1,F2: Universal
hbacchbh-1,F2: Universal
hbagibdp-1,F2: Universal
hbahacga-1,VE3_Ven
hbaidldf-1,Pericyte1
hbainnjo-1,Mac2
hbaobpfc-1,F2: Universal
hbapfhgo-1,F2: Universal
hbbafedc-1,F2: Universal
hbccogie-1,Smooth muscle
hbchapkg-1,F2: Universal
hbckchda-1,F2: Universal
hbcllpbc-1,nmSchwann
hbcnnnmm-1,F2: Universal
hbdacecc-1,Smooth muscle
hbdjmbmf-1,F2: Universal
hbdnonde-1,F2: Universal
hbdoehbn-1,F2: Universal
hbedkdcp-1,F2: Universal
hbegefal-1,F2: Universal
hbegobde-1,F2: Universal
hbelidcl-1,F2: Universal
hbelplee-1,F2/3: Perivascular
hbficgng-1,F2: Universal
hbgadioj-1,F2: Universal
hbgjabcl-1,F2: Universal
hbgjdfpa-1,F2: Universal
hbgjkkmp-1,F2: Universal
hbgkfjgk-1,Mast cell
hbgolgep-1,T
hbhaoikk-1,Mac2
hbhmmmho-1,F2: Universal
hbhnhpdg-1,F2: Universal
hbiajfca-1,F2: Universal
hbicpage-1,F2: Universal
hbifanlp-1,F2: Universal
hbiiholb-1,F2: Universal
hbijcibh-1,F2: Universal
hbilcimm-1,F2: Universal
hbimgecn-1,F2: Universal
hbjakgao-1,F2: Universal
hbjfnnhc-1,F2: Universal
hbjhcemk-1,F2: Universal
hbjinldh-1,cDC1
hbjjdpgf-1,Tc1
hblcfoao-1,Pericyte1
hblcnpgj-1,Mast cell
hblfmpdm-1,Pericyte2_VSMC
hbljlgpk-1,Pericyte2_VSMC
hbljmojf-1,Pericyte2_VSMC
hblmlihp-1,Pericyte1
hbmfekbl-1,Pericyte1
hbmhhgei-1,VE1_Art
hbnggeln-1,VE1_Art
hbnmlaga-1,VE1_Art
hbofdkdj-1,VE1_Art
hbofmklk-1,Mast cell
hbojojpj-1,T
hbokgpne-1,Th
hbonfbeg-1,Mast cell
hbpckknc-1,Mac2
hbpfdngc-1,VE3_Ven
hbpfjflc-1,Pericyte1
hbpgabki-1,T
hbpnhphf-1,Th
hbpoinjn-1,cDC1
hbppfjlb-1,Treg
hcaamnae-1,Mast cell
hcaednif-1,F2: Universal
hcafgnpo-1,Sweat gland channel outer
hcagamff-1,Sweat gland channel outer
hcanjoff-1,Sweat gland channel outer
hcaojepb-1,Sweat gland channel outer
hcbdclne-1,Sweat gland channel outer
hcbookkj-1,Sweat gland channel outer
hccajnnc-1,Sweat gland channel outer
hccbopko-1,Sweat gland channel outer
hccceiij-1,Sweat gland channel outer
hccfmobj-1,Sweat gland channel outer
hcclhhik-1,cDC2
hccpcamf-1,cDC
hcdhfmkg-1,cDC1
hcdjnfeh-1,F2: Universal
hcdkgpni-1,F2: Universal
hcdmjnij-1,F2: Universal
hcdogbcg-1,Th
hcebjbfe-1,F2: Universal
hceflimb-1,F2: Universal
hcemfign-1,Mac2
hceohjel-1,Treg
hcfeaach-1,Sweat gland channel outer
hcfjninl-1,cDC
hcfkhhhc-1,Sweat gland channel outer
hcflbokf-1,F2: Universal
hcgencce-1,F2: Universal
hcgifdof-1,Treg
hcgijicj-1,Sweat gland channel outer
hcgooeee-1,F4: TNN+COCH+
hchalgbl-1,Mac2
hcheidmf-1,F2: Universal
hchemcek-1,F2: Universal
hchfgapk-1,F2: Universal
hchfhfgf-1,Mac2
hchhgpcb-1,F2: Universal
hchhngce-1,Sweat gland channel inner
hchkllfo-1,F2: Universal
hchknkil-1,F2: Universal
hchmchkp-1,T
hcibdkfb-1,Sweat gland channel outer
hcicgklf-1,cDC2
hcidffkm-1,F3: FRC-like
hcikidii-1,VE3_Ven
hcimecac-1,VE4_Cap
hcjdpenh-1,Sweat gland channel outer
hcjebkih-1,Sweat gland channel outer
hcjiahcm-1,Sweat gland channel outer
hcjmkakk-1,Sweat gland channel outer
hcjmofgd-1,Sweat gland channel inner
hcjmpbjg-1,Sweat gland channel outer
hcjndcpi-1,Sweat gland channel outer
hckbcngn-1,Pericyte1
hckonffe-1,F2: Universal
hcmaiden-1,Pericyte1
hcmddmbl-1,F2: Universal
hcmdpfgj-1,Tc1
hcmhhfng-1,Tc1
hcmjlepd-1,F1: Superficial
hcmmmepa-1,F1: Superficial
hcneljlo-1,VE3_Ven
hcnodhmm-1,F1: Superficial
hcoaopcb-1,VE3_Ven
hcodbhln-1,F4: TNN+COCH+
hcofkmif-1,F2: Universal
hcogompn-1,Mast cell
hcohniml-1,F1: Superficial
hcoidbip-1,Mac2
hcojldji-1,cDC2: MMP12hi
hcpaemnf-1,cDC1
hcphonjg-1,F2: Universal
hcpmbbnl-1,Smooth muscle
hdacbkmk-1,F2: Universal
hdafohck-1,F2: Universal
hdbffoak-1,F2: Universal
hdblegni-1,F2: Universal
hdbmkgbc-1,F2: Universal
hdccneag-1,F2: Universal
hdckfhaa-1,F2: Universal
hdcmndnj-1,Mast cell
hddaiohe-1,F2: Universal
hddddjon-1,F2: Universal
hddplcgh-1,VE3_Ven
hdeinind-1,VE3_Ven
hdemmahg-1,Pericyte1
hdfcpafa-1,Pericyte1
hdfhjkcj-1,F2: Universal
hdfkmpgl-1,F2: Universal
hdfodgia-1,F2: Universal
hdfoffhp-1,Mac2
hdggjeoa-1,F3: FRC-like
hdghokak-1,F2: Universal
hdgibgjc-1,Mast cell
hdgkdepg-1,F2: Universal
hdhhjnhe-1,VE3_Ven
hdhlhaam-1,Pericyte1
hdimmpdb-1,F3: FRC-like
hdjbkeie-1,VE3_Ven
hdjcadpp-1,F2: Universal
hdjdhbgi-1,VE3_Ven
hdjelmbc-1,Pericyte1
hdjhphkl-1,VE3_Ven
hdjkclbb-1,F2: Universal
hdjkfhpe-1,F2: Universal
hdjlbhfk-1,F2: Universal
hdkjoobf-1,F2: Universal
hdkokkjc-1,F2: Universal
hdlacdbo-1,F2: Universal
hdlafhoh-1,F2: Universal
hdldghmp-1,F2: Universal
hdlekfkg-1,cDC
hdmepeme-1,Mast cell
hdmgoinh-1,Mac2
hdmjlach-1,F2: Universal
hdmklagk-1,F2: Universal
hdnjjhge-1,F2: Universal
hdnkgadf-1,F2: Universal
hdnlgeal-1,F2: Universal
hdnpalml-1,F2: Universal
hdnphjnb-1,F3: FRC-like
hdnpiboh-1,LE
hdobhnpb-1,F2: Universal
hdodibad-1,F2: Universal
hdolekga-1,F2: Universal
hdoochja-1,VE3_Ven
hdopkncj-1,F3: FRC-like
hdopnpmd-1,LE
hdpaejnf-1,Mast cell
hdpbcenj-1,Pericyte1
hdpbdddc-1,VE3_Ven
hdpckhdh-1,Pericyte1
heaabaom-1,VE3_Ven
heafmlif-1,F2: Universal
heajkigc-1,F2: Universal
hebeohkm-1,F2: Universal
hebniggf-1,F2: Universal
heboaaom-1,F2: Universal
hechecbk-1,F2: Universal
heckfiod-1,F2: Universal
hecodpjd-1,F2: Universal
hedhhcfj-1,F2: Universal
hedocmhg-1,F2: Universal
hedphaep-1,F2: Universal
heedbmgd-1,F2: Universal
heejbdlk-1,F2: Universal
heejkafk-1,F2: Universal
heekjnjl-1,Pericyte1
heepbhnc-1,F3: FRC-like
hefnlodn-1,VE3_Ven
hefnmfgj-1,F1: Superficial
hefphdik-1,Tc1
hegadfmh-1,F3: FRC-like
hegaiodh-1,F3: FRC-like
hegbcooc-1,F3: FRC-like
hegeiejf-1,F3: FRC-like
hegfockc-1,F2: Universal
heglmbef-1,F2: Universal
hegnlkck-1,VE3_Ven
hegpajik-1,Mast cell
hegpdcjf-1,Mast cell
hehchchc-1,LE
hehlkani-1,F1: Superficial
hehodfib-1,LE
hehpchol-1,F2: Universal
heikopjb-1,Mast cell
hejaifbg-1,Smooth muscle
hejdnnnm-1,Smooth muscle
hejjlaib-1,nmSchwann
hejjllkf-1,F2: Universal
hejmmpoi-1,F2: Universal
hekadhpc-1,F2: Universal
hekdlmkg-1,F2: Universal
hekfgpfa-1,F2: Universal
hekmpaac-1,Mast cell
heleecdg-1,Smooth muscle
helgafpi-1,Smooth muscle
helgfcem-1,Smooth muscle
helggkin-1,Smooth muscle
helnelje-1,F2: Universal
hembdnkd-1,F2: Universal
hemfhgoi-1,Smooth muscle
hemmakaj-1,cDC1
hempkbfj-1,VE4_Cap
henbjfhf-1,Pericyte1
henhceog-1,F3: FRC-like
henmndaf-1,Pericyte1
henomjdm-1,F3: FRC-like
heohjafe-1,Mac2
heojafac-1,cDC
heokpkln-1,F3: FRC-like
hepbejbg-1,F3: FRC-like
hepcimhc-1,F2/3: Perivascular
hepcneod-1,Pericyte1
hepdkdhp-1,F3: FRC-like
hepjiani-1,F3: FRC-like
hepkbego-1,Pericyte1
heplnhne-1,Pericyte1
hepofool-1,VE3_Ven
hfaeeoja-1,VE3_Ven
hfagnakf-1,VE3_Ven
hfakkabe-1,F3: FRC-like
hfamkeeh-1,Mast cell
hfanbkgd-1,VE3_Ven
hfbbkmbn-1,Pericyte1
hfbdaanc-1,VE3_Ven
hfbeedde-1,F2/3: Perivascular
hfbgkiol-1,VE3_Ven
hfbmbnaj-1,Pericyte1
hfbpanjk-1,VE4_Cap
hfcammll-1,Pericyte1
hfcfinji-1,VE3_Ven
hfciblgd-1,Pericyte1
hfcklloh-1,VE3_Ven
hfcnehel-1,Pericyte1
hfcojmdi-1,Mac2
hfdbjdgk-1,Pericyte1
hfdeimap-1,VE3_Ven
hfdepnfg-1,T
hfdiagjj-1,F2: Universal
hfdikchj-1,Mast cell
hfdjpapb-1,Pericyte1
hfeaafhj-1,VE3_Ven
hfeaanaa-1,F3: FRC-like
hfedplgc-1,F2/3: Perivascular
hfeeedcg-1,F2: Universal
hfejoglh-1,VE3_Ven
hffdhbdf-1,Pericyte1
hffiiaid-1,VE3_Ven
hffnjdgh-1,VE3_Ven
hfgdefmh-1,Pericyte1
hfgehkho-1,F3: FRC-like
hfgmlaad-1,Mast cell
hfhanonj-1,Mast cell
hfhfckli-1,Mast cell
hfhlokhg-1,Pericyte1
hfhppicc-1,VE3_Ven
hfiealam-1,Pericyte1
hfijhaca-1,VE3_Ven
hfinblhl-1,F3: FRC-like
hfioienl-1,Mast cell
hfjgffih-1,VE3_Ven
hfjnnfjg-1,F3: FRC-like
hfkepbkj-1,F2: Universal
hfkjdepi-1,Mast cell
hfknngei-1,F2: Universal
hflejlph-1,Mast cell
hflloell-1,Mac2
hflnhake-1,Mast cell
hfmjflpp-1,F3: FRC-like
hfmkfahg-1,VE1_Art
hfmlfgbc-1,Pericyte1
hfmmlaen-1,VE3_Ven
hfnigioo-1,Pericyte1
hfnjgcdi-1,VE3_Ven
hfnjjknf-1,F3: FRC-like
hfnngkbp-1,Pericyte1
hfogamdk-1,Pericyte1
hfohfadi-1,Mast cell
hfojnpdo-1,F2: Universal
hfpciacf-1,F2: Universal
hfpoaloa-1,F2: Universal
hgabnooi-1,Mac2
hgacnlip-1,F3: FRC-like
hgaeejcf-1,F2: Universal
hgaoefob-1,Pericyte1
hgapbagn-1,Pericyte1
hgapkfei-1,VE3_Ven
hgapkiai-1,Pericyte1
hgbdoiad-1,Mac2
hgbfljfk-1,VE3_Ven
hgbjchbf-1,F3: FRC-like
hgblopkd-1,F2/3: Perivascular
hgbmlnoj-1,F2: Universal
hgcafjjm-1,Mast cell
hgcnkehj-1,F2/3: Perivascular
hgcppddp-1,F5: NGFR+
hgdlpenh-1,Pericyte1
hgdpefob-1,Pericyte1
hgdpjdpj-1,VE3_Ven
hgdpnfdp-1,VE1_Art
hgeemfhg-1,VE1_Art
hgehgebk-1,VE1_Art
hgeipbch-1,Pericyte1
hgelckjp-1,Pericyte1
hgfdoega-1,F2: Universal
hgfegfam-1,cDC2
hgffaocd-1,Tc0
hgfhoehc-1,Mac2
hgfmjdhi-1,cDC2
hggbinnc-1,cDC2: MMP12hi
hggcneik-1,cDC
hggiddim-1,Pericyte1
hggmbeah-1,VE3_Ven
hggmnjpa-1,Pericyte1
hggomffk-1,cDC
hghiehdo-1,Pericyte1
hghjicdj-1,cDC
hghkmoib-1,F3: FRC-like
hgiiblfh-1,cDC
hgiiegpd-1,T
hgiijcan-1,Th
hgincgbc-1,T
hgiofnjo-1,F2: Universal
hgjobaee-1,F3: FRC-like
hgkbgpjj-1,Mac2
hgkejjfn-1,F3: FRC-like
hgkfidkd-1,cDC2: MMP12hi
hglfongp-1,cDC
hglinnlc-1,F3: FRC-like
hgllbhib-1,Pericyte1
hglmdlcn-1,VE4_Cap
hgmpgknh-1,Pericyte1
hgnkbhke-1,VE3_Ven
hgnmjlce-1,Pericyte1
hgoakppk-1,T
hgoeikfh-1,Pericyte1
hgofbhea-1,Mac2
hgogfnoh-1,VE3_Ven
hgoigakd-1,VE3_Ven
hgoloiea-1,VE3_Ven
hgomoida-1,Mac2
hgpaaelb-1,Th
hgpajblc-1,VE3_Ven
hgpfgmpm-1,Pericyte1
hgpgcafn-1,Mast cell
hgplibjg-1,T
hgpoidae-1,VE1_Art
hgppdocp-1,Pericyte1
hhalehjk-1,VE1_Art
hhalflgi-1,Pericyte1
hhamhdff-1,VE3_Ven
hhbfnhpd-1,Mac2
hhbgmdhk-1,VE3_Ven
hhbkfckm-1,Pericyte1
hhbkfpek-1,Pericyte1
hhchekil-1,Pericyte1
hhchhenm-1,Pericyte1
hhchlnca-1,Pericyte1
hhclnolh-1,Pericyte1
hhcmaeei-1,Pericyte1
hhcnjpbb-1,Mac2
hhdbkmhd-1,Mac2
hhelglhd-1,Mac2
hhfdfjaf-1,Pericyte1
hhfgfjlc-1,Pericyte1
hhfhhneg-1,VE3_Ven
hhfodhpa-1,Th
hhgakkbg-1,Pericyte1
hhgefhpj-1,T
hhgghple-1,cDC1
hhgjgjog-1,VE3_Ven
hhgmcgga-1,VE3_Ven
hhgmfjpn-1,Pericyte1
hhgmhkjg-1,Pericyte1
hhhajeae-1,VE4_Cap
hhhcpfmc-1,Mast cell
hhhejohp-1,VE3_Ven
hhhghneo-1,Pericyte1
hhhmgeff-1,Pericyte1
hhhpmonm-1,Pericyte1
hhiakcif-1,Mac2
hhidlgcb-1,Mac2
hhigmnfm-1,Pericyte1
hhiiojhf-1,Pericyte1
hhikdkcp-1,Pericyte1
hhikfjbk-1,VE3_Ven
hhimjmkc-1,VE3_Ven
hhjaoecn-1,Mac2
hhjbmkoh-1,VE4_Cap
hhjlafhf-1,Pericyte1
hhjmcaaj-1,VE4_Cap
hhjognbb-1,VE3_Ven
hhjphenn-1,VE3_Ven
hhjpnpcg-1,Pericyte1
hhkddhic-1,F1: Superficial
hhkdidaj-1,Tc1
hhkgginm-1,F1: Superficial
hhlcbfhm-1,Pericyte1
hhlemaeg-1,nmSchwann
hhlhlihb-1,Pericyte1
hhlhmmeh-1,T
hhmpmffc-1,Mac2
hhniedif-1,F2: Universal
hhnkmkdb-1,F2: Universal
hhodbein-1,F2: Universal
hhodflmf-1,Pericyte1
hhogklcj-1,T
hhpdcenj-1,F3: FRC-like
hhpeankh-1,Pericyte1
hhpiljpg-1,F2: Universal
hhpkhngg-1,VE1_Art
hhpmnkia-1,Mac2
hiaekpof-1,Pericyte1
hiagocdj-1,Pericyte2_VSMC
hiaibaha-1,VE1_Art
hiamnjec-1,Pericyte2_VSMC
hiaomaih-1,Th
hibdbjao-1,VE3_Ven
hibiallh-1,Pericyte1
hicbgoal-1,Pericyte1
hiceipbj-1,VE3_Ven
hicfmgah-1,Pericyte1
hicjpopo-1,VE3_Ven
hicmdioh-1,Mast cell
hicophkc-1,Pericyte2_VSMC
hicopinl-1,Mast cell
hicpdeoh-1,VE1_Art
hidafkak-1,Pericyte2_VSMC
hidgdhdn-1,VE1_Art
hidhamja-1,Pericyte1
hidkmfaa-1,Pericyte2_VSMC
hidpplkj-1,F2: Universal
hieeapeo-1,cDC
hiekkgbl-1,cDC
hiemakeo-1,T
hifdlgjl-1,Tc1
hifejcae-1,Mast cell
hifepipi-1,cDC
hifgccmi-1,F2: Universal
hifmjejk-1,F2: Universal
hifmnjge-1,F2: Universal
hifnmffg-1,Treg
higanjcd-1,F2: Universal
higcckfp-1,cDC1
highkocj-1,Mac2
higlilkf-1,F3: FRC-like
hihaklpc-1,Mast cell
hihbedba-1,Pericyte1
hihboehc-1,Pericyte1
hihifnio-1,Mac2
hihlibld-1,Pericyte1
hihmjpnc-1,F3: FRC-like
hiiccehb-1,Th
hiidmchb-1,Pericyte1
hiinahjn-1,Mac2
hiipglfn-1,Pericyte1
hijdgali-1,Pericyte1
hijeobja-1,F3: FRC-like
hijjndik-1,VE3_Ven
hijkdelj-1,VE3_Ven
hijllepg-1,VE3_Ven
hijpcikd-1,Pericyte2_VSMC
hikabeje-1,Mac2
hikopfne-1,VE4_Cap
hikpmbnp-1,Monocyte
hilgifob-1,nmSchwann
hilldafj-1,cDC
hilllgck-1,Mac2
hillnjbg-1,MigDC (cDC2)
hilnffbg-1,VE3_Ven
himbllbp-1,cDC
himmdmen-1,Pericyte1
himnicgk-1,VE3_Ven
himpdien-1,Pericyte1
hinajmhp-1,Mac2
hincfalf-1,Mac2
hinfboio-1,Th
hinilmnf-1,T
hioeefoi-1,F1: Superficial
hioekocl-1,F2/3: Perivascular
hiomcnnf-1,Pericyte1
hiomdppo-1,F2: Universal
hipbcjlj-1,F2: Universal
hipelnhl-1,Mac2
hipfeklh-1,F2/3: Perivascular
hipfihpk-1,cDC2: MMP12hi
hipnlego-1,T
hipokogh-1,Pericyte2_VSMC
hjaabbec-1,Pericyte2_VSMC
hjabfpcb-1,Pericyte2_VSMC
hjabofjj-1,F3: FRC-like
hjadibpp-1,VE1_Art
hjahbama-1,VE1_Art
hjahojjo-1,F3: FRC-like
hjbeopcl-1,Pericyte2_VSMC
hjbgiimm-1,T
hjbjcmkj-1,VE3_Ven
hjbjpfgc-1,VE3_Ven
hjbnccbi-1,Pericyte1
hjbpdobi-1,VE3_Ven
hjcaopic-1,Pericyte1
hjcfpfoj-1,VE3_Ven
hjckpbno-1,VE3_Ven
hjcmoobl-1,Pericyte1
hjcnepmp-1,VE3_Ven
hjdbmkpk-1,VE3_Ven
hjdcmpnc-1,Th
hjdmmihd-1,VE3_Ven
hjdnbkld-1,T
hjdpggca-1,F2: Universal
hjdpinka-1,Pericyte1
hjdponcd-1,Mac2
hjeeckhe-1,cDC2: MMP12hi
hjeiigmc-1,Pericyte1
hjellabd-1,nmSchwann
hjfbkidi-1,T
hjffllei-1,Th
hjfhanal-1,Tc0
hjfimjlm-1,F1: Superficial
hjgkihfp-1,F3: FRC-like
hjgldegm-1,Treg
hjgofgfk-1,Pericyte1
hjhliafg-1,T
hjicjmgn-1,VE3_Ven
hjihagih-1,KC5
hjihahmh-1,KC5
hjijdfpo-1,KC3
hjjegfbn-1,KC1
hjjfpojp-1,KC3
hjjgdhgc-1,KC3
hjjjoanm-1,KC3
hjjkaplo-1,KC3
hjjlpbhg-1,KC3
hjjmjkpb-1,KC1
hjjnpfcm-1,KC3
hjjpmeib-1,KC3
hjkapkde-1,KC3
hjkiedpn-1,KC1
hjkmholi-1,KC1
hjlhbgpl-1,VE3_Ven
hjlibhhn-1,KC1
hjljgmhn-1,KC1
hjlknnbm-1,KC5
hjlkpcof-1,LC
hjmdilfg-1,KC5
hjmllibb-1,KC1
hjmmcbll-1,KC5
hjnaeeoc-1,KC1
hjnchcfb-1,KC3
hjneaoin-1,Melanocyte
hjngmcae-1,KC3
hjnjinli-1,KC1
hjnpcpfi-1,KC1
hjodnlnp-1,KC1
hjoegaaj-1,KC1
hjoickih-1,F1: Superficial
hjoiiojh-1,F1: Superficial
hjoijkep-1,F1: Superficial
hjonddca-1,KC1
hjoofjpl-1,VE3_Ven
hjphbhcc-1,VE3_Ven
hjphlkfk-1,Pericyte1
hjpkpoaa-1,VE3_Ven
hjpoodod-1,Mac2
hkacoepj-1,Pericyte1
hkafoajo-1,Pericyte1
hkagalmj-1,Tc2
hkajlagn-1,Mast cell
hkanfmka-1,Pericyte1
hkapofoj-1,F3: FRC-like
hkbbejgm-1,VE3_Ven
hkbegphf-1,F1: Superficial
hkbejkoe-1,Pericyte1
hkbffkmo-1,VE3_Ven
hkbjilgh-1,VE4_Cap
hkbmcacm-1,cDC1
hkbnganl-1,F1: Superficial
hkccnemn-1,F1: Superficial
hkcmkbfj-1,F1: Superficial
hkcmlfoj-1,Mast cell
hkcmobkn-1,F1: Superficial
hkcnjdab-1,VE2
hkcnmnen-1,Pericyte1
hkdakenh-1,Pericyte1
hkdhbicm-1,F1: Superficial
hkdhlcgf-1,VE3_Ven
hkdmhpee-1,VE3_Ven
hkeioglp-1,F1: Superficial
hkemekjf-1,VE3_Ven
hkfhbfjn-1,F1: Superficial
hkfimjfm-1,Pericyte1
hkfjbidb-1,Pericyte1
hkfnmlag-1,Pericyte1
hkgidibp-1,Pericyte2_VSMC
hkgijlan-1,VE1_Art
hkglfjjo-1,Pericyte2_VSMC
hkgpablf-1,Pericyte2_VSMC
hkhdnibh-1,VE1_Art
hkhknfjl-1,F2/3: Perivascular
hkhnalnh-1,Pericyte2_VSMC
hkhphaok-1,Pericyte1
hkhphcei-1,VE1_Art
hkiadkbd-1,MoDC
hkidgghm-1,F3: FRC-like
hkiegdha-1,F3: FRC-like
hkijebhj-1,Pericyte1
hkindbnl-1,Pericyte1
hkjghekd-1,F1: Superficial
hkjjdcif-1,cDC2
hkjnoabe-1,cDC2_cycling
hkkdfnpg-1,VE1_Art
hkkjgmln-1,KC3
hkkldbaa-1,Pericyte1
hkkoghcd-1,Pericyte1
hklafkfj-1,Pericyte2_VSMC
hklcepfb-1,Pericyte2_VSMC
hklfjpcb-1,Pericyte1
hkmbbodk-1,VE1_Art
hkmfmeam-1,Pericyte1
hkmjofjb-1,cDC
hkmkjcln-1,VE1_Art
hkmmllnf-1,Pericyte1
hknbeeec-1,Tnaive
hknbibei-1,Mac2
hknidjdc-1,T
hknlhpkc-1,Tnaive
hkogopph-1,T
hkoinpjk-1,Th
hkojaphk-1,Th
hkomnkec-1,Th
hkookmig-1,F1: Superficial
hkpkabaj-1,F1: Superficial
hkpkdmkp-1,Tc1
hkpnjbnf-1,F1: Superficial
hkppoogc-1,T
hlachgff-1,Pericyte1
hladfalg-1,VE3_Ven
hlagfjjh-1,VE3_Ven
hlalmbgd-1,VE1_Art
hlamhlhi-1,Pericyte2_VSMC
hlanjaap-1,Pericyte2_VSMC
hlaplbln-1,F1: Superficial
hlbajpai-1,VE3_Ven
hlbkdikb-1,Pericyte1
hlcncnna-1,T
hlcopbof-1,Mast cell
hlddkejl-1,F1: Superficial
hldeadjg-1,F3: FRC-like
hldhkkgp-1,Mac2
hldkenpf-1,KC3
hldmjmfa-1,KC1
hldoeddd-1,VE3_Ven
hledigkj-1,F1: Superficial
hleifilg-1,F1: Superficial
hlelnhnh-1,Pericyte1
hlenhial-1,Pericyte1
hlfdhdgd-1,KC5
hlflfdld-1,KC1
hlfocijb-1,KC3
hlfoiffh-1,F1: Superficial
hlfpoifg-1,KC1
hlgaconb-1,KC1
hlgbnhkj-1,KC1
hlgcndlf-1,LC
hlgcpkge-1,KC1
hlgeoefi-1,KC1
hlgfjege-1,cDC
hlggmaii-1,cDC
hlhdbcab-1,nmSchwann
hlheinib-1,KC1
hlhfcoga-1,Mast cell
hlhmohoh-1,KC1
hliafaki-1,KC1
hlianeko-1,KC3
hljddmhg-1,KC1
hljiofhc-1,LC
hljjedhb-1,Melanocyte
hljpakof-1,KC3
hljppnme-1,cDC2
hlkeodkl-1,VE3_Ven
hlkhdamp-1,Pericyte1
hlkilnfo-1,Mac2
hlkinpep-1,F2: Universal
hlkojgmf-1,nmSchwann
hllacklm-1,cDC
hllhbbca-1,F5: NGFR+
hlliokko-1,F2: Universal
hlllnfaf-1,F2: Universal
hlmammkn-1,F2: Universal
hlmcogao-1,F2: Universal
hlmglaci-1,F2: Universal
hlnddbga-1,F2: Universal
hlnecmnk-1,F1: Superficial
hlneebdh-1,F1: Superficial
hlnjgdog-1,Pericyte1
hlnlkbdk-1,VE3_Ven
hlnmckie-1,VE3_Ven
hlnpgejd-1,VE3_Ven
hlokdjgm-1,VE3_Ven
hloknjga-1,cDC2_cycling
hlolkfmi-1,VE3_Ven
hlpchoah-1,Pericyte1
hlpifogb-1,cDC
hlpleaoe-1,T
hlpnghkp-1,F1: Superficial
hlpppheh-1,F1: Superficial
hmaaiife-1,cDC2
hmadflbi-1,Pericyte1
hmadikii-1,F1: Superficial
hmaglgdh-1,Mac2
hmahoohb-1,cDC2
hmajeplg-1,Tc1
hmakpaaa-1,VE3_Ven
hmaomgkn-1,VE3_Ven
hmapahdi-1,T
hmapbjjd-1,cDC2: EREG+CCR7+
hmbclkdm-1,VE3_Ven
hmbhefce-1,Pericyte1
hmblnlba-1,F1: Superficial
hmbndgcp-1,KC3
hmbnhodc-1,KC3
hmbokndd-1,F1: Superficial
hmbpfcld-1,T
hmcdgdpb-1,cDC2
hmcjaogl-1,F1: Superficial
hmcmbgam-1,F1: Superficial
hmcnchpa-1,F1: Superficial
hmcnigac-1,F1: Superficial
hmdjkebf-1,LE
hmdkhapo-1,LE
hmdlabea-1,Mast cell
hmdlmnlo-1,F2: Universal
hmdokjnp-1,F1: Superficial
hmebfnnm-1,Mac2
hmebgfol-1,Mast cell
hmeifgph-1,Pericyte1
hmenacoj-1,T
hmenioai-1,Pericyte2_VSMC
hmfakbbn-1,F1: Superficial
hmfiinig-1,Melanocyte
hmfndhdd-1,F1: Superficial
hmfoikfl-1,Melanocyte
hmganeoe-1,KC1
hmgefkkc-1,Pericyte1
hmgfepef-1,F1: Superficial
hmglgohn-1,F1: Superficial
hmgnibbd-1,KC1
hmgnodkp-1,Melanocyte
hmgoeape-1,F1: Superficial
hmheabde-1,VE3_Ven
hmhiamoi-1,VE4_Cap
hmhiedfa-1,KC1
hmhmkpgn-1,Mast cell
hmiajpie-1,Pericyte1
hmichdii-1,KC1
hmidfjkl-1,KC5
hmieleip-1,F1: Superficial
hmihjbfl-1,KC2/3_cycling
hmijamcl-1,KC5
hmikbnfp-1,KC5
hminbgei-1,KC5
hminfjdl-1,KC3
hmjaeccm-1,KC5
hmjckiej-1,F1: Superficial
hmjhaija-1,F1: Superficial
hmjjoegh-1,F1: Superficial
hmjpldag-1,cDC1
hmkdmhga-1,Mac2
hmkidcbe-1,F1: Superficial
hmkkjojd-1,Mac2
hmleohda-1,F1: Superficial
hmlfegcc-1,Mac2
hmliokon-1,Melanocyte
hmlmmkjl-1,F3: FRC-like
hmmbepha-1,F2: Universal
hmmcnpjd-1,T
hmmgiome-1,VE3_Ven
hmmlnlnh-1,Pericyte1
hmmnfpef-1,cDC
hmnahbhl-1,F1: Superficial
hmnamnnc-1,cDC
hmndghec-1,F1: Superficial
hmngocne-1,KC1
hmnhjnea-1,cDC2: EREG+CCR7+
hmnmpkle-1,cDC2
hmoagccg-1,Mac2
hmopbbhm-1,F2: Universal
hmpbjhic-1,F2: Universal
hmpcfcol-1,LE
hmpkablm-1,LE
hnabjdlc-1,LE
hnabkkpl-1,Mast cell
hnafacdp-1,LE
hnagnclo-1,Pericyte1
hnaimfmp-1,LE
hnakcohl-1,T
hnakilbj-1,F2: Universal
hnaladob-1,LE
hnalpihj-1,F2: Universal
hnblmpcm-1,F1: Superficial
hnbnccpm-1,Pericyte1
hncbfldj-1,Pericyte1
hncjklfh-1,VE3_Ven
hncojmjp-1,T
hndakmkj-1,Mac2
hndbnhjo-1,F1: Superficial
hndgbjjo-1,Pericyte1
hndhlmib-1,F1: Superficial
hndjihnl-1,cDC2
hndjlape-1,LE
hneaapmi-1,nmSchwann
hnebgpcd-1,F1: Superficial
hnecoifn-1,LE
hnemijnm-1,KC1
hnenkeln-1,KC1
hnflahaa-1,KC1
hnfoahge-1,KC3
hngcomkf-1,F1: Superficial
hnhckoeo-1,F2: Universal
hnhohncg-1,LE
hnhpmdlc-1,F1: Superficial
hnicconp-1,Pericyte1
hnicjkln-1,F1: Superficial
hnicnbhj-1,cDC2
hnihaagp-1,KC3
hnjbbicl-1,KC1
hnjboghi-1,KC1
hnjhaejn-1,Melanocyte
hnjpddkl-1,F1: Superficial
hnkabnig-1,F2: Universal
hnkbaogo-1,F2: Universal
hnkhchcj-1,F2: Universal
hnkhpfkf-1,F2: Universal
hnkmcnia-1,Pericyte1
hnkpdbkb-1,F1: Superficial
hnkpmjdf-1,VE3_Ven
hnlcednb-1,F1: Superficial
hnlimadn-1,VE3_Ven
hnllaijf-1,Pericyte1
hnlljefc-1,VE3_Ven
hnlmkjpf-1,KC1
hnlomkbd-1,KC1
hnmafihd-1,F1: Superficial
hnmhfdmd-1,KC1
hnmnoilm-1,KC5
hnnadina-1,KC5
hnnaepml-1,KC5
hnnenjno-1,T
hnnihlpj-1,KC5
hnnjdaek-1,KC5
hnnnnbcb-1,KC5
hnnokhin-1,KC3
hnoccaii-1,KC1
hnoeifoj-1,KC3
hnplpchi-1,KC5
hoacdckp-1,KC5
hoacddgh-1,KC5
hoahbenf-1,KC5
hoahhbkc-1,KC5
hoanlple-1,KC5
hobagljj-1,KC5
hobbjoig-1,KC5
hobehela-1,KC5
hobhpgbp-1,KC3
hobmjhhi-1,KC5
hocccidk-1,KC3
hocciiok-1,KC5
hocdcbim-1,KC
hocgdgle-1,KC
hocmcmom-1,KC5
hocoekpa-1,KC5
hodfjkna-1,KC5
hodhhnhe-1,KC5
hodmcndl-1,KC5
hodoijeg-1,KC5
hodpjhae-1,KC5
hoehgikh-1,KC3
hoejofkp-1,KC5
hoemhmla-1,KC5
hogbobjc-1,KC
hogclblj-1,KC5
hogmeehh-1,KC5
hogmohai-1,KC5
hognhdkh-1,KC1
hogoaijk-1,Mast cell
hohflnfl-1,KC5
hoiagegh-1,VE3_Ven
hoidchmo-1,KC1
hoifkioe-1,KC1
hoihnemm-1,KC3
hoijkgne-1,KC1
hoijnmme-1,KC3
hoildhhi-1,KC3
hoinjekp-1,Mac2
hojbkmhn-1,KC1
hojcmhcp-1,F1: Superficial
hojkpkpd-1,VE3_Ven
hojlkifn-1,cDC2
hokhiehg-1,F1: Superficial
hokjnkad-1,VE3_Ven
hokjnkpe-1,Pericyte1
holmhamo-1,KC3
holmkjhb-1,KC1
holpgohb-1,F1: Superficial
homaogon-1,KC
homcchjm-1,Pericyte1
homcmgdp-1,F1: Superficial
homddbjb-1,KC
homdplnp-1,KC5
homnmehi-1,KC5
honbcohn-1,KC5
honcpbhp-1,KC3
hondchjl-1,KC3
honehaha-1,LC
honjfnhe-1,KC1
honklbhp-1,KC3
hooajcai-1,cDC2
hoobjkac-1,VE3_Ven
hooeoemo-1,KC1
hoojcpdn-1,KC1
hooldjnj-1,KC3
hoolenno-1,KC3
hoolielh-1,KC1
hopkpkhn-1,KC5
hopnekpm-1,KC1
hoppeohc-1,F1: Superficial
hpanmbnn-1,F1: Superficial
hpapcofc-1,KC1
hpbkekha-1,KC1
hpbmbiii-1,KC1
hpbmnjlc-1,KC5
hpboeioc-1,KC3
hpcacmao-1,F1: Superficial
hpccmobl-1,cDC2: MMP12hi
hpcdjhpc-1,LC
hpcffcjf-1,KC1
hpcgbmnm-1,KC1
hpciaaml-1,LC
hpcllmde-1,KC3
hpcmmdgi-1,KC3
hpcngonl-1,KC1
hpdfkelh-1,Mac2
hpdlijpl-1,F1: Superficial
hpdllcjc-1,Pericyte1
hpdmbnkg-1,T
hpdpooij-1,F1: Superficial
hpebncib-1,VE1_Art
hpedckdb-1,VE3_Ven
hpeejjac-1,KC5
hpeeomgh-1,KC
hpegceff-1,KC1
hpeimphk-1,KC3
hpfapacg-1,KC5
hpfbehoh-1,KC5
hpfifiel-1,KC5
hpfkgbej-1,KC5
hpfkljkj-1,KC1
hpfolidj-1,KC5
hpgbkilo-1,KC1
hpgcalhf-1,Melanocyte
hpgdfeon-1,F1: Superficial
hpgholpb-1,KC5
hphipeef-1,KC5
hpjakdnd-1,VE3_Ven_APLN+
hpjbgmhn-1,VE3_Ven
hpjcbbck-1,Pericyte1
hpjdjpgg-1,F2: Universal
hpjhpjfp-1,Pericyte1
hpjihcmi-1,Pericyte1
hpjjckho-1,VE3_Ven_APLN+
hpkaaako-1,KC5
hplamkhe-1,KC5
hplefden-1,KC5
hplgpgbk-1,KC5
hplipbem-1,F1: Superficial
hpmbanfm-1,VE3_Ven
hpmepaho-1,KC5
hpmfifhi-1,VE3_Ven
hpmjajah-1,F1: Superficial
hpmmedaa-1,F2: Universal
hpnfahhk-1,LE
hpnffhjp-1,F1: Superficial
hpnkmflm-1,F1: Superficial
hpnmkaaf-1,F1: Superficial
hpnohmng-1,F1: Superficial
hpnpcnkd-1,F2: Universal
hppbbmjb-1,cDC
hppbidnj-1,VE3_Ven
hppcbadd-1,VE3_Ven
hppfclim-1,VE3_Ven
hppflokm-1,F1: Superficial
hppgllka-1,Pericyte1
hppkjadm-1,VE3_Ven
hpplpfpc-1,Pericyte1
hppmbgai-1,Pericyte2_VSMC
hppoghgl-1,Pericyte1
hppplmbh-1,VE3_Ven
iaadgdlb-1,Pericyte1
iaaliabp-1,VE3_Ven
iabmcnbo-1,VE3_Ven
iabpcmhn-1,Pericyte1
iacehbcn-1,F2: Universal
iadchhij-1,VE3_Ven
iadfaaod-1,F1: Superficial
iadoddon-1,cDC2
iaefchkn-1,VE1_Art
iaehlcoe-1,T
iaejncbl-1,Mac2
iaepjfgd-1,Pericyte1
iaepklkm-1,F1: Superficial
iafckngi-1,F1: Superficial
iafhjlge-1,F1: Superficial
iafhkkjn-1,F1: Superficial
iafijbip-1,VE3_Ven
iafjfila-1,F1: Superficial
iafligle-1,Pericyte1
iafpocpd-1,VE3_Ven
iagahiei-1,F1: Superficial
iagbgepb-1,cDC2: EREG+CCR7+
iagefjcc-1,Pericyte1
iagjodap-1,KC
iahhaeej-1,Melanocyte
iahhmdaf-1,KC1
iahhofnl-1,Melanocyte
iahkpjlk-1,F1: Superficial
iaiadldl-1,KC
iaihgblp-1,Pericyte1
iajamaif-1,F1: Superficial
iajennif-1,Pericyte1
iajgepkg-1,LE
iajhaada-1,F1: Superficial
iajhedec-1,LE
iakaapoj-1,VE3_Ven
iakbenpn-1,Melanocyte
iakekbdd-1,F1: Superficial
ialchmpf-1,Pericyte1
ialeaioo-1,F1: Superficial
ialgchom-1,KC1
ialjkhka-1,VE4_Cap
ialmgmme-1,VE3_Ven
iamgnnjo-1,KC1
iamlfenb-1,VE4_Cap
iamlgchk-1,cDC2
iamlnmdi-1,F1: Superficial
iammbhil-1,cDC
iamncjjh-1,Melanocyte
iancagii-1,Pericyte2_VSMC
ianfgfad-1,VE3_Ven
ianjgldf-1,VE4_Cap
iaoapaan-1,F1: Superficial
iaobgfkd-1,F1: Superficial
iaoddjef-1,F1: Superficial
iaoehhkc-1,cDC1
iaofhelk-1,Pericyte1
iaoflbib-1,Pericyte1
iaogeeip-1,KC1
iapjalpp-1,F1: Superficial
ibamnlpf-1,KCinflamm_basal
ibaobmfl-1,KC1
ibbhbdcn-1,Melanocyte
ibbkocfm-1,Melanocyte
ibcbehml-1,KC1-2_cycling
ibcccnbc-1,KC1
ibcgofph-1,KC1
ibcmpnbk-1,KC1
ibdeildn-1,KC3
ibeahjdd-1,F1: Superficial
ibeajeip-1,KC1
ibeibcpd-1,KC1
ibelpajb-1,KC1
ibenilko-1,F1: Superficial
ibfhblig-1,KC3
ibfmkjll-1,KC1
ibfmoekh-1,LC
ibgbjale-1,LC
ibgdjnkl-1,KC1
ibgeipfh-1,KC1
ibghlbgg-1,F2: Universal
ibgognbo-1,KC1
ibgpailk-1,F1: Superficial
ibhegaeg-1,F2: Universal
ibhoglll-1,LE
ibiemnkk-1,F1: Superficial
ibiindgp-1,VE1_Art
ibijlecf-1,VE3_Ven
ibiljbaf-1,LC
ibkakpfl-1,F1: Superficial
ibkfjbml-1,KC1
ibkhpdck-1,KC5
ibkiipai-1,KC5
iblamhji-1,KC5
iblbcdaj-1,F1: Superficial
iblcmfbn-1,Pericyte1
iblfiimk-1,F1: Superficial
ibljeohf-1,Pericyte1
iblpehcc-1,VE3_Ven
iblpijpi-1,VE3_Ven
ibmgacop-1,KC1
ibmilkdi-1,KC5
ibmjgoal-1,KC1-2_cycling
ibmmckdj-1,KC3
ibmngdho-1,LC
ibnbmmgb-1,LC
ibnlkkok-1,KC3
ibnpjilo-1,KC3
iboahfan-1,KC3
ibomafmp-1,Melanocyte
ibpbofbm-1,KC1
ibpfgdfn-1,KC1
ibpikkig-1,KC1
ibpjppal-1,Pericyte1
ibpljgla-1,KC5
icadoban-1,KC5
icadopcg-1,KC5
icakgnaf-1,KC5
icbammfh-1,KC3
icbbafal-1,F1: Superficial
icbbjobo-1,F1: Superficial
icbfogog-1,Pericyte1
icbihjka-1,F1: Superficial
icbmffeh-1,KC5
icbpegbn-1,KC5
icbpjhgg-1,KC1
iccbhgkn-1,F1: Superficial
iccfifla-1,KC3
iccflked-1,KC5
iccjonbp-1,KC5
icclcohb-1,KC5
iccmabia-1,KC3
iccmpoep-1,KC5
icdcpilj-1,KC3
icddfall-1,KC3
icdhfooc-1,KC5
icdolnii-1,KC5
icdpjmfn-1,KC5
icecaoej-1,KC5
icecbach-1,KC3
icepnlfi-1,KC3
icfcoldc-1,KC3
icfimdkh-1,KC3
icgchjjm-1,KC1
icgciicn-1,Melanocyte
icgjdpdk-1,KC1
ichdbdhp-1,KC5
ichfackh-1,KC3
ichodmmn-1,KC5
ichpenaj-1,KC5
ichpmghc-1,KC3
icicmbbe-1,KC2/3_cycling
icieppbh-1,KC1-2_cycling
icijdkac-1,KC3
icinhanf-1,KC5
icinogmc-1,KC3
icipghmb-1,KC3
icjcaojf-1,KC1
icjchfnn-1,F1: Superficial
icjkkjjp-1,F1: Superficial
icjlgand-1,F1: Superficial
icjpbpce-1,F1: Superficial
ickeoene-1,Pericyte1
ickggmcc-1,Pericyte1
ickjhchn-1,Pericyte1
ickllkjl-1,F1: Superficial
ickocnii-1,LE
iclabjna-1,LE
iclcfpja-1,Melanocyte
iclmohej-1,nmSchwann
icmdbkhf-1,Mast cell
icmeehpn-1,Pericyte1
icmfando-1,Mac2
icmgggjn-1,Pericyte1
icmjpcoc-1,Mast cell
icndpadp-1,F1: Superficial
icnfjeik-1,Pericyte1
icnhaoln-1,Pericyte1
icoajmaa-1,VE4_Cap
icogfanh-1,VE3_Ven
icokfeop-1,F1: Superficial
icokgkli-1,Mast cell
icooobhg-1,F2: Universal
icpehpcf-1,F1: Superficial
icpmfgel-1,KC1
icppfhdb-1,KC1
idakkiol-1,Melanocyte
idaklnec-1,Melanocyte
idalakpo-1,KC1
idamfhdi-1,KC1
idaocepd-1,KC1
idapbenl-1,F1: Superficial
idbapkka-1,KC1
idbeplae-1,F1: Superficial
idbfhcmp-1,F1: Superficial
idbghklg-1,F1: Superficial
idblobao-1,F1: Superficial
idcipdic-1,F1: Superficial
idcljign-1,T
idcomkih-1,Tc2
iddnkhkm-1,cDC
ideceoff-1,F2: Universal
ideijkao-1,F1: Superficial
idekdeil-1,F1: Superficial
idepibhd-1,F1: Superficial
idffheah-1,LE
idfgeiol-1,LE
idfoadaj-1,F1: Superficial
idfpjjlp-1,KC1
idfpkima-1,KC1
idfpppml-1,VE3_Ven
idgabfgc-1,VE3_Ven
idgognbf-1,VE4_Cap
idgooddk-1,Mast cell
idhbblej-1,F1: Superficial
idhbgckh-1,Th
idhbgfem-1,VE3_Ven
idhfiame-1,Pericyte1
idhmbnfo-1,F1: Superficial
idichklm-1,F1: Superficial
idinhmkb-1,Pericyte1
idioaioa-1,MigDC (cDC2)
idjaghfm-1,VE3_Ven
idjcfolp-1,Mac2
idjinebm-1,F1: Superficial
idjkbhed-1,F1: Superficial
idjkngbi-1,Pericyte1
idjnmmag-1,F1: Superficial
idjpheol-1,F2: Universal
idkagbec-1,Mast cell
idkbdbjc-1,F1: Superficial
idkbfdga-1,F3: FRC-like
idkdbggj-1,Mast cell
idkdembc-1,Pericyte1
idkgfkok-1,Pericyte1
idklojcf-1,nmSchwann
idknhndk-1,F1: Superficial
idkocofg-1,F2: Universal
idlikaka-1,F1: Superficial
idmefdpn-1,Mac2
idmkdfdm-1,VE3_Ven
idmncppi-1,VE3_Ven
idnekbpo-1,VE3_Ven
idnhfpfi-1,VE3_Ven
idnkmfbf-1,VE3_Ven
idnkmgjh-1,Mac2
idnocpcn-1,cDC1
idocpkfp-1,F1: Superficial
idogigco-1,Treg
idooofim-1,Pericyte1
idopckem-1,F2: Universal
idpcjbch-1,F1: Superficial
idpjdjem-1,nmSchwann
idpkkbmp-1,F2: Universal
idplkkop-1,LE
ieabkiok-1,LE
ieahcgii-1,F1: Superficial
ieahjnpg-1,Pericyte1
ieaiblkj-1,Pericyte1
ieakljah-1,VE3_Ven
ieamjioh-1,F2: Universal
iebincbh-1,F3: FRC-like
iecaffmn-1,Mac2
iecbekle-1,Mast cell
iecibdlg-1,TRM_IL17+
iedchbel-1,F3: FRC-like
iedebnjl-1,F1: Superficial
iedifpop-1,F2: Universal
iedmkcdb-1,F3: FRC-like
ieedbmap-1,cDC2
ieefkgdg-1,F2: Universal
ieelpfnk-1,Pericyte1
ieenahkf-1,F3: FRC-like
ieenjibp-1,Pericyte2_VSMC
ieepkgdj-1,VE3_Ven
iefcjjco-1,VE3_Ven
iefeolof-1,F2: Universal
iegfacao-1,VE3_Ven
ieggcobg-1,F2: Universal
ieghiahe-1,Mac2
iegnmldg-1,Mac2
iehaapnl-1,cDC
iehajklo-1,cDC
iehbhjli-1,Mac2
iehclmka-1,T
iehdllad-1,Pericyte1
iehfbjjd-1,F2: Universal
iehfcfgm-1,cDC
iehidgjk-1,F3: FRC-like
iehidnjn-1,Th
ieigalnk-1,Pericyte1
ieiikakd-1,F3: FRC-like
iejjhmhp-1,VE3_Ven
iekdaapg-1,F1: Superficial
iekelghm-1,F3: FRC-like
ielhpkac-1,VE3_Ven
ielioakl-1,Mac2
ielmndod-1,KC3
ielpamih-1,KC1
iemjjoid-1,KC3
iemjkeep-1,nmSchwann
ienhfgng-1,KC1
ieninbfn-1,KC1
ieoicneo-1,nmSchwann
iepaoimd-1,KC3
iepdpcde-1,KC1
iepjmgbl-1,KC1
iepmaicn-1,F1: Superficial
iepmfokj-1,KC1
ifagchac-1,KC1
ifalkbbj-1,KC3
ifamknei-1,KC3
ifapblfp-1,KC3
ifbeakcg-1,KC3
ifbfjelb-1,KC3
ifbfmjfh-1,KC5
ifbjdmld-1,cDC2
ifccckid-1,F2: Universal
ifcfhljc-1,F1: Superficial
ifcglmok-1,F2: Universal
ifcjchoc-1,KC_Sebocyte_DuctOuter
ifcnmenn-1,KC3
ifdfbobl-1,KC3
ifdgmjal-1,KC3
ifebekaa-1,KC1
ifefckgb-1,KC3
ifegkpig-1,KC1
ifekdghm-1,KC3
ifelhkpb-1,VE3_Ven
ifellagf-1,Pericyte1
ifenhpoo-1,VE3_Ven
ifenjpco-1,F1: Superficial
iffgedbd-1,F2: Universal
iffjfjgo-1,F1: Superficial
iffjijfo-1,F1: Superficial
iffnieam-1,F1: Superficial
ifgagaei-1,F1: Superficial
ifgbkjfa-1,cDC2: EREG+CCR7+
ifgenmca-1,Melanocyte
ifggicgn-1,VE3_Ven
ifgipmdf-1,Pericyte1
ifgnkpgc-1,VE3_Ven
ifhcaboi-1,Pericyte1
ifhcbdin-1,F1: Superficial
ifhjhfaj-1,F1: Superficial
ififelpc-1,VE3_Ven
ifigaeeo-1,Mac2
ifijefkb-1,Pericyte1
ifijpnfm-1,Mac2
ifilgicj-1,F2: Universal
ifjcldcm-1,T
ifjdapod-1,F3: FRC-like
ifjghllc-1,F2: Universal
ifjiekhk-1,F2: Universal
ifjjlicc-1,cDC2
ifjopkkb-1,T
ifkbfeio-1,Mac2
ifkhgnhk-1,F3: FRC-like
ifkhhebg-1,F1: Superficial
ifkkgbkh-1,Th
ifkkpmjl-1,F3: FRC-like
ifkldepo-1,F1: Superficial
ifklilec-1,T
ifklipoc-1,Th
ifkonppo-1,VE4_Cap
iflajago-1,nmSchwann
iflcnalh-1,F5: NGFR+
iflekppa-1,VE3_Ven
iflhnppj-1,Pericyte1
ifliebof-1,Pericyte1
iflkdlhm-1,VE3_Ven
ifllndco-1,VE3_Ven
ifmncemi-1,VE4_Cap
ifmoebod-1,Mast cell
ifncoaej-1,nmSchwann
ifndbndn-1,F2: Universal
ifnoefnn-1,F3: FRC-like
ifolcdbe-1,Mast cell
ifopphfg-1,Pericyte1
ifpfknll-1,F1: Superficial
ifphbdpn-1,cDC1
ifplaaik-1,F1: Superficial
ifpmffal-1,Pericyte1
ifpogfhm-1,F3: FRC-like
ifponnmg-1,VE3_Ven
igacbidb-1,Pericyte1
igbcaffg-1,VE4_Cap
igbiljmg-1,Pericyte1
igbkmopd-1,F1: Superficial
igbpegdl-1,Mac2
igbpikmk-1,nmSchwann
igccllil-1,LE
igcjomec-1,LE
igclkfmh-1,LE
igcpldko-1,LE
igdbdakb-1,LE
igdhfmbf-1,LE
igeagdmb-1,LE
igegdmca-1,Mast cell
igeghneg-1,F1: Superficial
igeieien-1,Mast cell
igelkhcl-1,F1: Superficial
igelmnhh-1,F2: Universal
igemknlj-1,F2: Universal
igepaedp-1,F3: FRC-like
igfcajab-1,Mac2
iggnjecm-1,T
iggopofo-1,F2: Universal
ighepcif-1,VE3_Ven
ighjkmnj-1,Pericyte1
ighpbhkh-1,F2: Universal
igikaihb-1,VE1_Art
iginanai-1,F2: Universal
igiolgid-1,Mast cell
igjebcjl-1,F2: Universal
igjflooj-1,F3: FRC-like
igkfgbae-1,Tc1
igkhadeb-1,Mac2
igkkfgfn-1,F2: Universal
igkkhien-1,Mast cell
iglbbamb-1,F3: FRC-like
iglbeolf-1,nmSchwann
iglcicen-1,LE
igljdnlg-1,nmSchwann
iglpknch-1,Treg
igmeaebm-1,Pericyte1
ignadnom-1,VE1_Art
igncdpfe-1,F2: Universal
igncefln-1,F2: Universal
ignpdpml-1,Mast cell
igogcahl-1,F1: Superficial
igogmcod-1,Tnaive
igpeppae-1,VE3_Ven
igpfljpi-1,Pericyte1
igpfmdnc-1,T
igpgfbhd-1,F1: Superficial
igpjfdan-1,cDC2
igpjnpeb-1,F2: Universal
igpphlea-1,KC1
ihaoljfl-1,KC3
ihapkogh-1,F1: Superficial
ihbjdngd-1,VE3_Ven
ihblebhl-1,VE3_Ven_APLN+
ihbmpcjh-1,LC
ihboebgg-1,LC
ihcfmaij-1,KC5
ihcjmjko-1,KC5
ihckefpe-1,KC5
ihdojhjh-1,KC5
ihdpmglk-1,KC5
ihecmnmn-1,KC5
iheffjmm-1,KC5
ihehedcg-1,KC5
ihekcemc-1,KC5
ihelgflb-1,KC3
iheoickf-1,KC3
ihepoahi-1,TRM_IL17+
ihfbfbjp-1,KC1
ihfdpipg-1,KC3
ihfhcmha-1,Melanocyte
ihgfmmgg-1,KC1
ihgjjgjo-1,Pericyte1
ihhdfhik-1,Pericyte1
ihhhldhd-1,nmSchwann
ihhjcicl-1,F1: Superficial
ihihpfgf-1,F1: Superficial
ihjellbk-1,nmSchwann
ihkaikbi-1,Mac2
ihkaoijm-1,cDC2
ihkbjocg-1,cDC
ihkmhcce-1,VE3_Ven
ihknlmfe-1,VE3_Ven
ihlgeeph-1,Pericyte1
ihlghhpk-1,Mac2
ihllmkbb-1,KC3
ihlphaoh-1,KC1
ihmbdfmi-1,KC
ihmbflkj-1,Pericyte1
ihmcipbi-1,KC3
ihmlhmcc-1,KC1
ihndeppn-1,KC1
ihnfiegf-1,KC3
ihnjbbnn-1,KC3
ihnmknhp-1,VE3_Ven
ihnndhkm-1,cDC2: MMP12hi
ihnoidgk-1,Pericyte1
ihoeeamp-1,KC3
ihohkcim-1,KC3
ihohmlmg-1,KC3
ihokflcc-1,KC5
ihopiahg-1,KC3
ihopkoce-1,F1: Superficial
ihpaaogn-1,VE3_Ven
ihpclomn-1,Pericyte1
iiaiiofi-1,T
iiamdphm-1,KC1
iiangdeh-1,LC
iiaoablj-1,KC3
iibcnmbm-1,KC3
iibmbmln-1,KC1
iicefnof-1,KC5
iidackle-1,KC3
iidgkcip-1,KC1
iidnanee-1,KC1
iiefddgc-1,KC
iiegkfbe-1,KC3
iieingem-1,KC5
iiekeefp-1,F1: Superficial
iiemnjgb-1,Pericyte2_VSMC
iifboohp-1,Pericyte1
iifdhmkp-1,VE1_Art
iifgjenk-1,KC1
iiflbeno-1,F1: Superficial
iiflbnif-1,Melanocyte
iigjdhmi-1,KC3
iiglfncb-1,LC
iiglgpac-1,Mac2
iigmigad-1,F2: Universal
iigpgmne-1,MigDC (cDC2)
iihaaink-1,KC1
iihbhcnk-1,Pericyte1
iihjnljk-1,VE3_Ven
iihkhpdb-1,Mast cell
iihlppgc-1,VE4_Cap
iihoeeop-1,KC3
iiicofpp-1,KC3
iiilglmk-1,KC1
iiimbdkh-1,KC3
iiinfpll-1,KC3
iijcilof-1,KC
iijfbbne-1,KC3
iijgfakj-1,KC1
iijjdgpb-1,KC3
iikckdhm-1,KC1
iikdcobf-1,KC1
iiknfdli-1,KC3
iilggijn-1,KC3
iilikbbj-1,KC5
iiljijng-1,KC3
iilkicel-1,KC3
iillpfpa-1,KC3
iilmngfn-1,KC3
iilnpkmb-1,KC3
iilohkjk-1,KC3
iilpnojo-1,KC3
iimaabmm-1,KC3
iimfhbjg-1,KC3
iinclnfg-1,LC
iinconll-1,KC3
iiofcjcn-1,KC3
iiofhgll-1,T
iiogbiha-1,KC5
iiohchhh-1,KC3
iiohgabp-1,KC5
iiohhdil-1,KC
iiolghjh-1,KC5
iiooelna-1,KC3
iiookklj-1,KC3
iipdohec-1,LC
iipekneo-1,LC
iipocboa-1,KC3
ijamicle-1,KC3
ijbbilmf-1,KC
ijbdaccj-1,KC3
ijbfglmm-1,KC3
ijbiemec-1,KC3
ijcmcjoi-1,LC
ijdcenbm-1,KC
ijdjkbag-1,KC3
ijdoojgb-1,KC1
ijejjndf-1,KC3
ijelhcbn-1,LC
ijfaepje-1,KC1
ijfdobak-1,Melanocyte
ijfgodbe-1,Melanocyte
ijficipd-1,KC1
ijfliojc-1,KC
ijfnojii-1,F2: Universal
ijgaagae-1,F1: Superficial
ijgafimi-1,F1: Superficial
ijgnmocn-1,cDC2
ijgpaiib-1,VE1_Art
ijhelnbp-1,Pericyte1
ijhemplo-1,F1: Superficial
ijhhdbeo-1,F1: Superficial
ijhkmcgd-1,F2: Universal
ijichmlj-1,F2: Universal
ijihcloh-1,F1: Superficial
ijiniaie-1,F1: Superficial
ijjemjpi-1,KC3
ijjfjmgb-1,KC3
ijjkmjmo-1,KC3
ijknpdfj-1,F1: Superficial
ijljbgid-1,Pericyte1
ijlopdim-1,Pericyte1
ijmbgeid-1,VE3_Ven
ijmggnhp-1,VE3_Ven
ijmjaojg-1,LC
ijmkifig-1,KC5
ijncaipf-1,KC1
ijnekmjb-1,KC
ijnhnbhm-1,KC5
ijnmkgla-1,KC1
ijnoooch-1,F1: Superficial
ijoddbdb-1,F2: Universal
ijojiiai-1,cDC2
ijoljgnh-1,nmSchwann
ijpeakhc-1,nmSchwann
ijppjenb-1,KC1
ikabilfh-1,F2: Universal
ikajfjjg-1,F2: Universal
ikaocjok-1,F1: Superficial
ikbbaook-1,Melanocyte
ikbgopnm-1,F1: Superficial
ikbmbpnb-1,KC1
ikbobfig-1,F1: Superficial
ikcbedbe-1,F1: Superficial
ikccdhfi-1,F1: Superficial
ikcllela-1,Th
ikcpfilc-1,F3: FRC-like
ikdcjbpl-1,F2: Universal
ikdiikkk-1,VE3_Ven
ikdlnmam-1,Pericyte1
ikdmehlm-1,Pericyte1
ikdpgcfc-1,F2: Universal
ikdpijnf-1,Pericyte1
ikefchdb-1,Mac2
ikenjdnp-1,cDC2
ikeplimh-1,Pericyte1
ikfbbcfi-1,Mast cell
ikfbeemb-1,F2: Universal
ikfboebk-1,F2: Universal
ikffhchk-1,F2: Universal
ikffhcoi-1,Pericyte1
ikfibjgg-1,Pericyte1
ikfknadn-1,Pericyte1
ikgdpfgg-1,Mac2
ikgeggmo-1,F3: FRC-like
ikggcadg-1,F3: FRC-like
ikgifooc-1,KC5
ikgnpgan-1,F1: Superficial
ikhgiema-1,F1: Superficial
ikjaemgk-1,VE3_Ven
ikjdoofd-1,cDC2
ikjmnpml-1,KC1
ikkhkndi-1,KC
ikkkbjjl-1,Mac2
ikklfaki-1,T
iklemmki-1,KC
ikmfcddb-1,KC5
ikmhbimj-1,KC1
ikmhndll-1,KC5
ikmkgmgj-1,KC5
ikmokpkn-1,VE3_Ven
ikneoaeb-1,cDC2: MMP12hi
iknhbopl-1,KC3
iknmgfbm-1,KC
ikoblmdi-1,KC3
ikoceekc-1,F1: Superficial
ikogbkdc-1,VE3_Ven
ikommkap-1,VE3_Ven
ikpidbdm-1,Pericyte1
ikpkojkn-1,Pericyte1
ikplhicd-1,Mac2
ikpmiiec-1,F1: Superficial
ikpogpgm-1,T
ilabkdhp-1,cDC2
ilaheeec-1,F2: Universal
ilakdbbd-1,F2: Universal
ilakhded-1,F1: Superficial
ilamkcoi-1,Mast cell
ilaomnik-1,F1: Superficial
ilbfecbh-1,F1: Superficial
ilcdnhno-1,cDC
ilcfdobb-1,KC1
ilcfgjag-1,KC1
ilchppoe-1,KC1
ilclpkgc-1,KC5
ilcmfaml-1,KC3
ildhbcfp-1,KC3
ildhlleo-1,KC3
ilebdcdp-1,KC1
ileedjpm-1,cDC2
ilelfbnd-1,F1: Superficial
ilfadkdj-1,F1: Superficial
ilfadlfk-1,VE3_Ven
ilfdognh-1,cDC
ilfgpmml-1,KC1
ilfimmna-1,Pericyte1
ilfjlgon-1,KC5
ilfpdpcd-1,KC5
ilgakgpg-1,KC5
ilgclagp-1,KC5
ilgfmkjl-1,KC5
ilgigobn-1,KC3
ilgjjkdn-1,KC5
ilgpjigm-1,KC1
ilhaclib-1,F1: Superficial
ilhaldjh-1,F1: Superficial
ilhaleck-1,Pericyte1
ilhknega-1,VE3_Ven
ilhomppc-1,VE3_Ven
ilicgcnf-1,cDC1
iliddmli-1,Pericyte1
iliedhcd-1,F1: Superficial
ilifbjeh-1,KC1
ilifndhl-1,VE3_Ven
iliincgh-1,F1: Superficial
ilijnkjd-1,VE4_Cap
ilikeihf-1,Pericyte1
iljalpac-1,F1: Superficial
iljapecf-1,F2: Universal
iljjlhda-1,F1: Superficial
iljmlehl-1,KC1
iljpaigl-1,KC1
ilkjfpai-1,cDC2
ilknffci-1,LE
ilkpegmp-1,F1: Superficial
illblocg-1,LE
illdbkjn-1,F1: Superficial
illihoao-1,F1: Superficial
ilmcjbdd-1,KC
ilnakabe-1,F1: Superficial
ilngfgbg-1,KC3
ilnlolpk-1,KC3
ilnopjba-1,KC3
ilohmphi-1,KC1
ilpalkhe-1,KC1
ilpbngek-1,KC1
ilpipfbo-1,KC1
ilpldkmj-1,F1: Superficial
ilpomonb-1,Pericyte1
imaabbdp-1,Melanocyte
imadkfnp-1,VE3_Ven
imaepaep-1,F1: Superficial
imalgdgi-1,F1: Superficial
imanlofo-1,KC3
imbnmofd-1,KC2/3_cycling
imcbmlgg-1,KC3
imccjeoe-1,KC1
imcdmjgd-1,KC1
imcemfoh-1,LC
imcfmdmj-1,KC3
imcgbkjc-1,KC3
imchjbho-1,KC1
imchjcko-1,KC5
imclbpak-1,KC
imdagoon-1,LC
imdbdlci-1,LC
imdcbkmo-1,KC3
imdecnnh-1,LC
imdfahlo-1,KC3
imdininb-1,KC5
imdokiia-1,KC5
imebaedk-1,KC5
imecibgo-1,KC5
imeegedk-1,KC1
imefmngp-1,Melanocyte
imejbhpg-1,KC1
imfankmg-1,KC3
imfjapjg-1,KC3
imfkdkei-1,VE3_Ven
imfkfcbg-1,Pericyte1
imfkhdni-1,VE3_Ven
imfkllif-1,KC1
imfococb-1,KC1
imfpjpic-1,F1: Superficial
imgbejhf-1,F1: Superficial
imgechmd-1,KC1-2_cycling
imghkjin-1,KC1
imhanacn-1,KC5
imhbkddm-1,KC5
imhbmkck-1,KC3
imifndbj-1,KC3
imijeldj-1,Melanocyte
imjalpjf-1,Pericyte1
imjeemen-1,VE4_Cap
imjekide-1,Pericyte1
imjeohah-1,F1: Superficial
imjffdke-1,Pericyte2_VSMC
imjgajbo-1,VE3_Ven
imjiecnj-1,VE3_Ven
imlbjabk-1,VE3_Ven
imlhijge-1,Pericyte1
imlhlaka-1,F3: FRC-like
imlikmlg-1,Pericyte1
imljaakk-1,F1: Superficial
imlmcfem-1,F1: Superficial
imlmoenn-1,Pericyte1
immajdma-1,VE3_Ven
immfhjog-1,F1: Superficial
immkbhal-1,F1: Superficial
immmiahp-1,F1: Superficial
immoempi-1,VE1_Art
immoogbl-1,F1: Superficial
immpckpi-1,F1: Superficial
immpdgcg-1,Pericyte1
imnjknic-1,F1: Superficial
imnnpbbn-1,F1: Superficial
imocfhml-1,F1: Superficial
imofklji-1,F1: Superficial
imoiekaa-1,Pericyte1
imoijdop-1,Pericyte1
imojcoei-1,KC1
imoppebb-1,KC3
impablgh-1,F1: Superficial
impebicm-1,KC1
impgjpef-1,KC1
imphojhb-1,KC3
impkhlnf-1,KC3
impniodo-1,KC3
impodgbn-1,KC1
impodpha-1,KC3
inacidmf-1,KC3
inacknli-1,KC5
inaimkgg-1,KC3
inakdcjo-1,F1: Superficial
inakhgkf-1,Mast cell
inapjade-1,F2: Universal
inbbpjfn-1,F2: Universal
inbdmfii-1,F2: Universal
inblekpk-1,F2: Universal
incminhf-1,Mast cell
inddcjoa-1,F3: FRC-like
indpihbh-1,F2: Universal
inebidmm-1,F2: Universal
ineccmmh-1,F2: Universal
inellagg-1,F2: Universal
inembhni-1,F2: Universal
inemefnl-1,F2: Universal
inenbnok-1,F1: Superficial
infaiknn-1,F2: Universal
infoloho-1,VE3_Ven
ingojaac-1,Pericyte1
inhgekkk-1,LE
inhjahdm-1,nmSchwann
inhlpopo-1,F1: Superficial
iniaodch-1,F2: Universal
inifiakk-1,VE3_Ven
inifiggg-1,VE3_Ven
inihmgei-1,VE3_Ven
inipihef-1,Pericyte1
injephke-1,Pericyte1
injlklob-1,F3: FRC-like
injlmmja-1,F2: Universal
injpggia-1,LE
inkcnlek-1,F2: Universal
inkioomb-1,VE3_Ven
inkockll-1,Pericyte1
inlcfngd-1,Pericyte1
inlkhmhh-1,F2: Universal
inmicbpn-1,F2: Universal
inmkdolf-1,Mac2
inmlokol-1,Th
inmohcdc-1,Pericyte2_VSMC
inmpkkka-1,VE1_Art
inndkdlh-1,Mast cell
innebmno-1,Pericyte1
innpbdcm-1,Pericyte1
innpcgfj-1,F2: Universal
inogoagn-1,Pericyte1
inohibhk-1,Pericyte2_VSMC
inojbpfh-1,Pericyte2_VSMC
inolfang-1,VE1_Art
inomgeji-1,Pericyte2_VSMC
inonkhdk-1,Pericyte2_VSMC
inoolglo-1,VE1_Art
inpakdkn-1,VE3_Ven_APLN+
inpcpkdf-1,F1: Superficial
inpibojg-1,F1: Superficial
inplggmc-1,VE3_Ven
inpnajhm-1,Pericyte1
ioacacah-1,F1: Superficial
ioaemmnm-1,F1: Superficial
ioaflonm-1,Pericyte1
ioajihkp-1,F1: Superficial
iobhkggl-1,nmSchwann
iobickfo-1,F1: Superficial
iobinfgg-1,F1: Superficial
iobjbeij-1,F1: Superficial
ioblppcd-1,F1: Superficial
iobonlgl-1,F1: Superficial
iocbbkad-1,F1: Superficial
iocbphbd-1,F2: Universal
ioccaiao-1,Pericyte1
iocclcld-1,F1: Superficial
iocincnf-1,F2: Universal
ioclillp-1,LE
ioclkejl-1,Mac2
iocnnjni-1,F2: Universal
iodaloco-1,LE
ioddlhbg-1,LE
iodejgif-1,F2: Universal
iodkogfa-1,F2: Universal
ioefhepl-1,F2: Universal
ioehfige-1,F2: Universal
ioeiomid-1,Pericyte1
ioekoiln-1,F5: NGFR+
iofaifkf-1,F1: Superficial
iofdcbnn-1,F1: Superficial
iogamael-1,VE3_Ven
iogfpgbi-1,Pericyte1
iogmaico-1,Pericyte1
iogneeom-1,Pericyte1
iohcfolp-1,cDC2: MMP12hi
iohciphj-1,Mac2
iohmfofp-1,VE3_Ven
iohoamee-1,Pericyte1
ioiaojmf-1,KC3
ioifclcj-1,KC1
ioildbmf-1,F1: Superficial
ioimaahd-1,KC1
ioimdmnj-1,KC3
ioimfbcd-1,KC1
ioioblgg-1,KC3
ioiodjge-1,KC
iojefepl-1,KC5
iojekhhd-1,KC3
iojkgoib-1,LC
iokhjldc-1,KC3
iokjgbha-1,KC3
iokmenek-1,KC3
iokpanpk-1,KC3
iolabdfn-1,KC3
iolbonap-1,cDC2
ioleehgb-1,Mast cell
iolioanh-1,LE
iolkfebp-1,LE
iolkimap-1,LE
iolmdemc-1,LE
iolndgci-1,LE
iolpbpfc-1,LE
iomadmeg-1,Mast cell
iombemip-1,LE
iomdjlmn-1,LE
iomghmdd-1,LE
iomokhaa-1,KC1
ionaapen-1,KC1
ionbckpp-1,KC3
ionfobhg-1,KC1
ionlifhc-1,Melanocyte
ionlncna-1,KC3
ionoaohg-1,LC
iooffnde-1,F1: Superficial
ioogcgfb-1,F1: Superficial
ioogiopm-1,F4: TNN+COCH+
iookjodj-1,F1: Superficial
ioopibbd-1,KC1
iopgjhgn-1,KC3
iophapld-1,KC5
iopjiaoi-1,KC3
iopkgjjc-1,cDC2
iopmnien-1,F1: Superficial
iopokmco-1,T
ipacikod-1,Pericyte1
ipaffkfe-1,F1: Superficial
ipagednh-1,F1: Superficial
ipahoacd-1,Tc1
ipalfkph-1,KC3
ipbaamno-1,VE1_Art
ipbaaoeg-1,Pericyte1
ipbanhmp-1,VE1_Art
ipbfbpfi-1,F2: Universal
ipbhmfio-1,F2: Universal
ipbihnhh-1,F1: Superficial
ipbjdlho-1,F2: Universal
ipbnifbm-1,F1: Superficial
ipbnjlcd-1,F2: Universal
ipbogljb-1,F2: Universal
ipbpkjan-1,Pericyte1
ipcfbjnj-1,Mac2
ipdkkkhk-1,F2: Universal
ipdpdkko-1,F2: Universal
ipeofphl-1,VE2
ipfbhhbi-1,F3: FRC-like
ipffeclp-1,Pericyte1
ipfijjka-1,F2: Universal
ipflnkgf-1,F2: Universal
ipggdlda-1,VE3_Ven
ipgjadol-1,Pericyte1
ipgokanf-1,F2: Universal
ipidoomg-1,F2: Universal
ipiecaae-1,F2: Universal
ipiehdbb-1,F2: Universal
ipifldng-1,F2: Universal
ipihigdl-1,F2: Universal
ipimejgb-1,Mac2
ipipaili-1,F2: Universal
ipjebjcc-1,F2: Universal
ipjehmba-1,F2: Universal
ipjfmcda-1,F2: Universal
ipjofacf-1,F2: Universal
ipkflmno-1,F2: Universal
ipkmlomm-1,F2: Universal
ipkppian-1,F2: Universal
iplhakjm-1,Mac2
iplplkln-1,F2: Universal
ipmaodee-1,Mac2
ipmbchbn-1,F2: Universal
ipmbkpnc-1,Mast cell
ipmfnmhn-1,Mast cell
ipmkdbje-1,Mac2
ipmlnjkm-1,Mac2
ipmobebn-1,F3: FRC-like
ipnbebbl-1,Pericyte2_VSMC
ipocjafa-1,F2: Universal
ipocllda-1,F2: Universal
ipopgbgd-1,Mast cell
ippboehk-1,Mast cell
ippckkln-1,VE3_Ven
ippfcdaj-1,F2: Universal
ipphmbni-1,F2: Universal
ippmmagi-1,F1: Superficial
jaanalbl-1,F2: Universal
jabfhkop-1,Pericyte2_VSMC
jabfighb-1,Pericyte2_VSMC
jabfpmap-1,VE1_Art
jaccingh-1,F2: Universal
jacclcnd-1,F2: Universal
jacgcnma-1,F2: Universal
jacmcegm-1,F2: Universal
jacmcehh-1,F1: Superficial
jacogfdf-1,VE3_Ven
jadfodgf-1,F3: FRC-like
jadhabal-1,Pericyte2_VSMC
jaeaepma-1,Pericyte1
jaedhdlh-1,F3: FRC-like
jaedlhfb-1,Pericyte2_VSMC
jaeibpbi-1,F2: Universal
jaejacbc-1,F2: Universal
jaephpje-1,Mast cell
jafcgplc-1,F2: Universal
jafgbdjf-1,Pericyte2_VSMC
jafoihnl-1,Pericyte2_VSMC
jagmgefo-1,Pericyte2_VSMC
jahaphji-1,VE1_Art
jahfgjoh-1,VE1_Art
jahikgci-1,Mast cell
jahnibdk-1,F1: Superficial
jahohlph-1,VE3_Ven
jahpbckm-1,Pericyte1
jahpimff-1,VE3_Ven
jaicplga-1,VE3_Ven
jaijjnhn-1,F2: Universal
jajhkbeb-1,LE
jajkcndo-1,LE
jajocibh-1,LE
jakaloel-1,LE
jakblmia-1,LE
jakdlhko-1,LE
jakfgnfb-1,LE
jakimljd-1,Pericyte1
jakpkamn-1,Mast cell
jalaochg-1,T
jalgjeik-1,Pericyte1
jalnipnk-1,F2: Universal
jamboaoa-1,Mast cell
jamdocfg-1,VE3_Ven
jameahgn-1,Pericyte1
jamkbobc-1,F2: Universal
jamnomda-1,Mac2
janfjolp-1,F2: Universal
jaofcgpn-1,VE1_Art
jaojegde-1,Pericyte2_VSMC
jaojgedj-1,VE1_Art
jaokpebe-1,Pericyte1
jaoladmh-1,Mast cell
jaombgph-1,Pericyte2_VSMC
jaomddjc-1,Pericyte2_VSMC
jaoplhkb-1,Pericyte2_VSMC
japppkck-1,Pericyte2_VSMC
jbabopah-1,VE1_Art
jbaffceg-1,F2: Universal
jbagmmba-1,F2: Universal
jbaklfan-1,F2: Universal
jbalgaap-1,VE3_Ven
jbbkdiha-1,Pericyte2_VSMC
jbboaibn-1,VE3_Ven
jbcfcbhe-1,VE1_Art
jbckidii-1,Pericyte2_VSMC
jbcodgoi-1,Pericyte2_VSMC
jbdbbcfj-1,F1: Superficial
jbdelhom-1,VE1_Art
jbdjokao-1,Pericyte2_VSMC
jbecnnia-1,Pericyte2_VSMC
jbeflbgd-1,Pericyte1
jbeigead-1,VE1_Art
jbelmcne-1,Pericyte2_VSMC
jbemhdlg-1,Pericyte2_VSMC
jbenboba-1,F1: Superficial
jbfgjmkj-1,VE1_Art
jbfhlbkl-1,Pericyte2_VSMC
jbfilegf-1,Pericyte2_VSMC
jbgapfnf-1,VE1_Art
jbgimiin-1,Pericyte2_VSMC
jbgjainc-1,F2/3: Perivascular
jbgjlaml-1,Pericyte2_VSMC
jbhaenlp-1,Pericyte2_VSMC
jbhgkfii-1,VE1_Art
jbhkkpci-1,Pericyte2_VSMC
jbiboofd-1,T
jbiceeeo-1,F2: Universal
jbigidfi-1,F2: Universal
jbjdgalc-1,F2: Universal
jbjeiman-1,Mac2
jbjgapde-1,F2: Universal
jbjohoed-1,F2: Universal
jbjpkgli-1,LE
jbkbebln-1,F2: Universal
jbklcfjp-1,F2: Universal
jbknnhpp-1,F2: Universal
jbkojcib-1,Mac2
jblgdnmd-1,F2: Universal
jbllilka-1,F2: Universal
jblllfmi-1,F2: Universal
jblnokap-1,Mac2
jblnompc-1,F2: Universal
jbmlnkbn-1,F2: Universal
jbmnifjc-1,F2: Universal
jbmoljik-1,F2: Universal
jbnmmfpi-1,F2: Universal
jbnplddb-1,KC3
jboaohcf-1,KC3
jboboomc-1,KC3
jbokjeaj-1,KC3
jbolaanl-1,KC3
jbonoiip-1,KC3
jbophekc-1,LC
jbpahgca-1,LC
jbpamnon-1,KC
jbpfmfki-1,KC3
jbphjhfc-1,KC3
jbpjeffp-1,KC3
jbpkikfb-1,KC3
jbpnjcib-1,KC3
jbppbiei-1,KC3
jcabmgoa-1,KC5
jcabndkj-1,KC5
jcaggnjo-1,KC5
jcbefomc-1,KC5
jcbelnim-1,KC3
jcbjopmi-1,KC3
jcceffmh-1,KC
jcchfobo-1,KC
jccibkbf-1,KC3
jccijigf-1,KC3
jcclclbe-1,KC3
jcddfnbn-1,KC5
jcdljapb-1,KC5
jcefibbd-1,KC
jcejeiho-1,LC
jcempbof-1,KC3
jcencach-1,KC3
jcfapmon-1,KC3
jcfeepki-1,KC3
jcfkefpo-1,Melanocyte
jcfkpnnn-1,F1: Superficial
jcfpfmnd-1,KC1
jcghcgma-1,KC3
jchaogkl-1,KC3
jchcdgna-1,KC3
jchdgcjj-1,KC1
jchgdnal-1,KC3
jchhdhhh-1,KC3
jchhlgej-1,KC3
jchnaikk-1,KC3
jchoeihc-1,KC3
jchppkap-1,KC3
jcilnldo-1,KC3
jcipekhd-1,KC3
jcjbdkob-1,KC5
jcjffbcn-1,KC1
jcjfgknl-1,KC1
jcjfonln-1,F1: Superficial
jcjgianh-1,VE3_Ven
jcjkkilf-1,Pericyte1
jcjknnim-1,Mast cell
jckejmpa-1,Melanocyte
jckfjapm-1,F1: Superficial
jckfmjid-1,KC1
jckkmebe-1,KC1
jclcgnnj-1,F1: Superficial
jcleceoe-1,KC1
jclhdcek-1,KC1
jclhnflh-1,KC1
jcliefbf-1,Melanocyte
jcmhmegn-1,KC3
jcmimapn-1,KC1
jcmopnho-1,KC3
jcnjnded-1,KC5
jcnkakcm-1,KC3
jcnkcddb-1,KC3
jcnplmnb-1,KC2/3_cycling
jcoenokj-1,LC
jcofkaed-1,KC3
jcokiapk-1,Melanocyte
jcopnpnn-1,KC
jcpehopo-1,KC
jcpmonhd-1,KC3
jdagalcn-1,LC
jdagpamc-1,KC1
jdankgkd-1,KC3
jdaopkej-1,KC3
jdbacehm-1,LC
jdbbpplk-1,KC3
jdbcekai-1,KC3
jdbomggk-1,KC1
jdbpnmop-1,KC5
jdchakmb-1,KC5
jdcjbiod-1,KC5
jdcjfnig-1,KC1
jdcpdfbn-1,Pericyte1
jdddgamf-1,Pericyte1
jddencfh-1,Melanocyte
jddghdlb-1,VE3_Ven
jddhccoi-1,KC1
jddiflpp-1,F1: Superficial
jddlpmmc-1,F2: Universal
jdeccemf-1,F2: Universal
jdeebaag-1,F1: Superficial
jdekmdme-1,F1: Superficial
jdeppeeg-1,ILC3
jdfcjcnj-1,F1: Superficial
jdfdejoc-1,Pericyte1
jdffnkme-1,F1: Superficial
jdfhahcj-1,KC1
jdfkffoa-1,KC
jdfmcpgo-1,Melanocyte
jdfpdine-1,F1: Superficial
jdfpkmng-1,KC1
jdgionin-1,F2: Universal
jdhapind-1,F2: Universal
jdhcidnl-1,F1: Superficial
jdhgiabc-1,VE3_Ven
jdhijmmh-1,VE3_Ven_APLN+
jdibjflp-1,KC3
jdikfokl-1,KC3
jdjagcdo-1,KC3
jdjncpgg-1,KC3
jdjopjga-1,KC3
jdkbplgc-1,KC3
jdlanlcl-1,KC1
jdlcknfm-1,KC1
jdldpppj-1,KC1
jdlejhnd-1,F1: Superficial
jdlmdoeh-1,F1: Superficial
jdmafboi-1,Pericyte1
jdmfijhn-1,VE3_Ven
jdmhjifm-1,F1: Superficial
jdnfnlop-1,T
jdnhphki-1,VE3_Ven
jdnkjjgb-1,VE3_Ven
jdnmgopn-1,F1: Superficial
jdnmohhi-1,F1: Superficial
jdnplklp-1,KC3
jdonjhna-1,KC1
jdpaooag-1,LC
jdpfdgpl-1,VE3_Ven
jdpgellj-1,Pericyte1
jeahkcih-1,VE3_Ven
jeajdnjp-1,Pericyte1
jeakglkn-1,Pericyte1
jeanpomn-1,Pericyte2_VSMC
jebccjmg-1,F1: Superficial
jebfkbbl-1,KC3
jebjcijc-1,KC1
jecahcmg-1,KC1
jeccoiih-1,KC1
jecgollb-1,F1: Superficial
jechcmen-1,VE3_Ven
jecjgfah-1,Mast cell
jecjjkif-1,VE3_Ven
jedbgnhe-1,F1: Superficial
jedjiddh-1,F1: Superficial
jedmmodk-1,KC1
jeebonnm-1,KC1
jeecchfg-1,LC
jeeclkia-1,KC1
jeedjaoo-1,KC3
jeedmkfi-1,KC3
jeeiiabe-1,KC3
jeeofgfe-1,KC3
jeeokehk-1,F1: Superficial
jefcbpij-1,F1: Superficial
jefeinjj-1,KC1
jeffkgjd-1,KC3
jefnlhfp-1,KC1
jefpdchi-1,KC1
jegchfae-1,F1: Superficial
jegfmmkk-1,F1: Superficial
jeghehnk-1,F1: Superficial
jehdjojh-1,VE3_Ven
jehdkahn-1,LE
jehfaiga-1,Pericyte1
jehfcfla-1,Mac2
jehofebm-1,F2: Universal
jeieobfl-1,F2: Universal
jeigcpio-1,F1: Superficial
jeiheipb-1,F2: Universal
jeijeona-1,F1: Superficial
jeildlbn-1,F2: Universal
jejadigo-1,F2: Universal
jejbjkda-1,cDC2
jejcnbgp-1,F2: Universal
jejikeoj-1,Mac2
jejkdgae-1,LE
jejlkpfc-1,LE
jekfblmc-1,F2: Universal
jekgbbph-1,KC1
jekphfof-1,KC1
jeldmilj-1,F4: DS_DPEP1+
jelfcmmg-1,cDC2: MMP12hi
jelheiji-1,LE
jeljnnla-1,F1: Superficial
jemgdmmh-1,Melanocyte
jemindjo-1,KC1
jemknekg-1,Mast cell
jemlfmob-1,ILC1_NCR2+P2RX7+
jemmhaog-1,Pericyte1
jemnglii-1,VE3_Ven_APLN+
jemohbdb-1,Pericyte2_VSMC
jempphfg-1,F2: Universal
jenaibhn-1,KC3
jenkiadf-1,KC5
jenljfio-1,KC5
jennakmg-1,KC3
jenpjcag-1,KC1
jeochdfj-1,KC3
jeojfhgn-1,LC
jeomgabk-1,KC1
jeonmomi-1,KC3
jepadadc-1,KC5
jepcgdbh-1,KC3
jepeigid-1,KC5
jepinadd-1,KC3
jeplglcg-1,KC5
jfabimkc-1,KC3
jfagpnfh-1,KC3
jfaicegb-1,KC3
jfaohmmo-1,LC
jfbdajnc-1,KC1
jfbdolea-1,KC3
jfbecbdm-1,KC3
jfbkgiik-1,KC3
jfbnleni-1,KC3
jfcbdncg-1,KC5
jfdbdibk-1,KC3
jfdcidhb-1,KC3
jfdombfn-1,KC
jfdphhic-1,KC3
jfecfhgi-1,LE
jfegllcl-1,LE
jfejcokl-1,F2: Universal
jfekkfjk-1,LE
jfepiaki-1,LE
jffbccdo-1,F2: Universal
jffbihck-1,LE
jffcmmfm-1,F2: Universal
jfgacmlc-1,F2: Universal
jfgkhgok-1,KC3
jfgmlodi-1,Mac2
jfgpghba-1,T
jfhbeodl-1,Mast cell
jfhilelm-1,VE3_Ven
jfhjpjlp-1,F1: Superficial
jfhkgppn-1,Pericyte1
jfhnhcba-1,T
jficlfoc-1,F1: Superficial
jfidfhnb-1,F1: Superficial
jfiilkci-1,KC1
jfimjkek-1,KC1
jfiokjcc-1,VE3_Ven
jfjbndll-1,VE4_Cap
jfjepigo-1,KC_Sebocyte_DuctInner
jfjgffoh-1,KC3
jfjklbnf-1,KC3
jfjpiffe-1,KC3
jfkjgmdh-1,Melanocyte
jfkkokbo-1,KC_HF: ORS_junction
jfklmmfn-1,KC3
jfkmgglf-1,KC
jfkpjdhh-1,KC3
jfladkhb-1,KC3
jflbdjmp-1,KC1
jfldijke-1,KC1
jflefdbm-1,KC1
jflkphcb-1,F2: Universal
jflpmpcp-1,Pericyte1
jfmgjifn-1,F2: Universal
jfmlinlj-1,F1: Superficial
jfmnkbip-1,VE3_Ven
jfnadhck-1,Mast cell
jfnahanl-1,Mac2
jfnfmmah-1,Mac2
jfngbhkd-1,Pericyte1
jfnjddci-1,Pericyte1
jfnnmicb-1,VE4_Cap
jfnpindn-1,F1: Superficial
jfockfam-1,F1: Superficial
jfodknii-1,Pericyte1
jfooehga-1,F1: Superficial
jfpbdnog-1,KC3
jfpbhmfn-1,KC3
jfpdpeag-1,KC1
jfpfemlg-1,KC3
jfpigfam-1,KC3
jfpnbbme-1,KC3
jfppcgmf-1,KC1
jgadgfpf-1,KC1
jgajblad-1,F1: Superficial
jganjmmf-1,KC1
jgaoejja-1,KC1
jgbecgdg-1,KC1
jgbkkomd-1,KC1
jgcdcgnk-1,KC3
jgcdococ-1,KC3
jgcfgeoj-1,KC3
jgcjiibh-1,KC3
jgcofidg-1,KC
jgcpgkam-1,KC1
jgdcpbpg-1,KC1
jgdehdpc-1,KC3
jgdgmkaf-1,KC3
jgdhonpo-1,LC
jgdmfoij-1,VE3_Ven
jgdmjbhn-1,F1: Superficial
jgdnomfc-1,F1: Superficial
jgeggpkf-1,F1: Superficial
jgehjekb-1,Pericyte1
jgejhhge-1,F1: Superficial
jgekcekc-1,VE3_Ven_APLN+
jgeoboam-1,F2: Universal
jgeocjpp-1,F1: Superficial
jgfbmmfo-1,F1: Superficial
jggdcead-1,F1: Superficial
jggfallj-1,Mast cell
jgggpdbe-1,F1: Superficial
jgghmean-1,cDC2: MMP12hi
jggpnpkb-1,VE4_Cap
jghhemmo-1,Pericyte1
jgikedap-1,Pericyte1
jgiohcan-1,VE3_Ven
jgjbmlbd-1,F1: Superficial
jgjchfgp-1,nmSchwann
jgjeodcp-1,F1: Superficial
jgjhggge-1,Mac2
jgkbilfb-1,Pericyte1
jgkdbkeg-1,F1: Superficial
jgkglfkj-1,Pericyte1
jgldocia-1,F1: Superficial
jglffpak-1,Pericyte1
jglodndg-1,VE3_Ven
jglpopea-1,VE4_Cap
jgmbjdjn-1,KC1
jgmdncbl-1,KC3
jgmejajn-1,KC3
jgmhgjfl-1,Melanocyte
jgmkdaho-1,KC3
jgmnaobb-1,KC
jgnchdof-1,KC3
jgnephkg-1,KC5
jgnheagg-1,KC3
jgnjgebd-1,KC3
jgnnaaga-1,KC3
jgnodnha-1,KC5
jgohdcpp-1,KC5
jgokeefl-1,KC3
jgondopa-1,KC5
jgpbjhlm-1,KC3
jgpdfjjp-1,Sweat gland channel outer
jgpfkaif-1,KC3
jgplonci-1,KC3
jgpocpnl-1,Melanocyte
jhadhdoe-1,KC3
jhafgcjh-1,KC1
jhafjfkh-1,KC1
jhalficl-1,KC3
jhambijo-1,KC3
jhapbcfd-1,KC3
jhapjmif-1,KC3
jhbajnpc-1,KC3
jhbepegg-1,KC3
jhbhebcg-1,KC3
jhbiicph-1,Mast cell
jhbjieka-1,F2: Universal
jhbobloh-1,Mast cell
jhcgokfi-1,F2: Universal
jhcihlgi-1,F2: Universal
jhdnfejl-1,F2: Universal
jhdooged-1,Mast cell
jhecglkd-1,F2: Universal
jhefdlgh-1,Mast cell
jhehmcpm-1,F2: Universal
jhfdkknl-1,F2: Universal
jhfjpplm-1,F2: Universal
jhfkgeke-1,F2: Universal
jhfobapf-1,F2: Universal
jhhchcoj-1,F2: Universal
jhhlloae-1,F2: Universal
jhiahjcd-1,F2: Universal
jhickpjg-1,F2: Universal
jhihiooi-1,F2: Universal
jhiiaioc-1,F2: Universal
jhilcoph-1,F2: Universal
jhinankm-1,F2: Universal
jhjigadc-1,Smooth muscle
jhjjfhfd-1,Smooth muscle
jhjpfhfa-1,Smooth muscle
jhkaaejb-1,Smooth muscle
jhkekeph-1,F2: Universal
jhlinpkb-1,Pericyte1
jhmggmbc-1,VE4_Cap
jhohnjpk-1,F2: Universal
jhopdkam-1,Adipocyte
jhpgneha-1,Pericyte1
jhphemek-1,Adipocyte
jhpibkgn-1,VE3_Ven
jhpidahn-1,Mast cell
jhpllcda-1,VE4_Cap
jhpmbnbg-1,F2/3: Perivascular
jialdkkf-1,F2: Universal
jifenbgl-1,F2: Universal
jifhkdpo-1,F2: Universal
jifkhegb-1,F2: Universal
jiglcoah-1,F2: Universal
jihcjedf-1,F2: Universal
jihcloio-1,F2: Universal
jihklfij-1,F2: Universal
jiibabnf-1,F2: Universal
jiieoiop-1,F2: Universal
jijbebde-1,F2/3: Perivascular
jijbhkpi-1,VE3_Ven
jijcinlf-1,VE3_Ven
jijdhggm-1,Pericyte1
jijdlekk-1,Pericyte1
jijdnoal-1,cDC
jijeomfd-1,Pericyte1
jikdeded-1,F2: Universal
jikmjjml-1,F2: Universal
jikncaim-1,F2: Universal
jikocjfi-1,F2: Universal
jilbngih-1,F2: Universal
jilfhdli-1,F2: Universal
jilhicfa-1,F2: Universal
jilicfmb-1,F2: Universal
jimemfhk-1,F2: Universal
jimgcilh-1,Smooth muscle
jimjbncl-1,Smooth muscle
jimmomgm-1,F2: Universal
jinabnoe-1,F2: Universal
jineddpm-1,F2: Universal
jinhgnib-1,F2: Universal
jioamlif-1,F2: Universal
jioenekk-1,F2: Universal
jionaagc-1,F2: Universal
jioohedd-1,F2: Universal
jipboceb-1,nmSchwann
jipflhcm-1,KC
jipflkfb-1,F5: NGFR+
jipiheih-1,Smooth muscle
jjaieohp-1,F2: Universal
jjaledcn-1,F2: Universal
jjamjipo-1,F2: Universal
jjbbemhg-1,nmSchwann
jjbcjobo-1,VE3_Ven
jjbidmij-1,nmSchwann
jjbjbccj-1,nmSchwann
jjbkceda-1,F5: NGFR+
jjbndogf-1,nmSchwann
jjbnlkcm-1,mSchwann
jjcajcig-1,F2/3: Perivascular
jjcdflii-1,F2: Universal
jjcdpmhb-1,F2: Universal
jjcengoo-1,F2: Universal
jjcnmlbj-1,F3: FRC-like
jjdeplbg-1,Pericyte1
jjdfknfm-1,F2: Universal
jjdgebom-1,Mast cell
jjdhelhk-1,F2: Universal
jjdmlojo-1,F2/3: Perivascular
jjeabfga-1,LE
jjecoida-1,F2/3: Perivascular
jjeoegci-1,LE
jjepjnla-1,F2: Universal
jjfaijgo-1,F2: Universal
jjfoklfb-1,F2/3: Perivascular
jjfpkmlj-1,F2: Universal
jjgaoboh-1,VE1_Art
jjgbdijh-1,F2/3: Perivascular
jjhbgfco-1,F3: FRC-like
jjhcidae-1,Mast cell
jjhcjbjo-1,Pericyte1
jjhdomok-1,VE1_Art
jjhppjmo-1,LE
jjidacdf-1,F2/3: Perivascular
jjilpolc-1,Pericyte1
jjiojpan-1,LE
jjjckbdd-1,Smooth muscle
jjjgioej-1,Smooth muscle
jjkceamf-1,Smooth muscle
jjkhankj-1,Smooth muscle
jjlfhffl-1,LE
jjliejlm-1,LE
jjljekaf-1,LE
jjljkpgp-1,F2/3: Perivascular
jjlopcfd-1,LE
jjmbfdii-1,Smooth muscle
jjmcdhea-1,Smooth muscle
jjmeagec-1,Smooth muscle
jjmhimbp-1,Smooth muscle
jjmhklif-1,F2: Universal
jjnebpnn-1,Smooth muscle
jjnmagop-1,Smooth muscle
jjoaokae-1,Smooth muscle
jjoffklg-1,nmSchwann
jjofhill-1,F2: Universal
jjpcogmc-1,Smooth muscle
jjpfepek-1,Smooth muscle
jkaggmhg-1,VE4_Cap
jkahdapp-1,Mast cell
jkahiimp-1,VE3_Ven
jkajgihh-1,Pericyte1
jkajlkcf-1,Pericyte1
jkapjgdf-1,Mac2
jkbhnckd-1,VE3_Ven
jkbpiido-1,Pericyte1
jkcapeaa-1,VE3_Ven
jkcfgokp-1,Mac2
jkciodja-1,VE4_Cap
jkckbkjo-1,Pericyte1
jkckgdmg-1,Mast cell
jkcllmpi-1,VE3_Ven
jkcolodc-1,Pericyte1
jkdajbnd-1,Pericyte1
jkdanadi-1,F2: Universal
jkdaokcj-1,F2/3: Perivascular
jkdfkilh-1,VE4_Cap
jkdjbdll-1,F2: Universal
jkdmlfdj-1,F2: Universal
jkglgnce-1,F2: Universal
jkigigfn-1,F2: Universal
jkimbjln-1,mSchwann
jkjebjgh-1,F2: Universal
jkjegoab-1,F2: Universal
jkkgadmh-1,F2: Universal
jkkocepg-1,F2: Universal
jkkpkajf-1,F2: Universal
jkkppflc-1,F2: Universal
jklccoeh-1,F2: Universal
jklomkec-1,F2: Universal
jkmccmem-1,F2: Universal
jkmglbcl-1,F2: Universal
jkmhlihh-1,F2: Universal
jkmigked-1,VE4_Cap
jkmnipdf-1,Pericyte1
jkmocehp-1,F2: Universal
jknahcpn-1,Pericyte1
jknfchhe-1,Pericyte1
jkobljfm-1,Mac2
jkodkdjl-1,Mac2
jkofkpda-1,F2/3: Perivascular
jkpbkcpj-1,F2: Universal
jkpchfea-1,F2: Universal
jkphlijo-1,VE4_Cap
jkplekml-1,F2: Universal
jlabkenf-1,VE4_Cap
jladdofk-1,F2: Universal
jlafcagm-1,F2: Universal
jlaicjnm-1,F2: Universal
jlaiggfe-1,F2: Universal
jlbdoopi-1,F2: Universal
jlbenmjh-1,F2: Universal
jlboegai-1,F2: Universal
jldacapj-1,F2: Universal
jldkebee-1,F2: Universal
jldkgkif-1,F2/3: Perivascular
jldoeahc-1,LE
jleeeffm-1,F2/3: Perivascular
jlehbidk-1,Pericyte1
jleiacoo-1,LE
jlfammbg-1,F2: Universal
jlffhiha-1,Pericyte1
jlfjhejj-1,LE
jlfkbjmp-1,VE1_Art
jlfkkmjf-1,LE
jlflalnn-1,LE
jlgamgle-1,LE
jlggdbon-1,LE
jlgjklfj-1,LE
jlgjophf-1,LE
jlglenma-1,Treg
jlhjmlin-1,VE1_Art
jlifcodj-1,F2/3: Perivascular
jligdegk-1,F2: Universal
jligkghh-1,F2: Universal
jlinmobc-1,LE
jljgoldb-1,F2: Universal
jljlbgjc-1,F2: Universal
jlkfjpen-1,Mac2
jlkibkgh-1,F2/3: Perivascular
jlkikndl-1,F2: Universal
jllghfod-1,F2: Universal
jllmbgia-1,F2: Universal
jlncjknm-1,F2: Universal
jlneplie-1,F2: Universal
jlnpghga-1,F2: Universal
jlocbdno-1,F2/3: Perivascular
jlodlpfd-1,F2/3: Perivascular
jlofpfmj-1,Mac2
jlogccnb-1,F2: Universal
jloobcfo-1,Mast cell
jlpbphep-1,F2: Universal
jlpkbbac-1,F2: Universal
jlppbldh-1,F2: Universal
jmbbfnkl-1,F2: Universal
jmbcmmfa-1,F2: Universal
jmbcpini-1,F2: Universal
jmbieakd-1,F2: Universal
jmccnbem-1,F2: Universal
jmcdjnif-1,F2: Universal
jmcejkjb-1,F2: Universal
jmdaaoml-1,F2: Universal
jmdldebj-1,F2: Universal
jmdloele-1,F2: Universal
jmdnjhkg-1,F2: Universal
jmdnjljl-1,F2: Universal
jmdonlfb-1,VE3_Ven
jmdpbnfh-1,F2: Universal
jmedmmib-1,Pericyte1
jmeedabg-1,F2: Universal
jmeendcd-1,F2: Universal
jmfaeemc-1,F2: Universal
jmfidkkn-1,F2: Universal
jmfigmfl-1,F2: Universal
jmfmjnaa-1,F2: Universal
jmfopiem-1,F2/3: Perivascular
jmgdiodn-1,F2/3: Perivascular
jmgmmgon-1,F2: Universal
jmhbioib-1,Mac2
jmhfddjh-1,VE4_Cap
jmhpkikj-1,F2: Universal
jmibhfhe-1,F2/3: Perivascular
jmicdhpi-1,F2: Universal
jmicppaf-1,VE4_Cap
jmieefca-1,F2: Universal
jmifcpfc-1,Pericyte1
jmigcaeo-1,VE4_Cap
jmijonjl-1,Pericyte1
jmjibeeg-1,F2/3: Perivascular
jmjjipkj-1,Pericyte1
jmjlpafh-1,VE3_Ven
jmjmhiie-1,VE3_Ven_APLN+
jmkajkbf-1,F2/3: Perivascular
jmkbgpce-1,Pericyte1
jmkedffk-1,F2/3: Perivascular
jmkhojnh-1,Pericyte1
jmkjfmoo-1,F2: Universal
jmkmdija-1,Mast cell
jmljffie-1,F2/3: Perivascular
jmlkimdh-1,F2: Universal
jmllbonc-1,F2: Universal
jmlljkdp-1,Mast cell
jmlnddbb-1,VE3_Ven
jmlnffgb-1,VE3_Ven
jmlpaank-1,Pericyte1
jmmcomjh-1,VE3_Ven
jmmfeaak-1,VE4_Cap
jmmpmfni-1,Mac2
jmnginla-1,VE4_Cap
jmnkeilb-1,VE4_Cap
jmnokinm-1,F2: Universal
jmohjnbo-1,F2: Universal
jmpepjdn-1,F2: Universal
jmpilndg-1,F2: Universal
jmpmgabc-1,F2: Universal
jmppecpi-1,VE3_Ven
jnaajfli-1,F2: Universal
jnaghnki-1,Pericyte1
jnbajfbn-1,F2: Universal
jnbbnppf-1,VE3_Ven
jnbfogel-1,VE4_Cap
jnbidkph-1,Pericyte1
jnbjapjh-1,VE4_Cap
jnbjeadn-1,Pericyte1
jnbogcpl-1,Pericyte1
jnbpnlol-1,VE3_Ven
jncenmko-1,Pericyte1
jncheoln-1,F2/3: Perivascular
jnchljoi-1,VE4_Cap
jncmogao-1,F2/3: Perivascular
jncpdgno-1,Pericyte1
jndapphg-1,F2/3: Perivascular
jndejjip-1,F2: Universal
jndhmcln-1,F2: Universal
jndjhjjn-1,F2: Universal
jndjipgl-1,F2: Universal
jndoffjd-1,Mast cell
jnecohnd-1,Pericyte1
jnemagno-1,F2: Universal
jnenelkk-1,VE3_Ven
jnepiiga-1,VE3_Ven
jnfcjgib-1,VE4_Cap
jnfefchg-1,Adipocyte
jnffkkjm-1,Adipocyte
jnfghjbl-1,Adipocyte
jnfkpain-1,F2: Universal
jniafngk-1,F2: Universal
jniaoboa-1,VE3_Ven
jniehpem-1,VE4_Cap
jnifkodg-1,VE3_Ven
jnjhajol-1,VE3_Ven
jnjkompm-1,F2/3: Perivascular
jnjogmih-1,Mast cell
jnlaahfb-1,F2/3: Perivascular
jnldanpk-1,Pericyte1
jnlibcon-1,Mac2
jnlpkkap-1,VE4_Cap
jnmfllnm-1,Pericyte1
jnmgkhla-1,F3: FRC-like
jnmmfjgf-1,VE4_Cap
jnncbbcd-1,Pericyte1
jnncjiod-1,Pericyte1
jnnedhfh-1,F2: Universal
jnoccnpi-1,F2: Universal
jnogipep-1,Neutrophil
jnohjkni-1,F2: Universal
jnolcfna-1,F2: Universal
jnonbofm-1,Mac2
jnpihegc-1,F2: Universal
jnpoafmn-1,F2: Universal
joajilad-1,F2: Universal
joapgkmp-1,F2: Universal
jociadaj-1,F2: Universal
jodnlnpc-1,LE
joedbhcg-1,LE
joenfjkh-1,LE
joepgjmo-1,Mac2
joepglih-1,F2: Universal
jofgbgmh-1,F2: Universal
jofjbilp-1,F2: Universal
jofmkmei-1,F2: Universal
jofobcoa-1,F2: Universal
jogdfedo-1,Mac2
jogephip-1,F2: Universal
jogglhme-1,F2: Universal
jogihbeg-1,F2: Universal
jogioajp-1,Mac2
jogiookb-1,Mac2
johcgnbg-1,F2: Universal
johefkpe-1,nmSchwann
johifmda-1,F2: Universal
johigfcl-1,F2: Universal
johlimbe-1,Mac2
joiddidf-1,F2: Universal
joiedbhp-1,F2: Universal
joijbchl-1,Mac2
joilpnen-1,F2: Universal
joimdjjg-1,F2: Universal
joimochl-1,nmSchwann
joinpjeg-1,F2: Universal
joipmljk-1,F2: Universal
jojaagkc-1,F2: Universal
jojjpkkj-1,F2: Universal
jojkplap-1,F2: Universal
joklfboj-1,F2: Universal
joklkocc-1,F2: Universal
jolbdkof-1,F2: Universal
jolcgfhd-1,F2: Universal
jolfplnm-1,Mast cell
jolhkcin-1,F2: Universal
jolienkl-1,F2: Universal
jollpkop-1,Mac2
jolnfbhc-1,F2: Universal
jomblimp-1,F2: Universal
jomhpefl-1,Pericyte1
jonegdif-1,F2: Universal
jonimggj-1,Mac2
jonkbphd-1,F2: Universal
jopcccne-1,F2: Universal
jopcoila-1,F2: Universal
jopddepf-1,F2: Universal
jopijacl-1,F2: Universal
jpajpemn-1,F2: Universal
jpalenff-1,F2: Universal
jpaojohk-1,F2: Universal
jpbaeoio-1,F2: Universal
jpbcjbeg-1,F2: Universal
jpbeoipk-1,Mac2
jpbhpfda-1,F2: Universal
jpbkhlmn-1,F2: Universal
jpbodlck-1,F2: Universal
jpbpeipa-1,Mac2
jpcbkpkc-1,F2: Universal
jpceiedg-1,F2: Universal
jpclglom-1,F2: Universal
jpcmdeok-1,F2: Universal
jpebnblj-1,F2: Universal
jpecnheh-1,Mac2
jpedofpp-1,F2: Universal
jpegokln-1,Mac2
jpekppan-1,F2: Universal
jpempbih-1,F2: Universal
jpfddngk-1,F2: Universal
jpfdfbma-1,F2: Universal
jpgbilkp-1,F2: Universal
jphimgpj-1,F2: Universal
jphjabhp-1,F2: Universal
jphledee-1,F2: Universal
jphlkech-1,F2: Universal
jphpapfe-1,F2: Universal
jpiaekie-1,F2: Universal
jpicjkef-1,F2: Universal
jpidpgna-1,F2: Universal
jpijjojh-1,F2: Universal
jpipcdca-1,F2: Universal
jpjbhopo-1,F2: Universal
jpjbnjnj-1,F2: Universal
jpjhgkpn-1,F2: Universal
jpjibnna-1,Mast cell
jpkchpff-1,F2: Universal
jpkgkead-1,F2: Universal
jpkndbgd-1,F2: Universal
jplblhjn-1,F2: Universal
jplednnf-1,F2: Universal
jplhammp-1,F2: Universal
jpljbnhc-1,F2: Universal
jplmmdno-1,F2: Universal
jpmanjfa-1,Mast cell
jpmbjkbo-1,F2/3: Perivascular
jpmfemhi-1,F2: Universal
jpmffpcc-1,VE3_Ven
jpmilhoa-1,VE4_Cap
jpnadeid-1,F2: Universal
jpnaeejb-1,F2: Universal
jpnafobn-1,Pericyte1
jpndaipa-1,F2: Universal
jpoafpnc-1,F2: Universal
jpoaplhb-1,Mac2
jpoefcak-1,F2: Universal
jpofeojl-1,Mac2
jpoiicmc-1,F2: Universal
jppbfokj-1,F2: Universal
jppcklie-1,F2: Universal
jppdcene-1,F2: Universal
jppiapej-1,F2: Universal
jppibofd-1,F2: Universal
kaaabieo-1,Pericyte1
kaaglngp-1,Pericyte1
kaalnppo-1,VE1_Art
kacfcjfl-1,F2: Universal
kacopklg-1,F2: Universal
kadacapb-1,F2: Universal
kadfinik-1,F2: Universal
kaeabgfp-1,F2: Universal
kaecbfad-1,Mast cell
kaeekopp-1,F2: Universal
kaeflpha-1,F2: Universal
kaeilbcp-1,Pericyte1
kaejjbmp-1,Mac2
kaffnaoa-1,Pericyte1
kafgnncd-1,F2: Universal
kafmpemi-1,F2: Universal
kafobpdd-1,F2: Universal
kagipcoe-1,Mac2
kahdhceb-1,F2: Universal
kahdmjhh-1,F2: Universal
kahemgda-1,F2: Universal
kahomdgi-1,Mac2
kahpkehk-1,F2: Universal
kaicofkm-1,F2: Universal
kaikpjjo-1,VE4_Cap
kailflhg-1,VE4_Cap
kajcpcof-1,F2: Universal
kakbnome-1,F2: Universal
kakhmahg-1,F2: Universal
kakmpmho-1,F2: Universal
kalabppl-1,F2: Universal
kalkfbkg-1,F2: Universal
kalpabml-1,F2: Universal
kamfhkfp-1,Mac2
kanajiid-1,F2: Universal
kancacmi-1,F2: Universal
kancjapg-1,F2: Universal
kanclacd-1,F2: Universal
kangpakj-1,F2: Universal
kanjgicl-1,F2: Universal
kanjmohp-1,F2: Universal
kanloboj-1,F2: Universal
kaoghffo-1,F2: Universal
kaogjefj-1,F2: Universal
kapekgia-1,F2: Universal
kapmdnba-1,F2: Universal
kbaagcga-1,F2: Universal
kbabcohk-1,F2: Universal
kbabpeip-1,F2: Universal
kbaccali-1,F2: Universal
kbafggha-1,Mac2
kbapohog-1,T
kbbaooem-1,F2/3: Perivascular
kbbbggkd-1,F2: Universal
kbbbicbj-1,F2: Universal
kbbdgggc-1,Mac2
kbbhalgh-1,VE1_Art
kbbihkof-1,Pericyte1
kbcgjjep-1,Pericyte1
kbchhhbd-1,VE1_Art
kbcifkld-1,Pericyte1
kbddghpd-1,F2: Universal
kbdnkfei-1,Mac2
kbecepai-1,F2: Universal
kbemehbp-1,Mast cell
kbepkebh-1,F2/3: Perivascular
kbfahhdo-1,Mac2
kbfakmlc-1,F2: Universal
kbfbahpp-1,Pericyte1
kbfbldod-1,VE3_Ven
kbffkjcl-1,Mast cell
kbfjkgfa-1,F2: Universal
kbfjpcbp-1,F2/3: Perivascular
kbgcbgil-1,T
kbgehdic-1,F2: Universal
kbhicihk-1,F2: Universal
kbhikdam-1,F2: Universal
kbhlenoc-1,Mac2
kbhpndgp-1,F2: Universal
kbichkdg-1,F2: Universal
kbifgkje-1,F2: Universal
kbionign-1,F2: Universal
kbjdpalp-1,F2: Universal
kbjffmgm-1,F2: Universal
kbjfianl-1,Mac2
kbjgjhdk-1,F2: Universal
kbjkgdec-1,F2: Universal
kbjkhgdd-1,F2: Universal
kbkeppgg-1,F2: Universal
kbkifali-1,VE1_Art
kblailab-1,F3: FRC-like
kblalolh-1,Th
kblffjko-1,VE1_Art
kbliokfc-1,F2/3: Perivascular
kblmclfp-1,F3: FRC-like
kblnajke-1,Th
kbloomkm-1,VE1_Art
kbmhmepb-1,F2/3: Perivascular
kbmimlhb-1,Pericyte1
kbmlhjfg-1,Pericyte1
kbndbgmo-1,Pericyte1
kbnggobn-1,Pericyte1
kbnkiaie-1,F2: Universal
kbofdeim-1,F5: RAMP1+
kbomddne-1,F2: Universal
kbpaccbc-1,F2: Universal
kbpapcna-1,F2: Universal
kbpddipc-1,F2: Universal
kbpekhha-1,F2: Universal
kbpgllne-1,F2: Universal
kbpmaekc-1,F2: Universal
kbppgcok-1,F2: Universal
kcahheka-1,Mac2
kcaiokmj-1,F2: Universal
kcaklgbg-1,F2: Universal
kcbfkaap-1,F2: Universal
kcbgpfjc-1,F2: Universal
kcbhancn-1,F2: Universal
kcbodioa-1,F2/3: Perivascular
kccbcibi-1,Treg
kcccmogj-1,F2: Universal
kccjlpnl-1,F2: Universal
kccjpghc-1,LE
kcckjakk-1,Th
kccnopfp-1,Pericyte1
kccogadj-1,LE
kcdabdpi-1,Pericyte2_VSMC
kcdbhmff-1,LE
kcdccppi-1,Pericyte1
kcddpjdj-1,Pericyte1
kcdekgij-1,LE
kcdelgil-1,F2/3: Perivascular
kcdemkha-1,F3: FRC-like
kcdgliop-1,VE4_Cap
kcdncdoi-1,LE
kcdpifmh-1,LE
kcecmicc-1,cDC2: MMP12hi
kceefeff-1,Mast cell
kcehgifp-1,Mast cell
kceigmde-1,Mac2
kcejgmel-1,Th
kceklgfg-1,F2: Universal
kceljmkh-1,F2: Universal
kcfbdhid-1,F2/3: Perivascular
kcfkodcf-1,Mast cell
kcfmphng-1,Pericyte1
kcfopane-1,Treg
kcgcppmc-1,T
kcgdmebj-1,F5: NGFR+
kcgejjgf-1,nmSchwann
kcggfmig-1,nmSchwann
kcgilhci-1,LE
kcgmlojj-1,mSchwann
kchadaom-1,Pericyte1
kchdoamj-1,F5: NGFR+
kchgmgbg-1,F5: NGFR+
kcieodoi-1,F3: FRC-like
kcihamlp-1,nmSchwann
kcihclkh-1,F3: FRC-like
kcjejodk-1,F2/3: Perivascular
kcjhhgio-1,Pericyte1
kcjkcfpj-1,Pericyte1
kcjofhpp-1,F5: NGFR+
kcjpnafo-1,VE3_Ven
kckaoaoe-1,VE3_Ven
kckdakkm-1,Pericyte1
kckfgncp-1,F2/3: Perivascular
kckhihhp-1,F2/3: Perivascular
kckhlnfh-1,LE
kckikplg-1,LE
kckljfdk-1,Mast cell
kckoaaho-1,F5: NGFR+
kclhmekg-1,nmSchwann
kclknpfl-1,Mac2
kcmgncac-1,LE
kcmifefl-1,F3: FRC-like
kcmomeog-1,LE
kcnbbofe-1,LE
kcnidmcm-1,VE4_Cap
kcnpjnbo-1,F2: Universal
kcoepjjn-1,F2: Universal
kcoheioj-1,F2: Universal
kcoinpcf-1,F2: Universal
kcojkole-1,F2: Universal
kcpeabmk-1,F2: Universal
kcpfaobl-1,F2: Universal
kcpgkkeo-1,Pericyte1
kcplbdfg-1,Mac2
kcplcbbg-1,F2: Universal
kcpmknbp-1,F2: Universal
kcpnlefd-1,F2: Universal
kdadbmom-1,F2: Universal
kdajcgnf-1,F2: Universal
kdakmnee-1,F2: Universal
kdblmnoe-1,F2: Universal
kdbmadfj-1,F2: Universal
kdbmdjmd-1,F2: Universal
kdceefgl-1,F2: Universal
kdcjejcd-1,F2: Universal
kdcjjkdm-1,F2: Universal
kddmpmil-1,F2: Universal
kdeamkbj-1,Mac2
kdeckbed-1,F2: Universal
kdefnfok-1,Mac2
kdegjdpk-1,F2: Universal
kdeokgac-1,F2: Universal
kdfgelak-1,F2: Universal
kdfjpcne-1,F2: Universal
kdfkhjmk-1,F2: Universal
kdfllfgp-1,F2: Universal
kdgbjgoj-1,Mac2
kdgdddfh-1,F2: Universal
kdgenibi-1,F2: Universal
kdglclhb-1,F2: Universal
kdhclffg-1,F2: Universal
kdhieacm-1,F2: Universal
kdhjhnpi-1,F2: Universal
kdiageae-1,F2: Universal
kdialobh-1,F2: Universal
kdiccfao-1,F2: Universal
kdiijjkj-1,F2: Universal
kdijclnm-1,F2: Universal
kdijgaaj-1,F2: Universal
kdinheae-1,Mac2
kdkahcll-1,F2/3: Perivascular
kdkgiifn-1,F2: Universal
kdkgpnde-1,LE
kdliccdh-1,LE
kdljjodj-1,Mac2
kdlmfgeh-1,Pericyte1
kdmaflgp-1,LE
kdmbdbmc-1,F2: Universal
kdmdlkpl-1,F2: Universal
kdmibpdf-1,F2: Universal
kdndgkal-1,F2: Universal
kdnefdob-1,F2: Universal
kdnkehef-1,F2: Universal
kdodecdh-1,F2: Universal
kdogdegd-1,F2: Universal
kdoonoop-1,F2: Universal
kdpffocl-1,F2: Universal
kdphfhnm-1,F2/3: Perivascular
keabhffm-1,Mac2
keacomfe-1,Pericyte1
keaheneg-1,VE3_Ven
keaodloh-1,VE3_Ven
kebgmfle-1,VE3_Ven
kebmalpk-1,VE3_Ven
kecdnihl-1,Pericyte1
kecejanh-1,VE3_Ven
kecfldie-1,VE3_Ven
kecjkffc-1,F2/3: Perivascular
kecmnjfg-1,F2/3: Perivascular
kecmpnbi-1,Smooth muscle
kecplcch-1,F2: Universal
kedbbfej-1,VE4_Cap
kedbilfm-1,F2: Universal
kedecehb-1,Mast cell
kedepmhg-1,Pericyte2_VSMC
kedmhbin-1,F2/3: Perivascular
kednidin-1,Mast cell
kedobage-1,Th
keebbnpa-1,Mac2
keebdbnh-1,F3: FRC-like
keefnlbn-1,F2/3: Perivascular
keehepmb-1,VE1_Art
keelmelk-1,Pericyte1
keenlegh-1,Mast cell
kefbajcc-1,F2/3: Perivascular
kefdckec-1,F2/3: Perivascular
kefenokk-1,LE
kefgppjd-1,F2: Universal
kefjpkhl-1,F5: RAMP1+
keggbonf-1,F2/3: Perivascular
kehdjhka-1,F5: RAMP1+
kehelbeh-1,F2: Universal
kehldolf-1,Sweat gland
keibjcmd-1,Sweat gland Myoepithelial
keidihen-1,Sweat gland
keieoaki-1,nmSchwann
keihpkeb-1,nmSchwann
keikheaf-1,F5: RAMP1+
keikognc-1,Sweat gland
kejekmob-1,Sweat gland
kejhpmpe-1,F5: RAMP1+
kejkfagk-1,Sweat gland
kekapgon-1,Sweat gland Myoepithelial
kekbhckm-1,Sweat gland
kekclkeo-1,Sweat gland
kekmdgld-1,Sweat gland
kekmpdhm-1,F5: RAMP1+
kelchlml-1,Sweat gland
kelgdlnn-1,nmSchwann
kelhfhck-1,Sweat gland Myoepithelial
kelhnlfe-1,Sweat gland
kelkdfjh-1,Sweat gland
kelknifi-1,Sweat gland
keloajch-1,Sweat gland
kemaifik-1,Sweat gland
kemjpdni-1,Sweat gland
kenbdggi-1,F5: RAMP1+
kenbplmi-1,F5: RAMP1+
kenejpke-1,F5: RAMP1+
keodbkof-1,F5: RAMP1+
keoedpeh-1,nmSchwann
keohafap-1,nmSchwann
keokaoig-1,F5: RAMP1+
keokoioa-1,Sweat gland Myoepithelial
keollgoi-1,Sweat gland
keomnnbo-1,Sweat gland
kepbaoeo-1,Sweat gland
kepflboo-1,Sweat gland
keplidno-1,Sweat gland
kepnfpmf-1,F5: RAMP1+
kfaangcc-1,F5: RAMP1+
kfadlaem-1,nmSchwann
kfaigkcj-1,F5: RAMP1+
kfakbana-1,F5: RAMP1+
kfalfobi-1,F5: RAMP1+
kfambgll-1,Sweat gland Myoepithelial
kfapahaf-1,Sweat gland Myoepithelial
kfaplfie-1,Sweat gland
kfbbnkfk-1,F2/3: Perivascular
kfcajkgf-1,Sweat gland
kfccgaci-1,Pericyte1
kfchdjai-1,F2/3: Perivascular
kfcipial-1,VE4_Cap
kfcjofji-1,VE4_Cap
kfcmbacn-1,VE4_Cap
kfdbhphm-1,Sweat gland
kfdhonia-1,Sweat gland
kfdjicno-1,Sweat gland
kfdkjead-1,Sweat gland
kfdmgmkl-1,Sweat gland
kfeejeeh-1,Sweat gland Myoepithelial
kfegohod-1,Sweat gland
kfeibifh-1,Sweat gland
kfemhemo-1,Sweat gland Myoepithelial
kffcnbfb-1,Sweat gland
kffdccki-1,Sweat gland
kffhpobb-1,Sweat gland
kffnfdmm-1,Sweat gland
kfgcicpm-1,Sweat gland
kfgjbbfo-1,Sweat gland
kfgkbbhi-1,Sweat gland
kfgpbcpd-1,Sweat gland
kfhaljnm-1,Sweat gland
kfhbenpe-1,Sweat gland Myoepithelial
kfhbkled-1,Sweat gland
kfhbllgd-1,Sweat gland
kfhcfoan-1,Sweat gland
kfhcoape-1,Sweat gland
kfhfpeic-1,Sweat gland
kfhimlao-1,Sweat gland
kfhjcnja-1,Sweat gland Myoepithelial
kfhjeegi-1,Sweat gland
kfhkgmnl-1,Sweat gland
kfidjpej-1,Sweat gland
kfiefohh-1,Sweat gland
kfilnihc-1,Sweat gland
kfjelhmp-1,VE4_Cap
kfjnceig-1,Sweat gland
kfkfcihf-1,Sweat gland
kfkpahnh-1,Sweat gland
kflfagpd-1,Sweat gland Myoepithelial
kflfjeij-1,Sweat gland
kflkemoa-1,Sweat gland
kfmaicdj-1,Sweat gland
kfmeecfj-1,F5: RAMP1+
kfmeoadi-1,Sweat gland
kfmgdemd-1,Sweat gland
kfmgjbem-1,Sweat gland
kfmidaoo-1,Sweat gland
kfmphhhf-1,Sweat gland
kfnaigoh-1,Sweat gland
kfncceoo-1,Sweat gland
kfnhnacb-1,Sweat gland
kfnihcka-1,Sweat gland
kfnjalid-1,Sweat gland
kfocjhkb-1,Sweat gland
kfoclchg-1,Sweat gland
kfodddcf-1,Mac2
kfoffjia-1,Sweat gland Myoepithelial
kfoldbfm-1,Sweat gland
kfoohnko-1,Sweat gland
kfpbhgjk-1,Sweat gland
kfpcmope-1,Sweat gland
kfpdpkap-1,VE4_Cap
kfpiplbf-1,nmSchwann
kgabichk-1,F2/3: Perivascular
kgadebbd-1,F2/3: Perivascular
kgaefmjd-1,VE4_Cap
kgafiono-1,Sweat gland
kgalggfp-1,Sweat gland
kgbaalln-1,Sweat gland Myoepithelial
kgbcimca-1,VE4_Cap
kgbfhdff-1,Sweat gland
kgbfinlh-1,VE4_Cap
kgbjmcnf-1,F5: RAMP1+
kgbooedh-1,Sweat gland
kgbpjcgc-1,nmSchwann
kgccbkbg-1,Sweat gland
kgcibpdf-1,Sweat gland
kgclgipb-1,VE4_Cap
kgcnimja-1,Pericyte1
kgcnkmno-1,Adipocyte
kgdgpkie-1,Sweat gland
kgdhccgm-1,Sweat gland
kgdndgpo-1,Sweat gland
kgeafphc-1,Sweat gland
kgealhfo-1,Adipocyte
kgegkhcl-1,Sweat gland
kgejepfn-1,F5: RAMP1+
kgflcajh-1,Sweat gland
kggcpndo-1,Sweat gland
kgggfikk-1,Sweat gland
kghcepmd-1,Sweat gland
kghfgned-1,Sweat gland
kghghlfd-1,Sweat gland
kghphabm-1,Sweat gland
kgifoohc-1,Sweat gland
kgihpcnn-1,Sweat gland
kgimacjg-1,nmSchwann
kgipgmfa-1,nmSchwann
kgjafife-1,F5: RAMP1+
kgjbicbe-1,F5: RAMP1+
kgjjbfmj-1,Sweat gland
kgjjjabo-1,F2: Universal
kgjjkpin-1,nmSchwann
kgjnpdme-1,F5: RAMP1+
kgkblocn-1,nmSchwann
kgkfnibc-1,F5: RAMP1+
kgkjejak-1,Sweat gland
kgkldlgd-1,Sweat gland
kgkljjgg-1,Sweat gland
kgkpmgom-1,Sweat gland Myoepithelial
kglclalc-1,Sweat gland
kglkfjai-1,Sweat gland
kglmaeif-1,VE4_Cap
kglmhmoc-1,F5: RAMP1+
kglnhoae-1,F5: RAMP1+
kglomfic-1,Sweat gland
kglomomh-1,Sweat gland
kgmbdhdo-1,Sweat gland
kgmbppga-1,nmSchwann
kgmcmomp-1,nmSchwann
kgmijddn-1,Sweat gland
kgmillem-1,Sweat gland
kgmlmokp-1,Sweat gland Myoepithelial
kgmmcfaa-1,Sweat gland
kgmpafef-1,F5: RAMP1+
kgnbmmja-1,Sweat gland
kgncclcd-1,Sweat gland
kgneffil-1,Sweat gland
kgnelfgo-1,Sweat gland
kgngkmhl-1,Sweat gland
kgnjcobj-1,Sweat gland
kgnnefnf-1,Sweat gland Myoepithelial
kgnodkgf-1,Sweat gland Myoepithelial
kgoifegf-1,Sweat gland
kgojljnp-1,VE4_Cap
kgokpbkm-1,VE4_Cap
kgpdahhj-1,Sweat gland
kgpefehp-1,Sweat gland
kgpgpfkl-1,Sweat gland
kgpocbjm-1,Sweat gland
khafcepm-1,Sweat gland Myoepithelial
khakjfnc-1,Sweat gland
khbanhip-1,Sweat gland
khbdbgjd-1,F2/3: Perivascular
khbekhhi-1,Sweat gland
khbjhegf-1,Sweat gland
khcaanag-1,F5: RAMP1+
khcbfahn-1,Sweat gland
khcfmgdc-1,Sweat gland channel outer
khcjpekc-1,F2: Universal
khcpnoac-1,F2: Universal
khedglek-1,F2: Universal
khejaonp-1,Sweat gland channel outer
khfccbbm-1,F5: NGFR+
khfeglfc-1,F2/3: Perivascular
khfgddao-1,Sweat gland channel outer
khfgjokj-1,Sweat gland channel outer
khfjhmco-1,Sweat gland channel outer
khfjpmgk-1,Pericyte1
khfldape-1,F5: RAMP1+
khfljdng-1,F2: Universal
khgmonjg-1,VE3_Ven
khgnbbmf-1,Pericyte2_VSMC
khgpceko-1,VE3_Ven
khhkapcb-1,Pericyte1
khhmggob-1,Smooth muscle
khhnpeak-1,VE3_Ven
khhoehed-1,Smooth muscle
khhpbigi-1,Smooth muscle
khipboji-1,Adipocyte
khjajdjj-1,Smooth muscle
khjbkjci-1,Pericyte1
khjdbmkc-1,Smooth muscle
khjfblpl-1,Pericyte2_VSMC
khjkhglj-1,VE3_Ven
khjnijip-1,VE3_Ven
khlampdb-1,Pericyte1
khlbchfm-1,F2/3: Perivascular
khlpdnhh-1,Smooth muscle
khmckolg-1,Smooth muscle
khmkgdkp-1,Smooth muscle
khmknoai-1,Smooth muscle
khmpbpib-1,Smooth muscle
khnajifg-1,VE3_Ven
khnbidob-1,Smooth muscle
khngcagj-1,Smooth muscle
khnkcjoa-1,F2: Universal
khnlifag-1,F2/3: Perivascular
khocpfge-1,Tc3_IFNGhi
khokipco-1,Adipocyte
khonmanf-1,Smooth muscle
kiabbjck-1,F2: Universal
kiafffoe-1,Pericyte1
kibnpekf-1,VE4_Cap
kicaimaf-1,Pericyte1
kiccmhck-1,Pericyte1
kicjmjkl-1,F2: Universal
kicmmnph-1,Pericyte1
kidahhig-1,Pericyte1
kidilhdp-1,VE4_Cap
kidnooil-1,F2: Universal
kifdhfbg-1,F2: Universal
kifhmabn-1,Sweat gland channel inner
kifjjobn-1,Sweat gland channel inner
kifkhpof-1,Sweat gland channel inner
kigkbdjm-1,Sweat gland channel outer
kihakbij-1,F2: Universal
kihbjpck-1,Sweat gland channel outer
kihcjbhd-1,Sweat gland channel inner
kihcjeno-1,Sweat gland channel outer
kihckjhp-1,F5: RAMP1+
kihiponb-1,Sweat gland channel outer
kihnddcc-1,Sweat gland channel outer
kihoinan-1,Pericyte1
kihpimem-1,F5: RAMP1+
kiiclnge-1,VE1_Art
kiihmbfe-1,Pericyte1
kiimalmo-1,Sweat gland channel inner
kiinnndi-1,Sweat gland channel outer
kiioljdd-1,Sweat gland channel inner
kijdgjjf-1,Sweat gland channel inner
kijeibje-1,Sweat gland channel outer
kijfcfoj-1,F5: RAMP1+
kijmnano-1,F5: RAMP1+
kijngacp-1,Sweat gland channel outer
kikapemp-1,Sweat gland channel outer
kikepkpm-1,Sweat gland channel inner
kikghddb-1,Sweat gland channel inner
kikklfje-1,Sweat gland channel inner
kikmjjcn-1,Sweat gland channel outer
kilcjcod-1,Sweat gland channel outer
kilefica-1,Sweat gland channel outer
kilgpgbg-1,F3: FRC-like
kiljmmeg-1,Sweat gland channel outer
kilmjfhp-1,F5: RAMP1+
kimcbfgf-1,Sweat gland channel outer
kimdlmjn-1,Sweat gland channel outer
kimghffp-1,Sweat gland channel inner
kimhbkja-1,Sweat gland channel inner
kimlegnd-1,Sweat gland channel outer
kinajbjn-1,Sweat gland channel inner
kinakeak-1,Sweat gland channel outer
kinbddgh-1,Sweat gland channel outer
kinbfdnd-1,Sweat gland channel outer
kindckpi-1,Sweat gland
kinpepao-1,Sweat gland
kiobclpc-1,Sweat gland
kiodgadm-1,Sweat gland Myoepithelial
kiogaoeh-1,nmSchwann
kioijlhk-1,F5: RAMP1+
kipckfnb-1,F5: RAMP1+
kipcmmhk-1,Sweat gland Myoepithelial
kipeigoo-1,nmSchwann
kjaalgpl-1,Sweat gland
kjabojlf-1,nmSchwann
kjaclnga-1,Sweat gland channel inner
kjafhbli-1,Sweat gland channel inner
kjagoimb-1,Sweat gland channel inner
kjahdfaa-1,Sweat gland channel outer
kjapghge-1,Sweat gland channel outer
kjbdheaj-1,Sweat gland channel outer
kjbhknic-1,Sweat gland channel inner
kjbncfpd-1,Sweat gland channel outer
kjbpnbdb-1,Sweat gland channel inner
kjcdoocc-1,Sweat gland channel outer
kjcecggg-1,VE4_Cap
kjceenkg-1,cDC2
kjcnkdbp-1,Sweat gland channel outer
kjdbldnk-1,F5: RAMP1+
kjdbmnop-1,F5: RAMP1+
kjdcngoc-1,Sweat gland
kjddkppb-1,F2/3: Perivascular
kjdhcopa-1,VE4_Cap
kjdmjaah-1,VE4_Cap
kjdpjmpg-1,Pericyte1
kjeaogkn-1,Sweat gland channel outer
kjebdcmm-1,Sweat gland channel inner
kjebibco-1,Sweat gland channel outer
kjeiaape-1,Pericyte1
kjeiifnm-1,Sweat gland
kjemgolm-1,Sweat gland
kjfeonab-1,Sweat gland
kjfpfbgm-1,Sweat gland
kjgccfjl-1,Sweat gland channel outer
kjgfldjm-1,Sweat gland channel inner
kjghhden-1,Sweat gland channel inner
kjghjcjn-1,F2/3: Perivascular
kjgikccd-1,Sweat gland channel outer
kjgikmif-1,F5: RAMP1+
kjgkfkkf-1,Sweat gland
kjglhabj-1,Sweat gland Myoepithelial
kjglllnc-1,Sweat gland Myoepithelial
kjhbkkbn-1,Sweat gland Myoepithelial
kjheghio-1,Sweat gland
kjhfoafn-1,Sweat gland
kjiainpa-1,Sweat gland Myoepithelial
kjioaamb-1,Sweat gland channel inner
kjiocbei-1,Sweat gland channel outer
kjjcignd-1,Sweat gland channel outer
kjjfidja-1,Sweat gland channel inner
kjjfijom-1,Sweat gland channel outer
kjjhgfkb-1,F5: RAMP1+
kjkajoig-1,Sweat gland channel outer
kjkcdkdm-1,F3: FRC-like
kjkjknig-1,Sweat gland channel outer
kjlacjon-1,Sweat gland channel outer
kjlkalba-1,Pericyte1
kjlldbei-1,Pericyte1
kjlnkacd-1,Sweat gland channel outer
kjlnlpke-1,F1: Superficial
kjlogjkk-1,F2/3: Perivascular
kjmnebal-1,F2/3: Perivascular
kjmomhjn-1,Sweat gland Myoepithelial
kjnahecm-1,Sweat gland
kjnniiho-1,Sweat gland
kjnpmhfg-1,F5: RAMP1+
kjodgpff-1,nmSchwann
kjojijnp-1,F2/3: Perivascular
kjokfadm-1,Sweat gland Myoepithelial
kjokimen-1,Sweat gland Myoepithelial
kjpecgdc-1,Sweat gland
kjpehpgh-1,nmSchwann
kjpigcef-1,Sweat gland channel inner
kkagpoam-1,Sweat gland channel outer
kkakkggi-1,Sweat gland channel outer
kkbcllcl-1,Sweat gland channel inner
kkbojnpn-1,VE4_Cap
kkbpolkh-1,VE3_Ven
kkcdgnnf-1,Pericyte1
kkcfdlaa-1,VE3_Ven
kkcgnpgi-1,F5: RAMP1+
kkckgiie-1,Pericyte1
kkcojcpn-1,Pericyte1
kkdafneb-1,VE3_Ven
kkddijme-1,Pericyte1
kkdflefb-1,Sweat gland channel outer
kkdgglkk-1,Sweat gland channel outer
kkebckhp-1,Sweat gland channel outer
kkecjjgp-1,Sweat gland channel inner
kkedcbmf-1,Sweat gland channel outer
kkeifcac-1,F5: RAMP1+
kkeonfmb-1,VE4_Cap
kkfjhlpf-1,F2/3: Perivascular
kkflmbgl-1,Pericyte1
kkfnmboe-1,Pericyte1
kkfpmbpi-1,Sweat gland channel outer
kkgbaphd-1,Sweat gland channel inner
kkgcnmao-1,Sweat gland channel outer
kkgehikk-1,Sweat gland channel outer
kkgijfja-1,F2/3: Perivascular
kkgkdkad-1,Pericyte1
kkgknpme-1,Pericyte1
kkhhogel-1,Pericyte1
kkhifpfj-1,VE3_Ven
kkihelbf-1,Sweat gland channel outer
kkiiagdp-1,Sweat gland channel outer
kkiiboln-1,F5: RAMP1+
kkiikaag-1,Sweat gland channel inner
kkiobldm-1,Sweat gland channel outer
kkjbgaoe-1,Sweat gland channel inner
kkjbpife-1,Sweat gland channel outer
kkjflfip-1,Sweat gland channel inner
kkjhdipk-1,Sweat gland channel inner
kkjlgibl-1,Sweat gland channel outer
kkkcakel-1,Sweat gland channel outer
kkkhcppg-1,Sweat gland channel outer
kkkkhhed-1,Sweat gland channel outer
kkkohclj-1,Sweat gland channel outer
kklaiomf-1,Sweat gland channel outer
kklbaekk-1,Sweat gland channel outer
kkleiaej-1,F2/3: Perivascular
kklhbpgn-1,Mac2
kklkagef-1,Mast cell
kklkdpol-1,VE4_Cap
kklofone-1,VE3_Ven
kkmabkej-1,F2/3: Perivascular
kkmkddbk-1,VE4_Cap
kkmkljeg-1,VE4_Cap
kkncldkf-1,VE4_Cap
kkndgefk-1,VE4_Cap
kkndiohb-1,F2/3: Perivascular
kknjjdep-1,F5: RAMP1+
kknomced-1,Sweat gland channel outer
kkodojog-1,Sweat gland channel outer
kkohigie-1,Sweat gland channel outer
kkphcpmh-1,Sweat gland channel outer
kkphggko-1,Sweat gland channel outer
kkpjjkkn-1,Sweat gland channel inner
kkpmaajh-1,Pericyte1
kkpognka-1,Sweat gland channel outer
klaefida-1,Sweat gland channel outer
klaenmkd-1,VE3_Ven
klagllmg-1,VE4_Cap
klakdahn-1,F2: Universal
klaomjok-1,VE3_Ven
klbcmleg-1,VE3_Ven
klcecabg-1,Sweat gland channel outer
klcikkop-1,Sweat gland channel outer
klcindbh-1,Sweat gland channel outer
klckomff-1,Sweat gland channel outer
klcmghmn-1,Sweat gland channel inner
kldppdpp-1,F2: Universal
kledppec-1,F2: Universal
kleeedjl-1,F2: Universal
kleefibk-1,T
klfdipce-1,LE
klfihjgb-1,Mac2
klfmhgnh-1,F2: Universal
klgbiaph-1,F2: Universal
klgeifne-1,F2: Universal
klggmgbn-1,F2: Universal
klgkjhln-1,F2: Universal
klgkmjmj-1,F2: Universal
klhhcgog-1,F2: Universal
klicnmec-1,Pericyte1
klkibgpa-1,Pericyte1
klldpflb-1,VE3_Ven
klmcpedi-1,F2: Universal
klmjgfka-1,F2: Universal
klnageae-1,F2: Universal
klnhjgck-1,F2: Universal
klnhlldm-1,Adipocyte
klnkkile-1,VE4_Cap
klnopkbj-1,VE1_Art
klomajeg-1,Pericyte1
klpannng-1,F2/3: Perivascular
klpjpfia-1,F5: RAMP1+
klpnilam-1,Pericyte1
klppaoho-1,Sweat gland channel outer
kmahhhle-1,Pericyte1
kmaiajlp-1,VE3_Ven
kmajbkhb-1,Pericyte1
kmanajhk-1,F2/3: Perivascular
kmapecoe-1,Sweat gland channel inner
kmbafmfj-1,Sweat gland channel inner
kmbfjdom-1,Sweat gland channel outer
kmbgcapn-1,Sweat gland channel outer
kmbielaf-1,Sweat gland channel outer
kmbmiele-1,Sweat gland channel outer
kmbpnlof-1,Sweat gland channel inner
kmcajaii-1,Sweat gland channel inner
kmcbaebj-1,Sweat gland channel outer
kmcdfkmb-1,F5: RAMP1+
kmcepohc-1,Sweat gland channel outer
kmchobpl-1,Sweat gland channel outer
kmckdggn-1,Sweat gland channel outer
kmcmoenf-1,Sweat gland channel inner
kmcmpkoc-1,Sweat gland channel inner
kmdfjjic-1,Sweat gland channel inner
kmdipmak-1,Sweat gland Myoepithelial
kmdlbfga-1,Sweat gland
kmdlbkcl-1,Sweat gland
kmecdpoe-1,Sweat gland
kmegnabm-1,F5: RAMP1+
kmepkocc-1,Sweat gland Myoepithelial
kmfdfoha-1,Sweat gland
kmfeekle-1,Pericyte1
kmfhdjng-1,Sweat gland
kmfkeibb-1,Sweat gland Myoepithelial
kmgdhmid-1,Sweat gland
kmgicjnp-1,Sweat gland
kmgoapkl-1,F2: Universal
kmhajadi-1,F2/3: Perivascular
kmhcacjb-1,F2: Universal
kmhcepnc-1,F2/3: Perivascular
kmhcpfak-1,Mac2
kmhfnfih-1,F2: Universal
kmhhphke-1,Mac2
kmhkgkho-1,Mac2
kmhkibho-1,F2: Universal
kmifjaha-1,F2: Universal
kmioejmh-1,F2: Universal
kmjbdlcb-1,F2: Universal
kmjebiik-1,F2: Universal
kmjkhjkk-1,F2: Universal
kmjlifbn-1,F2: Universal
kmjmlhbl-1,F2: Universal
kmkaockm-1,F2: Universal
kmkbpiam-1,F2: Universal
kmkkdpmc-1,F2: Universal
kmkkfheb-1,F2: Universal
kmkolepp-1,Pericyte1
kmlhampo-1,Mac2
kmlhngek-1,F2: Universal
kmmedpjb-1,Mac2
kmmhiidj-1,Mac2
kmnbaolb-1,Pericyte1
kmnclfme-1,Pericyte1
kmneinin-1,Mac2
kmnkmfpe-1,Pericyte1
kmnlhlkl-1,Pericyte1
kmnonmal-1,F2: Universal
kmnpkilc-1,Mac2
kmobliao-1,F2/3: Perivascular
kmomijla-1,cDC2
kmpklole-1,Pericyte1
kmplppek-1,VE3_Ven
kmppabjg-1,VE4_Cap
knaocifk-1,nmSchwann
knccglkm-1,Pericyte1
kncdlhep-1,Adipocyte
kncemmmf-1,Pericyte1
kncenjbd-1,VE4_Cap
kncglage-1,F2: Universal
kncjobee-1,F2: Universal
kncmamio-1,F2: Universal
knddaaga-1,Mac2
kndocgcn-1,VE3_Ven
knebcjkm-1,VE3_Ven
knejalnc-1,Pericyte1
knemchgk-1,Pericyte1
knfhcmbk-1,T
knfofklp-1,F2: Universal
knfpnice-1,F2: Universal
kngcinef-1,Pericyte2_VSMC
kngememc-1,Pericyte2_VSMC
kngepbga-1,VE1_Art
kngkcmno-1,F2/3: Perivascular
knhckbca-1,VE1_Art
knhhncpm-1,Adipocyte
knhkmegd-1,Pericyte2_VSMC
knhlofkc-1,Pericyte2_VSMC
knicmgeb-1,Pericyte2_VSMC
knijccgh-1,Smooth muscle
knijjljh-1,VE4_Cap
knijlnbm-1,VE4_Cap
knikpmhl-1,VE4_Cap
knilbjgb-1,Adipocyte
kninamjb-1,Pericyte2_VSMC
knjajoca-1,Pericyte2_VSMC
knjkcgnb-1,VE1_Art
knjnjilo-1,Pericyte2_VSMC
knkaohkj-1,Pericyte2_VSMC
knkciefi-1,VE1_Art
knkjaeob-1,Th
knkpkkgc-1,VE4_Cap
knldfdhj-1,Mac2
knlehloo-1,Pericyte1
knlggdnp-1,VE3_Ven
knlhedon-1,Pericyte1
knmegekf-1,VE1_Art
knmejcjl-1,VE1_Art
knmhjdjm-1,VE1_Art
knmieiia-1,VE1_Art
knnibhfc-1,VE1_Art
knnkcpcg-1,F2/3: Perivascular
knnmmcld-1,Pericyte1
knohpdce-1,Pericyte1
knolbbje-1,VE4_Cap
knpakgof-1,Pericyte1
knpbgkjh-1,VE4_Cap
knpfdiba-1,VE4_Cap
knpfpdei-1,VE4_Cap
kocmfjbn-1,VE1_Art
kocodcbm-1,VE3_Ven
kocognoa-1,Pericyte1
koddljkn-1,Pericyte1
kodgfafj-1,VE3_Ven
kodhjhjg-1,VE1_Art
kodhppmo-1,Pericyte1
kodicoen-1,F2/3: Perivascular
kodmdjia-1,F2/3: Perivascular
kodninmk-1,Pericyte1
koeanmcm-1,Pericyte2_VSMC
koekpbng-1,VE1_Art
koelacff-1,VE1_Art
koemgkmb-1,Pericyte2_VSMC
koemichg-1,Pericyte2_VSMC
kofcdkbo-1,F2/3: Perivascular
koffanpe-1,Pericyte1
kofmgenm-1,Pericyte1
kofodmbp-1,Adipocyte
kogaoojf-1,Pericyte1
kogbhlhh-1,F2/3: Perivascular
koggoppm-1,VE1_Art
kogkekob-1,Pericyte2_VSMC
kogmhhmb-1,VE1_Art
kogmllfh-1,Pericyte2_VSMC
kohdofcj-1,Pericyte2_VSMC
kohendoi-1,Mast cell
kohheahm-1,Pericyte2_VSMC
kohpbcmc-1,F2: Universal
koiaiedn-1,Pericyte1
koigkepj-1,Pericyte2_VSMC
koihkbjj-1,Pericyte2_VSMC
kojabhll-1,VE1_Art
kokclpag-1,VE4_Cap
kokgkidi-1,VE3_Ven
kokobbmi-1,F2/3: Perivascular
kolddjhb-1,F2: Universal
koleclcc-1,VE3_Ven
kolelblk-1,VE4_Cap
kolghilc-1,Mast cell
komflfjf-1,VE1_Art
kommccia-1,F2/3: Perivascular
kompddip-1,F2/3: Perivascular
koneokcd-1,VE1_Art
konfjmep-1,VE1_Art
konkljcf-1,Pericyte1
konnbjed-1,Adipocyte
kookohhf-1,F2: Universal
koombihn-1,Th
kophjiod-1,ILC1
kpbjhflf-1,F2/3: Perivascular
kpcbdaco-1,VE1_Art
kpcnpoip-1,Pericyte2_VSMC
kpdljhio-1,F2/3: Perivascular
kpebgdbh-1,Pericyte2_VSMC
kpeddnop-1,Pericyte2_VSMC
kpeepdmo-1,Pericyte2_VSMC
kpefbfdj-1,F2/3: Perivascular
kpefgdcn-1,VE1_Art
kpehplld-1,VE1_Art
kpejjjan-1,VE1_Art
kpenbloh-1,Adipocyte
kpenidfj-1,VE1_Art
kpeobcdm-1,Tc1
kpepbhgo-1,Adipocyte
kpeplhoa-1,T
kpfbjcgo-1,F2/3: Perivascular
kpfeajdg-1,Adipocyte
kpfgaapo-1,F2/3: Perivascular
kpfhnfbb-1,VE1_Art
kpfhnpag-1,VE4_Cap
kpfigeko-1,Pericyte1
kpfinilp-1,F2/3: Perivascular
kpfpmnak-1,VE4_Cap
kpfpoahd-1,Mac2
kpglcgjo-1,F2: Universal
kpgolihc-1,VE4_Cap
kphaocif-1,VE1_Art
kphapdkl-1,F2/3: Perivascular
kphfmglg-1,Pericyte1
kphhclko-1,VE4_Cap
kphloaek-1,F2/3: Perivascular
kpifhooh-1,F2/3: Perivascular
kpijipfm-1,VE4_Cap
kpimcpmj-1,VE4_Cap
kpinajnp-1,Pericyte1
kpiojhel-1,Pericyte1
kpjacccc-1,F2/3: Perivascular
kpjeljbp-1,ILC3
kpkabdcj-1,F2/3: Perivascular
kpkfhgnd-1,Mac2
kpkfjgbc-1,F2: Universal
kpkjioab-1,VE3_Ven
kpkmfofp-1,VE3_Ven
kpkoigae-1,Pericyte1
kpkpgkja-1,VE4_Cap
kpljngaa-1,F2/3: Perivascular
kplnjhpn-1,F2/3: Perivascular
kpmgfbme-1,F5: RAMP1+
kpmgfdpl-1,Pericyte1
kpmidkph-1,VE4_Cap
kpmikdpe-1,F2: Universal
kpmmccif-1,Pericyte1
kpmmgapn-1,F3: FRC-like
kpmpjbib-1,Pericyte1
kpncakjh-1,Pericyte1
kpnfffbf-1,Pericyte1
kpnjmbjg-1,Pericyte1
kpnlidjk-1,Mast cell
kpnnmmkd-1,VE3_Ven
kpnobcoi-1,VE3_Ven
kpnoeeln-1,VE3_Ven
kpoapmpi-1,Pericyte1
kpobefol-1,VE3_Ven
kppbpbfn-1,F2/3: Perivascular
kppfjbhn-1,F2/3: Perivascular
kppinmah-1,F2/3: Perivascular
laadolho-1,T
laaiahko-1,Mac2
labciibg-1,Pericyte1
labhajhl-1,VE3_Ven
labojpla-1,VE3_Ven
labopcbm-1,Pericyte1
labplddm-1,VE3_Ven
lacaccef-1,VE3_Ven
lacgkgnp-1,Pericyte1
lacgpgec-1,Pericyte1
lacnigof-1,Mast cell
ladabacp-1,Mast cell
ladafpoa-1,VE3_Ven
ladajckk-1,Pericyte1
ladbdbhm-1,F2/3: Perivascular
ladmkohe-1,F2/3: Perivascular
ladodcba-1,Adipocyte
ladpofpd-1,F2/3: Perivascular
laefjiba-1,Adipocyte
laeggadn-1,F2/3: Perivascular
laekmhgd-1,VE3_Ven
laembmga-1,Pericyte1
laenamkd-1,Pericyte1
lafaijil-1,VE3_Ven
lafbacpa-1,VE3_Ven
lafdnfnn-1,Pericyte1
lagchafg-1,VE4_Cap
lagekadj-1,F2: Universal
laginjch-1,Pericyte1
lagjcdop-1,F2: Universal
lagkbbbl-1,Pericyte1
lagmibbe-1,Adipocyte
lagnnojm-1,F2/3: Perivascular
lahjdnib-1,LE
lahndboa-1,F2/3: Perivascular
lahomnah-1,Pericyte1
lahpmkei-1,Mac2
lajficmf-1,Adipocyte
lajfjano-1,F2/3: Perivascular
lajjecjf-1,F2/3: Perivascular
lakhaegg-1,VE3_Ven
lakhdnhd-1,F2/3: Perivascular
lakkhmda-1,F2/3: Perivascular
laklolbh-1,VE3_Ven
laknmlbf-1,F2/3: Perivascular
lalhgeld-1,F3: FRC-like
laljbabm-1,Mac2
lalkboom-1,F2: Universal
lalkpbhk-1,Tc0
lalmfjdk-1,cDC1
lamagnkl-1,Pericyte1
lamajabo-1,VE3_Ven
lambjgjk-1,Mac2
lamblofc-1,F2: Universal
lamclflg-1,F2/3: Perivascular
lamekdcc-1,Adipocyte
lamfdegl-1,Mac2
lamgfadd-1,VE3_Ven
lamjghbb-1,Mast cell
lamklbdm-1,F2/3: Perivascular
lampacjd-1,VE3_Ven
lanegpof-1,Sweat gland channel inner
laobdann-1,Sweat gland channel inner
laocokge-1,Sweat gland channel outer
laohcona-1,Sweat gland channel inner
laoiclie-1,Sweat gland channel outer
laomhcbm-1,F5: RAMP1+
lapcmhgl-1,VE4_Cap
lapjchpe-1,Sweat gland channel outer
lbakpbjk-1,Sweat gland channel outer
lbbehfnm-1,F2: Universal
lbbihgha-1,Sweat gland channel outer
lbbmpklm-1,F5: RAMP1+
lbbnkdmd-1,Sweat gland channel outer
lbbnobed-1,Sweat gland channel outer
lbcclamh-1,Sweat gland channel inner
lbchankd-1,Sweat gland channel outer
lbcigiio-1,Sweat gland channel outer
lbdcmdfh-1,Sweat gland channel outer
lbddgjeo-1,Pericyte1
lbdeicgc-1,Sweat gland channel outer
lbdkookp-1,VE3_Ven
lbdlghjh-1,Sweat gland channel outer
lbdlkamh-1,Sweat gland channel outer
lbeafenf-1,Sweat gland channel inner
lbeaokkb-1,Sweat gland channel outer
lbeccoje-1,Sweat gland channel outer
lbeicejb-1,Mac2
lbeipdao-1,F2/3: Perivascular
lbekffcd-1,Pericyte1
lbepenhk-1,Sweat gland channel outer
lbfaiplj-1,Sweat gland channel outer
lbfcofeh-1,Sweat gland channel outer
lbfcpjdi-1,Sweat gland channel outer
lbfdgopf-1,Sweat gland channel outer
lbfeagap-1,Sweat gland channel outer
lbfhemdi-1,Sweat gland channel outer
lbfhkoep-1,Sweat gland channel outer
lbgfjfbo-1,Sweat gland channel outer
lbgjifac-1,VE4_Cap
lbgjkloo-1,F5: RAMP1+
lbglelem-1,Sweat gland
lbhelogj-1,Sweat gland
lbicedeh-1,Sweat gland
lbidepcf-1,Sweat gland
lbihlkgg-1,Sweat gland
lbiigcnc-1,VE4_Cap
lbimldfa-1,Sweat gland Myoepithelial
lbimpiml-1,Pericyte1
lbjboolm-1,Sweat gland
lbjmeifh-1,Sweat gland
lbjofffb-1,Sweat gland Myoepithelial
lbkbabjk-1,Sweat gland
lbkholnd-1,F5: RAMP1+
lbkioofb-1,Sweat gland
lbklggdl-1,Sweat gland
lbkmjmgm-1,Sweat gland
lblaicao-1,Sweat gland
lblgbojg-1,Sweat gland
lbllbkmp-1,Sweat gland
lblnbpfg-1,Sweat gland
lbmagikp-1,Sweat gland
lbmahcbm-1,Sweat gland
lbmfegbm-1,Sweat gland
lbmkmold-1,Sweat gland
lbmmcjin-1,Sweat gland
lbmoknln-1,Pericyte1
lbmpejpb-1,nmSchwann
lbnaaoki-1,F5: RAMP1+
lbnbklaj-1,Sweat gland
lbneoigd-1,F5: RAMP1+
lbnjfpio-1,Sweat gland
lbnjnkcn-1,Sweat gland
lbnkeobg-1,Sweat gland
lbofkjlb-1,Sweat gland Myoepithelial
lbogglga-1,Sweat gland
lbpajgcc-1,VE4_Cap
lbpgjaea-1,VE3_Ven
lbpnikpn-1,nmSchwann
lbpojjhd-1,Adipocyte
lcacbble-1,F2/3: Perivascular
lcaeighn-1,Pericyte1
lcakoljo-1,Mast cell
lcapnibp-1,F5: NGFR+
lcapomhp-1,VE1_Art
lcbafpfn-1,F2/3: Perivascular
lcbbodel-1,VE1_Art
lcbgbnkp-1,VE1_Art
lcbgmnnk-1,Sweat gland channel outer
lcblnekc-1,Sweat gland channel outer
lcbmpfdd-1,Mast cell
lcbonhjb-1,F2/3: Perivascular
lccdhkjj-1,Sweat gland channel outer
lccehfii-1,F2: Universal
lcckbmif-1,F2: Universal
lcckncjj-1,Pericyte1
lcddccoa-1,VE4_Cap
lcdojakn-1,Treg
lcdphkei-1,Sweat gland channel outer
lcedffff-1,Sweat gland channel outer
lceepphi-1,F3: FRC-like
lcefeola-1,Pericyte1
lcefonac-1,VE4_Cap
lceilopf-1,F2/3: Perivascular
lcejolgj-1,Pericyte1
lcemglde-1,F5: RAMP1+
lcfdkgbh-1,F2/3: Perivascular
lcfecklo-1,Pericyte1
lcfhaonf-1,F2/3: Perivascular
lcfhpmkn-1,F2/3: Perivascular
lcfihkal-1,F5: RAMP1+
lcfiphdp-1,F2/3: Perivascular
lcfohpko-1,Pericyte1
lcgdbjid-1,VE4_Cap
lcgelceb-1,F1: Superficial
lcgmapmk-1,Sweat gland Myoepithelial
lcgopgfa-1,Sweat gland
lchdndei-1,Sweat gland
lchfgnaj-1,VE4_Cap
lchinaie-1,F5: RAMP1+
lchkiceg-1,nmSchwann
lchlgnoh-1,Sweat gland
lcilbkeb-1,Sweat gland
lcimjgin-1,Sweat gland
lcioohpn-1,Sweat gland
lcjabgbi-1,Sweat gland
lcjjbkdf-1,Sweat gland Myoepithelial
lcjomojk-1,Sweat gland
lckfmogg-1,F5: RAMP1+
lckjgkmc-1,nmSchwann
lckjifec-1,F5: RAMP1+
lclibbmb-1,Sweat gland
lcliflab-1,Sweat gland Myoepithelial
lcllmkkg-1,VE4_Cap
lcmnohie-1,Sweat gland
lcmnpdae-1,Sweat gland
lcmpoaoh-1,Sweat gland Myoepithelial
lcndlffm-1,Sweat gland
lcnkkjpo-1,Sweat gland
lcobojoo-1,Sweat gland
lcofppcg-1,Sweat gland channel outer
lcogmkje-1,Sweat gland channel outer
lcoibafc-1,Sweat gland channel outer
lcolphml-1,Sweat gland channel outer
lconjoho-1,Sweat gland channel outer
lcopnaln-1,Pericyte1
lcpejldl-1,VE1_Art
lcpeodlk-1,F2: Universal
lcplfmgl-1,F2: Universal
lcpodnee-1,F5: RAMP1+
lcpppcmi-1,F5: RAMP1+
ldafmlip-1,F2/3: Perivascular
ldafndid-1,Sweat gland channel outer
ldanaked-1,Sweat gland channel outer
ldaoadid-1,Sweat gland channel outer
ldbhcmhi-1,Sweat gland channel outer
ldbpnpnb-1,Sweat gland channel inner
ldcabfmh-1,Sweat gland channel inner
ldcbjhjm-1,Sweat gland channel inner
ldccaimb-1,Sweat gland channel outer
ldccclco-1,Adipocyte
ldcdhohk-1,Sweat gland channel outer
ldceohpl-1,Sweat gland channel outer
ldcjmfkf-1,Sweat gland channel outer
ldcppnkh-1,Sweat gland channel outer
lddbnjjj-1,F5: RAMP1+
lddfbiim-1,Adipocyte
lddfemin-1,F2: Universal
lddjmfcd-1,F2: Universal
lddofdkm-1,F2: Universal
lddpfede-1,F2: Universal
lddphnjn-1,F2: Universal
ldecchhl-1,F2: Universal
ldeijgic-1,F2: Universal
ldeimhhn-1,F2: Universal
ldekbmkb-1,F2: Universal
ldeljiam-1,F2: Universal
ldemnnne-1,F2: Universal
ldenjikb-1,F2: Universal
ldeofgig-1,F2: Universal
ldfejdpo-1,F2: Universal
ldfmnael-1,VE4_Cap
ldgckcjc-1,Pericyte1
ldggcjno-1,Pericyte1
ldginnja-1,VE4_Cap
ldhdffad-1,Adipocyte
ldhkabji-1,Adipocyte
ldhngoma-1,F2: Universal
ldiemhei-1,F2: Universal
ldiionhp-1,Sweat gland Myoepithelial
ldilbpep-1,Sweat gland
ldiliefc-1,Sweat gland
ldjadgaf-1,F2: Universal
ldjbdhdj-1,Mac2
ldjhjeod-1,F2: Universal
ldjkglal-1,F2/3: Perivascular
ldjldfbj-1,VE4_Cap
ldjmljip-1,Adipocyte
ldkcjlgo-1,Adipocyte
ldkdjjkm-1,VE4_Cap
ldknhlij-1,LE
ldldglpk-1,LE
ldlgiemh-1,Sweat gland channel outer
ldljibom-1,Sweat gland channel outer
ldmbbcmf-1,Sweat gland channel outer
ldmgijaj-1,Sweat gland channel outer
ldndophg-1,Sweat gland channel outer
ldnigkbi-1,Sweat gland channel outer
ldniidgl-1,F2: Universal
ldodmlje-1,F2: Universal
ldoeijfd-1,F2: Universal
ldokiflk-1,VE1_Art
ldomfmjl-1,VE1_Art
ldomkglj-1,VE1_Art
ldompnpm-1,VE1_Art
ldopifca-1,VE1_Art
ldpjloke-1,Sweat gland channel outer
leaajpkn-1,Sweat gland channel outer
leabmphp-1,VE3_Ven
leaemhpd-1,Sweat gland
leafhged-1,Sweat gland
leafmiki-1,Pericyte1
lebidghc-1,VE4_Cap
lebipbcn-1,F2/3: Perivascular
lebjadfo-1,VE2
lebjonga-1,Sweat gland Myoepithelial
lebkmkbd-1,F5: RAMP1+
lebnodkj-1,cDC
lebodkmo-1,Mac2
lecgpoph-1,F2/3: Perivascular
lecjhail-1,F5: RAMP1+
leclhemh-1,VE3_Ven
lecoapbn-1,VE4_Cap
ledecjkn-1,Pericyte1
leeapbgg-1,F5: RAMP1+
leedjldg-1,F5: RAMP1+
leegoioo-1,nmSchwann
leendfpg-1,nmSchwann
lefcjnai-1,Sweat gland Myoepithelial
lefdmifn-1,Sweat gland
leffenkm-1,F5: RAMP1+
lefjifgl-1,Sweat gland
lefljjkc-1,Sweat gland
lefnbcjj-1,Sweat gland
legamjhj-1,Sweat gland
legblfph-1,Sweat gland
legepikk-1,Sweat gland Myoepithelial
legmpfcm-1,Sweat gland
lehfhokf-1,F5: RAMP1+
lehlikef-1,Sweat gland
leiaojko-1,nmSchwann
leihinhe-1,F5: RAMP1+
leihmpgk-1,Sweat gland
leilcpgj-1,Sweat gland
leimdggc-1,Sweat gland
lejamnff-1,Sweat gland Myoepithelial
lejcdoab-1,nmSchwann
lejcgloe-1,F5: RAMP1+
lejebpak-1,nmSchwann
lejgcidn-1,Sweat gland
lejlfgng-1,Sweat gland
lejmkaea-1,Sweat gland
lejnpjng-1,Sweat gland Myoepithelial
lejomofe-1,Sweat gland
lejpafip-1,Sweat gland
lekidplf-1,nmSchwann
lekilnjh-1,F5: RAMP1+
lekkngdo-1,Sweat gland Myoepithelial
leklaboj-1,Sweat gland
lekoomle-1,Sweat gland
lelaooff-1,Sweat gland
lelgfcjk-1,Sweat gland
lelnekgj-1,Sweat gland
lelokmmg-1,Sweat gland Myoepithelial
lemdaljg-1,Sweat gland
lemfphck-1,Sweat gland
lenlckhe-1,Pericyte2_VSMC
lenlmknf-1,nmSchwann
leoalfke-1,Pericyte1
lepagooh-1,Sweat gland
lepbjeai-1,Sweat gland
lepcmnab-1,F5: RAMP1+
lepfoicm-1,Sweat gland
lepjjlof-1,F2/3: Perivascular
lepmegef-1,Sweat gland
lepodpei-1,Sweat gland
leppcmnf-1,Sweat gland
lfacjipi-1,Sweat gland
lfbodfgc-1,Sweat gland Myoepithelial
lfboiomf-1,Sweat gland
lfcaboco-1,Sweat gland
lfchhcll-1,Sweat gland
lfckbnon-1,Sweat gland
lfclkllm-1,Sweat gland Myoepithelial
lfdbhlbd-1,Sweat gland
lfddhpod-1,Sweat gland
lfdgcmhe-1,Sweat gland Myoepithelial
lfdgpohi-1,Sweat gland
lfdhfbma-1,Sweat gland Myoepithelial
lfdllboj-1,Sweat gland
lfeggbnc-1,nmSchwann
lffbklin-1,Adipocyte
lfffghab-1,VE4_Cap
lfgicgfi-1,Sweat gland
lfgkfpcg-1,Sweat gland
lfgndnfe-1,Sweat gland
lfhaciki-1,Sweat gland
lfhdmamh-1,Sweat gland Myoepithelial
lfheghnk-1,Sweat gland Myoepithelial
lfhfaokb-1,Sweat gland
lfhhobii-1,Sweat gland
lfhlbhme-1,Sweat gland Myoepithelial
lfhlmcnf-1,Sweat gland
lfhnjikm-1,Sweat gland
lfhnpkpf-1,Sweat gland
lfhplcli-1,Sweat gland
lfiakjep-1,Sweat gland Myoepithelial
lfibaaao-1,Sweat gland
lfiblkfd-1,Sweat gland
lfimkjob-1,Sweat gland
lfimoohg-1,Sweat gland
lfjallfm-1,Sweat gland Myoepithelial
lfjfljgi-1,Sweat gland
lfjhfaoa-1,F5: RAMP1+
lfjhjoap-1,nmSchwann
lfkeimbk-1,F2/3: Perivascular
lfkenkea-1,Sweat gland Myoepithelial
lfkgejlj-1,Sweat gland
lfkljfam-1,Sweat gland
lfknmgjj-1,Sweat gland
lfkphgpl-1,Sweat gland
lflbgpkn-1,Sweat gland Myoepithelial
lflcjocd-1,Sweat gland
lflclahf-1,Sweat gland
lflenhcd-1,VE4_Cap
lflgggha-1,F5: RAMP1+
lfljobae-1,Pericyte1
lfmaahgf-1,Sweat gland
lfmgbglk-1,Sweat gland Myoepithelial
lfmploni-1,Sweat gland
lfnambdp-1,nmSchwann
lfndfgfo-1,Sweat gland
lfoaloig-1,Sweat gland
lfojbeid-1,Sweat gland
lfoohkhp-1,Sweat gland Myoepithelial
lfoppdph-1,Sweat gland
lfpedemi-1,Sweat gland
lfpgapec-1,Sweat gland
lgaajjoo-1,Sweat gland
lgacldnm-1,Sweat gland Myoepithelial
lgafbbih-1,Sweat gland
lgakbjoj-1,Sweat gland
lgakkiea-1,Sweat gland
lgalhnop-1,Sweat gland
lgaojofn-1,Sweat gland
lgbjlljn-1,Pericyte1
lgbmlhdk-1,VE4_Cap
lgboecoo-1,F2/3: Perivascular
lgdakjmf-1,F5: RAMP1+
lgdkoene-1,Sweat gland Myoepithelial
lgdmoggh-1,F5: RAMP1+
lgeakokc-1,F5: RAMP1+
lgehglho-1,Sweat gland Myoepithelial
lgehoeon-1,Sweat gland
lgeidkbn-1,Pericyte1
lgeinben-1,F5: RAMP1+
lgeljopf-1,VE4_Cap
lgeohioc-1,VE4_Cap
lgepcojm-1,Sweat gland
lgfagfck-1,Sweat gland
lgfihjog-1,Sweat gland
lgflkien-1,Sweat gland
lgflnkkg-1,Sweat gland
lgggpobl-1,F5: RAMP1+
lggkndkd-1,Sweat gland Myoepithelial
lggohfna-1,Sweat gland
lghddmlh-1,Sweat gland
lghijgge-1,Sweat gland
lghmmami-1,Sweat gland
lghngnbm-1,Sweat gland
lghnhand-1,Sweat gland
lghpeecm-1,Sweat gland
lgilppmh-1,Sweat gland Myoepithelial
lgimlknn-1,Sweat gland
lgimoegj-1,Sweat gland
lgingehe-1,Sweat gland
lgjbkjfk-1,Sweat gland
lgjefpng-1,Sweat gland
lgjehhjl-1,Sweat gland
lgjfjmii-1,Sweat gland
lgkdgbeh-1,F2/3: Perivascular
lgkejmfd-1,Pericyte1
lgkihcki-1,VE4_Cap
lgkjcbjl-1,F5: RAMP1+
lgldkheo-1,VE4_Cap
lglefcop-1,F2/3: Perivascular
lglejoho-1,VE4_Cap
lglknckk-1,Mac2
lglljkmm-1,Pericyte1
lglloabb-1,Sweat gland
lglpjlen-1,Sweat gland
lgmbblik-1,Sweat gland
lgmkeacc-1,Sweat gland
lgmomddi-1,Sweat gland
lgmonnik-1,Sweat gland
lgmoohbf-1,Sweat gland
lgnelnjd-1,F5: RAMP1+
lgnempda-1,Sweat gland
lgnfdffp-1,Sweat gland
lgngacpd-1,Sweat gland
lgnldcmf-1,Pericyte2_VSMC
lgnneklp-1,Smooth muscle
lgopceck-1,Pericyte2_VSMC
lgpgnhmk-1,Pericyte1
lgpifoki-1,VE4_Cap
lgpjoohd-1,Pericyte1
lgppldpd-1,VE4_Cap
lhakgbfi-1,VE4_Cap
lhandckb-1,Pericyte2_VSMC
lhbcdbop-1,Pericyte2_VSMC
lhbdgnfn-1,Pericyte2_VSMC
lhbiagmd-1,VE4_Cap
lhbijnoh-1,Pericyte1
lhbimmhf-1,Pericyte1
lhbjjijh-1,Pericyte1
lhbkjmgf-1,VE4_Cap
lhcapnia-1,VE4_Cap
lhcbkgfp-1,F2/3: Perivascular
lhcdmbin-1,Pericyte1
lhcfifbc-1,Adipocyte
lhcgjnjf-1,Pericyte2_VSMC
lhdggegj-1,Pericyte2_VSMC
lhdlngjp-1,Pericyte2_VSMC
lhdlpcan-1,Pericyte2_VSMC
lhdpockp-1,F5: RAMP1+
lheabjeg-1,Sweat gland
lhecebpf-1,Sweat gland
lhehbkgf-1,Sweat gland Myoepithelial
lhehcmoj-1,Sweat gland
lhenihme-1,Sweat gland
lhepamde-1,Sweat gland
lhfeccak-1,Sweat gland
lhfkaloa-1,Sweat gland
lhgakmgn-1,Sweat gland
lhgeodgf-1,Pericyte2_VSMC
lhgfnhei-1,Pericyte2_VSMC
lhglbela-1,Pericyte2_VSMC
lhhcjbal-1,Pericyte2_VSMC
lhhjdgnc-1,Pericyte2_VSMC
lhifddbc-1,Pericyte2_VSMC
lhihjkok-1,Pericyte2_VSMC
lhiifcbl-1,Pericyte2_VSMC
lhilhbkk-1,Pericyte2_VSMC
lhinmadf-1,Pericyte2_VSMC
lhiobpok-1,Sweat gland
lhjaegbk-1,Sweat gland
lhjkinbm-1,Sweat gland Myoepithelial
lhjllolk-1,F5: RAMP1+
lhjmphmm-1,F5: RAMP1+
lhkbpgki-1,Sweat gland Myoepithelial
lhkjefop-1,Sweat gland
lhknddec-1,nmSchwann
lhlcclng-1,Pericyte2_VSMC
lhldjgda-1,Pericyte1
lhleoleb-1,Pericyte2_VSMC
lhlgbael-1,Pericyte2_VSMC
lhlidmgo-1,Pericyte2_VSMC
lhliijlg-1,Pericyte2_VSMC
lhlmdama-1,Pericyte2_VSMC
lhlmdjla-1,Pericyte2_VSMC
lhlnbmkg-1,Pericyte2_VSMC
lhmdaghk-1,Pericyte2_VSMC
lhmmhikh-1,Pericyte2_VSMC
lhmnoeih-1,Pericyte2_VSMC
lhmpafoj-1,Pericyte2_VSMC
lhnabgom-1,Pericyte2_VSMC
lhnakgfg-1,Pericyte1
lhnccngl-1,VE3_Ven
lhnknjlf-1,Pericyte2_VSMC
lhnlcbio-1,Pericyte2_VSMC
lhnnajja-1,Pericyte2_VSMC
lhnpbnec-1,Pericyte1
lhobiddj-1,Pericyte1
lhodmheg-1,VE3_Ven
lhojinpo-1,VE3_Ven
lhooeifn-1,VE3_Ven
lhpanbel-1,Pericyte2_VSMC
lhpbdgco-1,Pericyte2_VSMC
lhpfepmg-1,Pericyte2_VSMC
lhpknkmm-1,Pericyte2_VSMC
liagddln-1,nmSchwann
liajdemn-1,Pericyte1
libaecfp-1,Pericyte2_VSMC
libbcohd-1,Pericyte2_VSMC
libhpopm-1,Pericyte2_VSMC
libkeahm-1,Pericyte2_VSMC
libpippj-1,Pericyte1
licghggf-1,Pericyte1
lidadiim-1,F5: NGFR+
lidbmhnj-1,Pericyte1
liddofgl-1,F5: NGFR+
lidhchgf-1,F2/3: Perivascular
lidiboio-1,Pericyte2_VSMC
lidncijc-1,Pericyte2_VSMC
lidnfafa-1,F2/3: Perivascular
lidphikh-1,Pericyte2_VSMC
liecdhhl-1,Pericyte1
liejncpc-1,F5: RAMP1+
liejocnl-1,F5: RAMP1+
lifemblo-1,VE4_Cap
lifepnle-1,VE4_Cap
liffhfga-1,Pericyte2_VSMC
lifijdpp-1,Pericyte2_VSMC
lifnfdlm-1,Pericyte2_VSMC
lifnlehc-1,Pericyte2_VSMC
ligapoog-1,Pericyte2_VSMC
ligbmiic-1,Pericyte2_VSMC
lighokol-1,Pericyte2_VSMC
ligjjkma-1,Pericyte2_VSMC
lihdjlmh-1,Pericyte1
liiabfim-1,VE4_Cap
liiahjgn-1,Th
liicbjlm-1,Sweat gland
liiedepd-1,F5: RAMP1+
liiggedn-1,F5: RAMP1+
liiilldn-1,Sweat gland
liijbfne-1,Sweat gland Myoepithelial
liimcegb-1,F5: RAMP1+
lijddfni-1,Sweat gland
lijjldkk-1,Sweat gland
likdkajm-1,Sweat gland
likhidjc-1,Sweat gland
likjmpcn-1,Sweat gland
likljimh-1,Sweat gland
likmoian-1,Sweat gland
likndiii-1,nmSchwann
likpmnnh-1,Sweat gland
likpomfe-1,F5: RAMP1+
lilakjbk-1,Sweat gland
lilcmjbm-1,Sweat gland
lilhppbl-1,Sweat gland
liljkdmm-1,Sweat gland
lilkmapf-1,Sweat gland
limfgiei-1,Sweat gland
limglokp-1,Sweat gland
limibnch-1,Sweat gland
limmaiol-1,Sweat gland Myoepithelial
limpllap-1,Sweat gland
linbibej-1,Sweat gland Myoepithelial
lincdioo-1,Sweat gland Myoepithelial
linfceol-1,Sweat gland Myoepithelial
linjjpho-1,VE4_Cap
linlhbho-1,nmSchwann
linnohlf-1,Sweat gland Myoepithelial
liomgmke-1,Sweat gland
lionappi-1,Sweat gland
lipbpkkc-1,Sweat gland Myoepithelial
lipjikjg-1,Sweat gland
ljaimnkj-1,Sweat gland
ljakppdl-1,Sweat gland
ljapcckc-1,VE4_Cap
ljbdjmpo-1,Sweat gland
ljbinghc-1,Sweat gland
ljbkoacn-1,Sweat gland
ljbmchnh-1,Sweat gland
ljccekil-1,Sweat gland
ljcfkdng-1,Sweat gland
ljcgcmco-1,Sweat gland Myoepithelial
ljchnicg-1,Sweat gland
ljchpaml-1,Sweat gland Myoepithelial
ljciigka-1,Sweat gland
ljclccik-1,Sweat gland Myoepithelial
ljclkfbc-1,Sweat gland
ljcmgajl-1,Sweat gland
ljcndhon-1,Sweat gland
ljcodjaa-1,F5: RAMP1+
ljdoabki-1,Sweat gland Myoepithelial
ljdohckj-1,F5: RAMP1+
ljefcgje-1,nmSchwann
ljegpjni-1,Sweat gland
ljeihekl-1,Sweat gland
ljeoflgi-1,Sweat gland
ljfecmpk-1,Sweat gland Myoepithelial
ljfekhga-1,VE4_Cap
ljffjmbg-1,Sweat gland
ljfkggjj-1,Sweat gland
ljgbbckl-1,Sweat gland
ljgcgjca-1,Sweat gland
ljggledf-1,Sweat gland
ljghipkb-1,Sweat gland
ljgklmll-1,Sweat gland
ljgogepf-1,Sweat gland Myoepithelial
ljgpihem-1,Pericyte2_VSMC
ljhgngbb-1,VE1_Art
ljhoobci-1,Pericyte2_VSMC
ljihkdap-1,VE1_Art
ljilhopd-1,Pericyte2_VSMC
ljjbbbbg-1,Pericyte1
ljjfdhlf-1,VE4_Cap
ljjjchnf-1,Pericyte1
ljjjgdfl-1,F5: RAMP1+
ljjoljoh-1,VE4_Cap
ljjpefph-1,Pericyte1
ljkbclai-1,Pericyte1
ljlbhnbe-1,Pericyte2_VSMC
ljlbooom-1,Pericyte2_VSMC
ljlemlfi-1,Pericyte2_VSMC
ljlidhnn-1,Pericyte2_VSMC
ljlilgaa-1,Pericyte2_VSMC
ljlilglm-1,VE1_Art
ljljfpip-1,VE1_Art
ljllboaf-1,nmSchwann
ljllcgke-1,nmSchwann
ljmbfcmf-1,Pericyte2_VSMC
ljmcdgkh-1,F2/3: Perivascular
ljmopffd-1,Pericyte2_VSMC
ljnahfod-1,F2/3: Perivascular
ljncibhe-1,Pericyte2_VSMC
ljnihmii-1,Pericyte2_VSMC
ljnoihnc-1,VE1_Art
ljnpmoij-1,Pericyte2_VSMC
ljobaamb-1,VE1_Art
ljofingb-1,VE1_Art
ljohlilp-1,Pericyte2_VSMC
ljokgako-1,VE1_Art
ljomikeo-1,Pericyte2_VSMC
ljpkcmhj-1,Pericyte2_VSMC
ljpkpbnm-1,Pericyte2_VSMC
ljpoobcd-1,VE1_Art
lkbgnmbi-1,Pericyte2_VSMC
lkbijihn-1,F2: Universal
lkcbnpll-1,F2/3: Perivascular
lkcboanp-1,nmSchwann
lkccdphb-1,F2/3: Perivascular
lkcenilk-1,Sweat gland
lkcgncpf-1,Sweat gland
lkckkafc-1,Sweat gland
lkcoopef-1,Sweat gland
lkdbdhdi-1,Sweat gland
lkdbmljb-1,Sweat gland
lkdfdpfd-1,VE4_Cap
lkdflcck-1,Sweat gland
lkdgbimg-1,Sweat gland
lkdkkgjo-1,Sweat gland
lkdnocmc-1,Sweat gland
lkebcmac-1,Sweat gland
lkecmbgb-1,Sweat gland Myoepithelial
lkenpgmh-1,Sweat gland Myoepithelial
lkfdfnaf-1,Sweat gland
lkfekngb-1,Sweat gland
lkfnjcpk-1,F5: RAMP1+
lkfpcfol-1,Sweat gland
lkgaklll-1,F5: RAMP1+
lkgddkpj-1,Sweat gland
lkgdmclm-1,Sweat gland
lkgepgig-1,Sweat gland Myoepithelial
lkgjkfhg-1,F5: RAMP1+
lkgofchb-1,Sweat gland
lkhbmbkh-1,Sweat gland
lkhcccaj-1,nmSchwann
lkhhhmpl-1,Mast cell
lkhndfhg-1,Sweat gland
lkkeedgb-1,Sweat gland Myoepithelial
lkkhmnla-1,Sweat gland Myoepithelial
lkkkgkem-1,Sweat gland
lkknpbgg-1,Sweat gland
lkkojifk-1,Pericyte1
lklbcfji-1,F5: RAMP1+
lkldglbb-1,Sweat gland
lklfaonm-1,Sweat gland Myoepithelial
lklnkehg-1,Sweat gland
lkmdfikk-1,VE4_Cap
lkmhhgbb-1,VE4_Cap
lkmmaead-1,nmSchwann
lkndbgdf-1,F5: RAMP1+
lknfklag-1,F5: RAMP1+
lkngbimm-1,Sweat gland
lknljjjk-1,Sweat gland
lknpmhhh-1,Sweat gland
lkobipbd-1,Pericyte1
lkocobfd-1,Sweat gland Myoepithelial
lkodnlgp-1,Sweat gland
lkoeaojh-1,Sweat gland
lkofhjho-1,Sweat gland
lkolgnpp-1,F5: RAMP1+
lkpcflji-1,F5: RAMP1+
lkpdjgbi-1,Sweat gland
lkpllhdi-1,Sweat gland
lkpnimga-1,F5: RAMP1+
lkpnkjlc-1,Sweat gland
lkpplphm-1,Sweat gland
llafoijp-1,Sweat gland
llaheafc-1,Sweat gland
llamjmgf-1,Sweat gland
llaohafh-1,Sweat gland
llbbgnka-1,Sweat gland Myoepithelial
llbfakna-1,F5: RAMP1+
llbhbccn-1,Pericyte1
llbhdabm-1,F5: RAMP1+
llbjigii-1,Pericyte1
llblhhkp-1,Sweat gland
llcdmelk-1,Sweat gland Myoepithelial
llckicco-1,Sweat gland
llcoaaif-1,Sweat gland
lldabpch-1,Sweat gland
lldeanjg-1,Sweat gland
lldiofgd-1,VE4_Cap
lldnaobe-1,nmSchwann
llecgkli-1,VE1_Art
llepojbo-1,VE1_Art
llfchgnc-1,mSchwann
llffahbc-1,mSchwann
llfhheif-1,nmSchwann
llgbbcce-1,mSchwann
llgeaecd-1,mSchwann
llgimbki-1,nmSchwann
llglecoa-1,mSchwann
llhcbjpn-1,mSchwann
llhcohnn-1,nmSchwann
llhfhphc-1,nmSchwann
llhglpal-1,mSchwann
llhgmboj-1,nmSchwann
llhgojdj-1,Pericyte2_VSMC
llhnpddm-1,Pericyte2_VSMC
llhphnmb-1,Pericyte2_VSMC
lligbpef-1,Pericyte2_VSMC
lljbphij-1,Pericyte2_VSMC
lljcecjd-1,Pericyte2_VSMC
lljdbami-1,Pericyte2_VSMC
lljiflkp-1,Pericyte2_VSMC
lljkadbn-1,Pericyte1
llkcapoc-1,Pericyte1
llkgbjef-1,Pericyte2_VSMC
llkgkjjc-1,VE1_Art
llkpniia-1,VE1_Art
lllcbmki-1,VE1_Art
lllffchj-1,Pericyte2_VSMC
lllgahlo-1,Pericyte2_VSMC
lllgehfi-1,nmSchwann
llljhgfp-1,Pericyte2_VSMC
llljpljn-1,VE1_Art
lllmccbe-1,Pericyte2_VSMC
lllnmiie-1,Pericyte1
lllonlgb-1,Pericyte2_VSMC
llmagkmc-1,F2/3: Perivascular
llmdeblo-1,Pericyte2_VSMC
llmfgjlb-1,Pericyte2_VSMC
llmlokge-1,Pericyte2_VSMC
llnfcpmg-1,Pericyte2_VSMC
llnifnfd-1,Pericyte2_VSMC
llnjfbig-1,Pericyte2_VSMC
llnokfeg-1,Pericyte2_VSMC
llnpdoih-1,Pericyte2_VSMC
llobklmh-1,Pericyte2_VSMC
llockpob-1,Pericyte2_VSMC
lloeblea-1,nmSchwann
llofmbig-1,mSchwann
llopfppk-1,VE3_Ven
lmaainnl-1,Pericyte2_VSMC
lmafoalk-1,Pericyte2_VSMC
lmajdjji-1,Pericyte2_VSMC
lmbccjia-1,Pericyte2_VSMC
lmbfhgge-1,Pericyte2_VSMC
lmbfhofo-1,Pericyte2_VSMC
lmceioha-1,Pericyte2_VSMC
lmcmbadh-1,Pericyte2_VSMC
lmcmpiop-1,Pericyte2_VSMC
lmdcnepe-1,Pericyte2_VSMC
lmdeadhp-1,Pericyte2_VSMC
lmdfekjp-1,Pericyte2_VSMC
lmdjdlkd-1,Pericyte2_VSMC
lmdjnekc-1,Pericyte2_VSMC
lmdmidnc-1,VE3_Ven
lmdnhmfc-1,VE3_Ven
lmeafdgj-1,Pericyte1
lmebelnj-1,Sweat gland channel outer
lmehmoid-1,Pericyte2_VSMC
lmelndag-1,nmSchwann
lmgfkddk-1,nmSchwann
lmgkkobb-1,F5: RAMP1+
lmgmhkhg-1,Pericyte1
lmgopmec-1,Sweat gland
lmhbgmbo-1,Sweat gland Myoepithelial
lmhbihpp-1,Sweat gland
lmhhagge-1,VE1_Art
lmidjogf-1,Pericyte1
lmieblog-1,VE3_Ven
lmiehhpk-1,VE3_Ven
lmijnlgm-1,VE3_Ven
lmipnbcp-1,Pericyte1
lmjehdii-1,VE3_Ven
lmjknppk-1,Pericyte1
lmjkocbm-1,Pericyte1
lmjlplgp-1,Pericyte1
lmknjeol-1,Pericyte1
lmkpdpgo-1,Pericyte1
lmlcnckf-1,VE3_Ven
lmlefhej-1,Pericyte1
lmlnbbag-1,Pericyte1
lmmjgoja-1,Mast cell
lmmogoen-1,Pericyte1
lmmphddn-1,VE3_Ven
lmnaohln-1,Sweat gland
lmnegaak-1,Sweat gland
lmngejph-1,Sweat gland
lmnjppnb-1,Sweat gland
lmnmplko-1,Sweat gland
lmoghbjp-1,Sweat gland
lmpendbn-1,Sweat gland
lmpeohej-1,F5: RAMP1+
lmpgjgjb-1,Sweat gland
lmpgpokl-1,Sweat gland
lmpingki-1,Sweat gland Myoepithelial
lmpkjegp-1,Sweat gland
lmpnkgmn-1,Sweat gland Myoepithelial
lnaaicji-1,Sweat gland
lnacbfhg-1,F5: RAMP1+
lnagnnmc-1,Sweat gland
lnakhikh-1,F5: RAMP1+
lnakohgj-1,F5: RAMP1+
lnankdlg-1,Sweat gland
lnaocfca-1,Sweat gland
lnbadfck-1,Sweat gland
lnbhbldm-1,Sweat gland
lnbifjoe-1,Sweat gland
lnblljjf-1,Sweat gland
lnbmkepi-1,nmSchwann
lncddgbl-1,VE4_Cap
lncilbap-1,F2/3: Perivascular
lncnepgd-1,Pericyte1
lnddpdgo-1,Sweat gland
lndgglfl-1,Sweat gland
lnedfdjd-1,Sweat gland
lneekkem-1,Sweat gland
lnegpmlc-1,Sweat gland Myoepithelial
lneoonop-1,Sweat gland
lnepcjif-1,Sweat gland
lnfbakll-1,F2: Universal
lnfhpinm-1,Sweat gland
lnfpapmf-1,Sweat gland Myoepithelial
lngceagl-1,Sweat gland
lngilipd-1,Sweat gland
lngncgic-1,Sweat gland
lnhddfgm-1,Sweat gland
lnhimjao-1,Sweat gland
lnhimlmk-1,Sweat gland
lnhiocni-1,Sweat gland
lnhjifgk-1,Sweat gland Myoepithelial
lnhkbhio-1,Sweat gland
lnhnmpde-1,Sweat gland
lnigango-1,Sweat gland
lnihbego-1,Sweat gland
lnihnchg-1,Sweat gland
lninkelb-1,Sweat gland
lnipbgce-1,Sweat gland
lnjpdhda-1,VE4_Cap
lnkbckdp-1,Pericyte1
lnkdnnnf-1,Pericyte1
lnkejcae-1,VE1_Art
lnkmedlh-1,VE4_Cap
lnmbonah-1,VE4_Cap
lnnajghc-1,F2/3: Perivascular
lnngcjpd-1,VE3_Ven
lnnggldi-1,T
lnpbkpme-1,Adipocyte
lnpifgfb-1,F2: Universal
lnplhgej-1,F2/3: Perivascular
loacbjkl-1,F2/3: Perivascular
loahdbgk-1,Pericyte1
loajaehb-1,Pericyte1
loajhmca-1,VE4_Cap
loapdgfh-1,Pericyte1
lobchoho-1,VE3_Ven
lobfibkn-1,Mast cell
locagfkg-1,F2/3: Perivascular
lodinchk-1,Mac2
lodpgdjp-1,Adipocyte
loeibaaj-1,Sweat gland channel outer
lofnicji-1,F2: Universal
logjlnhb-1,Sweat gland channel outer
logmdmap-1,Sweat gland channel outer
lohdfnfb-1,Sweat gland channel inner
lohfchci-1,Sweat gland channel outer
lohgeogb-1,Sweat gland channel inner
lohkmnnd-1,Sweat gland channel outer
loiaiaga-1,Pericyte2_VSMC
loidblcc-1,F2/3: Perivascular
loiefehc-1,VE1_Art
loifhobc-1,Adipocyte
loiglben-1,F2: Universal
loiielga-1,Pericyte2_VSMC
loilpggg-1,VE3_Ven
lojbihln-1,KC
lojcgdgh-1,Pericyte1
lojedohg-1,VE4_Cap
lojlccbd-1,Pericyte1
lojmfoao-1,VE4_Cap
lojneefa-1,Adipocyte
lojpcklj-1,VE4_Cap
lokcgohc-1,VE4_Cap
lokjfffh-1,VE4_Cap
lokogadp-1,F5: RAMP1+
lolcdmim-1,Pericyte1
lolcojac-1,VE3_Ven
loloelhh-1,Pericyte1
lomfjdhe-1,VE4_Cap
lomghkbl-1,VE3_Ven
lomkihhk-1,F2/3: Perivascular
lomkimkm-1,Pericyte2_VSMC
lomkooll-1,Pericyte2_VSMC
lomlbnag-1,Adipocyte
lonhljop-1,VE4_Cap
loniodjl-1,VE4_Cap
lonipapl-1,Pericyte1
lonjljid-1,F2/3: Perivascular
lonkbllm-1,VE3_Ven
lonmjhhp-1,Pericyte2_VSMC
lonmoeon-1,F5: RAMP1+
loobmmjm-1,F2/3: Perivascular
loopalbm-1,T
lopjgpnf-1,Pericyte2_VSMC
loppalga-1,Pericyte2_VSMC
lpafoplg-1,VE1_Art
lpakkfjm-1,F2/3: Perivascular
lpanmmlc-1,VE1_Art
lpaojdcn-1,Pericyte2_VSMC
lpaolipc-1,Pericyte2_VSMC
lpbdombd-1,VE1_Art
lpeeljgc-1,Sweat gland
lpegmdpl-1,nmSchwann
lpehaadp-1,Pericyte2_VSMC
lpehbkoi-1,Smooth muscle
lpffiifc-1,Pericyte2_VSMC
lpfgokgd-1,Pericyte2_VSMC
lpfhealm-1,F2/3: Perivascular
lpfjkmgf-1,Pericyte2_VSMC
lpgcfjma-1,Sweat gland channel outer
lpggcmpa-1,Sweat gland channel outer
lpghloci-1,Pericyte1
lpgjmgmm-1,Sweat gland channel outer
lphbbndj-1,Sweat gland channel outer
lphcdlle-1,Sweat gland channel outer
lphgdgkl-1,Sweat gland channel outer
lphliamg-1,Sweat gland channel outer
lphnbcbd-1,Sweat gland channel inner
lpibimcj-1,Sweat gland channel inner
lpidband-1,Sweat gland channel inner
lpihnlhg-1,Sweat gland channel outer
lpioeehi-1,Sweat gland channel outer
lpjbnimf-1,Sweat gland channel outer
lpjghggp-1,Sweat gland channel outer
lpjgndal-1,Sweat gland channel inner
lpjkpnma-1,Sweat gland channel outer
lpjlobjf-1,VE1_Art
lpkaeina-1,Pericyte1
lpkbkpcm-1,Pericyte1
lpkdpdlb-1,Sweat gland channel outer
lpkeiokf-1,Sweat gland channel outer
lpkfnpdc-1,Sweat gland
lpkibioc-1,Sweat gland
lpkledoa-1,Sweat gland
lpknimdn-1,Sweat gland
lpkojnek-1,F5: RAMP1+
lplimonk-1,Pericyte1
lplkamde-1,Pericyte1
lplmjakc-1,VE1_Art
lplnekfc-1,F5: RAMP1+
lpmgjlac-1,Sweat gland
lpmidlke-1,Sweat gland
lpmikedo-1,Sweat gland
lpmipkmj-1,F5: RAMP1+
lpmomfok-1,F5: RAMP1+
lpnddjbb-1,F5: RAMP1+
lpnkdgcm-1,VE4_Cap
lpnkghdj-1,Pericyte1
lpnphadn-1,VE3_Ven
lppaplbg-1,F5: RAMP1+
lppbkijo-1,Pericyte1
lppjpohj-1,VE3_Ven
lppkakgi-1,VE4_Cap
lppkcpjh-1,Sweat gland
lpplbhij-1,Sweat gland
lpplghpi-1,Sweat gland
lppnibmi-1,Sweat gland
maafiega-1,Sweat gland
maainkpc-1,Sweat gland
maamfned-1,Sweat gland Myoepithelial
maanpjbm-1,Sweat gland
mabbehaj-1,F5: RAMP1+
mabjlllc-1,F2/3: Perivascular
maboojgi-1,nmSchwann
mabpdcgj-1,Adipocyte
macgcgej-1,Pericyte2_VSMC
macogjhl-1,Pericyte2_VSMC
madcpmal-1,nmSchwann
madpgage-1,Pericyte2_VSMC
maeedihn-1,Pericyte2_VSMC
maeiiplp-1,Adipocyte
maeoalnj-1,VE4_Cap
maeokjle-1,VE4_Cap
mafdbolb-1,T
mafiklel-1,Pericyte1
mafjggki-1,Sweat gland
magahgfn-1,nmSchwann
maggclje-1,Adipocyte
magggdbj-1,Sweat gland
magiagbh-1,Sweat gland
magkefnh-1,Sweat gland
magmmiom-1,Pericyte2_VSMC
magofgei-1,Pericyte2_VSMC
mahbjphk-1,VE1_Art
mahdbofe-1,Pericyte2_VSMC
mahhfcco-1,Pericyte2_VSMC
mahjkpab-1,Adipocyte
maigldeo-1,Adipocyte
majdhfgf-1,Pericyte2_VSMC
majfbobo-1,F2/3: Perivascular
majgnbpo-1,Pericyte2_VSMC
majibbjm-1,Adipocyte
makeeaif-1,Pericyte2_VSMC
makgmpie-1,Pericyte2_VSMC
makkhcmb-1,Pericyte2_VSMC
makmhomg-1,VE1_Art
malblmmc-1,Pericyte2_VSMC
malfeeco-1,Pericyte2_VSMC
malnffpm-1,Pericyte2_VSMC
mambbdah-1,Pericyte2_VSMC
mameghpe-1,VE1_Art
mamhhaoj-1,Adipocyte
mamogiog-1,Adipocyte
mampknij-1,Adipocyte
manhidkm-1,Pericyte1
manhinnc-1,Adipocyte
manihgch-1,Adipocyte
manmaefj-1,Pericyte1
manmhjac-1,VE4_Cap
mannacpb-1,VE4_Cap
manoakhe-1,Pericyte1
manomckm-1,VE3_Ven
manpdcbj-1,VE3_Ven
maoiglek-1,VE3_Ven
maoiicdh-1,Adipocyte
maojdceb-1,VE1_Art
maoojgel-1,VE3_Ven
mapbkego-1,Adipocyte
mapemlle-1,Pericyte1
mapfnjbl-1,VE4_Cap
mapijcgg-1,F2/3: Perivascular
mapolelk-1,Adipocyte
mbaekbmp-1,Adipocyte
mbafaall-1,Pericyte1
mbammdie-1,Adipocyte
mbbbikcj-1,VE4_Cap
mbbeddhj-1,F2/3: Perivascular
mbbehipo-1,Adipocyte
mbbhejop-1,VE4_Cap
mbbjacjd-1,Mast cell
mbchjcng-1,Pericyte1
mbcjlbhk-1,Adipocyte
mbdbkpmn-1,VE3_Ven
mbdnkiko-1,VE3_Ven
mbeanajj-1,Adipocyte
mbeheoeb-1,Pericyte1
mbepifeg-1,F2/3: Perivascular
mbffjfao-1,Pericyte2_VSMC
mbfhpoaf-1,Pericyte2_VSMC
mbfklhge-1,Pericyte2_VSMC
mbfmnaid-1,Pericyte2_VSMC
mbfnaeea-1,Adipocyte
mbfplopi-1,Adipocyte
mbgbapae-1,F2/3: Perivascular
mbggmaaf-1,Pericyte2_VSMC
mbghgkao-1,Pericyte2_VSMC
mbgjbihp-1,Pericyte2_VSMC
mbgjfhpj-1,Adipocyte
mbhbgnlf-1,F2/3: Perivascular
mbhhipai-1,Adipocyte
mbhidhkn-1,Adipocyte
mbhjnljm-1,Pericyte2_VSMC
mbhnndeh-1,Pericyte2_VSMC
mbhpclgb-1,Pericyte2_VSMC
mbiapmkc-1,Mast cell
mbiblfgo-1,VE4_Cap
mbieaaie-1,Pericyte1
mbiejjfa-1,F2/3: Perivascular
mbiffmjm-1,Mac2
mbijnplp-1,Mac2
mbjcncen-1,F5: RAMP1+
mbjdenbm-1,Mac2
mbjgdoda-1,nmSchwann
mbjhelib-1,Mac2
mbjolplh-1,T
mbkakeag-1,Pericyte2_VSMC
mbkhcbek-1,Pericyte2_VSMC
mbkjpdho-1,Pericyte2_VSMC
mbkpejbj-1,Sweat gland
mblbeeje-1,Sweat gland
mbleajob-1,Sweat gland
mblgmgmo-1,Sweat gland
mbmcdhof-1,Sweat gland
mbmfmbcc-1,Sweat gland
mbmgjnba-1,Sweat gland Myoepithelial
mbmkihlc-1,Sweat gland Myoepithelial
mbncocfb-1,Sweat gland
mbnfihpf-1,Sweat gland
mbngbpfe-1,VE4_Cap
mbnhabhl-1,VE3_Ven
mbnhjdfc-1,VE4_Cap
mboapnhi-1,Adipocyte
mbokkdeh-1,Adipocyte
mbomampb-1,Adipocyte
mbopmjif-1,Adipocyte
mcaipcdp-1,Adipocyte
mcanlimj-1,Adipocyte
mcaombej-1,Adipocyte
mcbbbdkd-1,Adipocyte
mcbnmjgp-1,Adipocyte
mcbojpkc-1,Pericyte1
mcbpbafm-1,Adipocyte
mccfiape-1,Adipocyte
mccjpmnj-1,Adipocyte
mccnpjhc-1,Adipocyte
mcdafnne-1,Adipocyte
mcdfpgmi-1,Adipocyte
mcdhefmo-1,VE4_Cap
mcecbhae-1,VE4_Cap
mcegjgna-1,Adipocyte
mcemchan-1,VE4_Cap
mcfdfnma-1,VE4_Cap
mcfgcgbh-1,VE4_Cap
mcfkgajd-1,Pericyte1
mcfplpjp-1,Adipocyte
mcgaimpb-1,F2/3: Perivascular
mcgejfno-1,Adipocyte
mcgfoloc-1,Adipocyte
mcghhhcc-1,Adipocyte
mcglcflc-1,Adipocyte
mchbadia-1,Adipocyte
mchddjnh-1,Mac2
mchigmfo-1,Adipocyte
mchjlokk-1,Adipocyte
mchoeibf-1,Adipocyte
mcielbgo-1,Pericyte1
mcikekmh-1,Adipocyte
mcilcjbo-1,Adipocyte
mcimdoom-1,Adipocyte
mciodfki-1,Adipocyte
mcipodbe-1,Pericyte1
mcjdkcfl-1,Adipocyte
mcjhhmfp-1,VE4_Cap
mcjhpeeh-1,Sweat gland
mcjkofel-1,Sweat gland
mcjolmib-1,Sweat gland
mckannpc-1,nmSchwann
mckbifpa-1,F2/3: Perivascular
mckcelin-1,F5: RAMP1+
mckemoge-1,Pericyte2_VSMC
mcklppkn-1,Sweat gland
mckockhh-1,F2/3: Perivascular
mcligpbi-1,nmSchwann
mcljijjj-1,Sweat gland Myoepithelial
mcllkaal-1,Sweat gland Myoepithelial
mclmglfi-1,VE4_Cap
mclopnii-1,Sweat gland
mcmafmga-1,Sweat gland
mcmbmcjk-1,Sweat gland
mcmdjodd-1,Sweat gland
mcmjamch-1,F5: RAMP1+
mcmlimjp-1,VE1_Art
mcnbojdl-1,Adipocyte
mcnjppbj-1,VE4_Cap
mcobifai-1,VE4_Cap
mcobopjn-1,VE4_Cap
mcokdmae-1,F2/3: Perivascular
mcolfgbj-1,Pericyte1
mcpfaknl-1,VE4_Cap
mcpidpdh-1,VE4_Cap
mcpkcenc-1,Adipocyte
mcplakei-1,Mac2
mcploeap-1,VE4_Cap
mdaaonbf-1,Pericyte1
mdaiblgl-1,Adipocyte
mdbjghjd-1,Adipocyte
mdbjnjpo-1,F2/3: Perivascular
mdbkjhal-1,Adipocyte
mdbkkmbf-1,VE1_Art
mdblnbjh-1,Pericyte2_VSMC
mdbpohmb-1,VE1_Art
mdcgegda-1,Pericyte1
mdcnopkg-1,VE1_Art
mdcodbei-1,Pericyte2_VSMC
mdddgffa-1,Pericyte2_VSMC
mdefpbaj-1,Pericyte2_VSMC
mdehnbif-1,Pericyte2_VSMC
mdemaial-1,Pericyte2_VSMC
mdeoelcn-1,VE1_Art
mdepiiha-1,VE1_Art
mdepmcni-1,LE
mdfcmfnd-1,VE1_Art
mdfdhlpe-1,VE3_Ven
mdffhhod-1,VE1_Art
mdfjfjni-1,VE1_Art
mdflonfl-1,Adipocyte
mdfmldaj-1,F3: FRC-like
mdgakaei-1,F2/3: Perivascular
mdgkkdjd-1,Pericyte1
mdgnciao-1,Adipocyte
mdgpcgbj-1,F2/3: Perivascular
mdgpchka-1,Adipocyte
mdhafpdb-1,VE4_Cap
mdhgihaj-1,Adipocyte
mdhhmggd-1,VE4_Cap
mdhnelki-1,F3: FRC-like
mdhngjep-1,Pericyte1
mdhofnfo-1,F2/3: Perivascular
mdijmhge-1,F2: Universal
mdjidaoh-1,F2: Universal
mdjlgedc-1,F2/3: Perivascular
mdjnnjdi-1,nmSchwann
mdkfbapg-1,Pericyte2_VSMC
mdkhhfom-1,Smooth muscle
mdldoind-1,Pericyte1
mdljhjmf-1,Smooth muscle
mdlkdkda-1,Pericyte2_VSMC
mdmdfccb-1,Pericyte2_VSMC
mdmkbggj-1,Smooth muscle
mdnahepg-1,Smooth muscle
mdnbdlde-1,F2: Universal
mdnclehb-1,F2/3: Perivascular
mdnepigi-1,Smooth muscle
mdnkamli-1,Smooth muscle
mdobdbje-1,F1: Superficial
mdokfeka-1,Smooth muscle
mdomocjm-1,Smooth muscle
mdopanon-1,Pericyte2_VSMC
mdopcnki-1,Pericyte1
mdpnijik-1,VE3_Ven
meaabbhd-1,VE3_Ven
meacbgma-1,Smooth muscle
meadmfmj-1,Smooth muscle
meahdneh-1,VE3_Ven
mebdmbnn-1,VE3_Ven
mebhjcdi-1,Pericyte1
mebklklp-1,Smooth muscle
mecnbmmj-1,Smooth muscle
mecoaapd-1,Smooth muscle
meddnpco-1,Pericyte1
medofabi-1,F2: Universal
meebkbdb-1,VE3_Ven
meebmfeh-1,Mac2
meenikoh-1,VE3_Ven
meeonecp-1,Pericyte1
megfkadl-1,Pericyte1
meggiiga-1,F2/3: Perivascular
megikdlo-1,VE3_Ven
megmphlk-1,Pericyte1
mehghdhp-1,Pericyte1
mehhemhb-1,VE3_Ven
mehinkhl-1,Pericyte1
meiaooge-1,F2/3: Perivascular
meieieck-1,Pericyte1
meihbhkj-1,VE4_Cap
meijcmla-1,Pericyte2_VSMC
meikoino-1,Pericyte2_VSMC
meioegin-1,VE4_Cap
meiofpad-1,F2/3: Perivascular
mejdcmdo-1,Pericyte1
mejelfmn-1,VE4_Cap
mekihkhh-1,VE4_Cap
meklfekh-1,F2/3: Perivascular
mekmbdbk-1,Pericyte1
meknepjf-1,Adipocyte
melajbdb-1,F2: Universal
melghhcm-1,Pericyte1
melpipdn-1,F2/3: Perivascular
memefhjl-1,Pericyte1
memfdncl-1,Pericyte1
memhldlp-1,Pericyte1
memnfffh-1,Pericyte1
memollpb-1,VE3_Ven
mengacpb-1,Pericyte1
menkeoki-1,VE3_Ven
mennogha-1,VE3_Ven
meobldgd-1,VE3_Ven
meocpjjf-1,Pericyte1
meoebbeb-1,T
meogmjol-1,Pericyte1
meohjhjl-1,F2/3: Perivascular
meojpdlj-1,Smooth muscle
meoljlnf-1,Smooth muscle
meomhmic-1,Smooth muscle
meoomide-1,Smooth muscle
meoplmaa-1,VE3_Ven
mepbgihn-1,Smooth muscle
mepdfldg-1,VE3_Ven
mfakeaem-1,VE3_Ven
mfcccoob-1,VE3_Ven
mfckdkil-1,VE3_Ven
mfckfgfi-1,Smooth muscle
mfcplpgd-1,VE3_Ven
mfddgjgo-1,VE3_Ven
mfddnnme-1,VE3_Ven
mfdgidod-1,Smooth muscle
mfdimegc-1,Smooth muscle
mfdjnegi-1,Smooth muscle
mfdoadjm-1,Smooth muscle
mfefebhn-1,Smooth muscle
mfejhekm-1,Smooth muscle
mfepcdib-1,VE3_Ven
mffaehcg-1,Smooth muscle
mffeaaoo-1,Smooth muscle
mffhnnpp-1,Smooth muscle
mffihmoc-1,Pericyte2_VSMC
mffjmgnh-1,Smooth muscle
mfgceagf-1,VE3_Ven
mfghgomg-1,Smooth muscle
mfhfmamb-1,Smooth muscle
mfhfpnfa-1,VE3_Ven
mfhmmpma-1,Smooth muscle
mfichmjg-1,Smooth muscle
mfiedcge-1,VE4_Cap
mfigagme-1,Pericyte1
mfimipca-1,Smooth muscle
mfjcmnfj-1,Smooth muscle
mfjdnljc-1,Smooth muscle
mfjmjogi-1,Pericyte1
mfjoeooi-1,VE3_Ven
mfjoncpg-1,VE3_Ven
mfkafhkg-1,NK
mfkgeecn-1,Pericyte1
mfkmhjfp-1,nmSchwann
mfknfdfe-1,Adipocyte
mflaeffc-1,Smooth muscle
mflidhga-1,Smooth muscle
mfmcfmgg-1,Smooth muscle
mfmcikoa-1,Smooth muscle
mfmdjcja-1,Smooth muscle
mfmnpfef-1,Smooth muscle
mfmpkpdf-1,Smooth muscle
mfndcahh-1,Smooth muscle
mfndldah-1,Smooth muscle
mfnojjog-1,Smooth muscle
mfokhdki-1,VE3_Ven
mfoppmhm-1,VE3_Ven
mfpfajhm-1,VE3_Ven
mfpgidka-1,Smooth muscle
mfpgmnao-1,T
mfphgfpp-1,Smooth muscle
mfpjakfb-1,Smooth muscle
mfpkddgb-1,F2/3: Perivascular
mfpmaapk-1,F2: Universal
mgafhgac-1,Smooth muscle
mgbbplef-1,VE3_Ven
mgbophpk-1,VE3_Ven
mgceamkp-1,Pericyte1
mgchlhog-1,Smooth muscle
mgcihckn-1,Smooth muscle
mgcnfocp-1,Pericyte1
mgcoikfk-1,Pericyte1
mgcpegll-1,Smooth muscle
mgdciccn-1,Pericyte1
mgdondok-1,nmSchwann
mgfhbhjc-1,nmSchwann
mggeengc-1,Mac2
mggjekhc-1,Pericyte1
mgglbjga-1,Adipocyte
mggpokce-1,F2/3: Perivascular
mghbhklm-1,Adipocyte
mghcghne-1,Smooth muscle
mgiclnpg-1,T
mgigadom-1,Adipocyte
mgigehha-1,VE4_Cap
mgihebjd-1,F2/3: Perivascular
mgikedda-1,F5: RAMP1+
mgiknhkj-1,F2/3: Perivascular
mgipeodd-1,Smooth muscle
mgjiognh-1,Smooth muscle
mgjlbeee-1,F2: Universal
mgkgapah-1,Smooth muscle
mgkkjkcc-1,Pericyte1
mglbejan-1,F2: Universal
mgldeoip-1,Pericyte2_VSMC
mglicobp-1,Smooth muscle
mgmbfnhj-1,F3: FRC-like
mgmbgidi-1,Smooth muscle
mgmdhoda-1,Pericyte2_VSMC
mgmmmdhm-1,Smooth muscle
mgmogcnb-1,F2/3: Perivascular
mgnlkllf-1,Sweat gland channel outer
mgoclbmf-1,F2: Universal
mgogcjdf-1,F2: Universal
mgojdbkm-1,F2: Universal
mhabiflb-1,F2: Universal
mhabohbp-1,F2: Universal
mhaigacb-1,Sweat gland channel outer
mhalgjig-1,Sweat gland channel outer
mhbdieec-1,Sweat gland channel outer
mhbdkpkc-1,Sweat gland channel outer
mhbekghj-1,Sweat gland channel outer
mhbhkffa-1,Sweat gland channel outer
mhcamlfc-1,F2: Universal
mhcbfkep-1,F2: Universal
mhcdhien-1,Mac2
mhclpokb-1,F2: Universal
mhcpobjg-1,F2: Universal
mhdnmilp-1,F2: Universal
mhdphpge-1,F2: Universal
mheacllm-1,Mac2
mhehdhpl-1,F2: Universal
mhekkmbk-1,F2: Universal
mhfegiag-1,Mac2
mhfohdnj-1,F2: Universal
mhgedmnp-1,F2: Universal
mhhfcamm-1,F2: Universal
mhiieldk-1,F2: Universal
mhjcpngb-1,F2: Universal
mhjjgldc-1,F2: Universal
mhjlcdhf-1,F2: Universal
mhjoigko-1,F2: Universal
mhjpjnoo-1,F2: Universal
mhkdfpjh-1,F2: Universal
mhkgjnck-1,F2: Universal
mhklmoia-1,Sweat gland channel outer
mhkodadb-1,Sweat gland channel outer
mhlbigfj-1,F2: Universal
mhldigdi-1,Mac2
mhlefmom-1,Adipocyte
mhlhjnca-1,Sweat gland channel inner
mhmaihgi-1,KC3
mhmkahmm-1,Sweat gland channel inner
mhmkpijd-1,Sweat gland channel inner
mhmlocpj-1,Sweat gland channel outer
mhnonclb-1,Sweat gland channel inner
mhopmmje-1,F2: Universal
mhpboipm-1,Mac2
mhpdemgd-1,F2: Universal
mhpgnoni-1,Sweat gland
miacmnij-1,F5: RAMP1+
miafbhji-1,F5: RAMP1+
miafieak-1,Sweat gland
mialllnd-1,Sweat gland Myoepithelial
miamjpec-1,Mast cell
mibbidmi-1,Sweat gland
mibcbgbg-1,Sweat gland
mibeegab-1,Sweat gland
mibeocmb-1,F2/3: Perivascular
miblebab-1,Mac2
mibpolmp-1,F2: Universal
miccgjgp-1,F5: RAMP1+
micecmhd-1,nmSchwann
micjbkim-1,Sweat gland
mickolff-1,F5: RAMP1+
micndilm-1,Sweat gland
micoloef-1,F5: RAMP1+
midcpppa-1,F2/3: Perivascular
midgkmag-1,Pericyte1
midikkoo-1,Sweat gland
midlhdkh-1,Sweat gland
mieamind-1,VE4_Cap
miebffmc-1,Sweat gland
miecheok-1,Pericyte1
mienkbdo-1,F2: Universal
miennlem-1,F2: Universal
mificgca-1,F2: Universal
mifkakia-1,F2/3: Perivascular
mifkhfhj-1,F2: Universal
mifojbjd-1,VE1_Art
mifpeehp-1,VE1_Art
mifpfboa-1,VE4_Cap
migeionp-1,F3: FRC-like
mighcoif-1,F3: FRC-like
mighnfbn-1,VE3_Ven
miglboba-1,VE4_Cap
mihaembc-1,VE4_Cap
mihblgda-1,cDC
mihhammi-1,Pericyte1
mihlklgg-1,cDC2: MMP12hi
mihnakde-1,F2: Universal
miiafgba-1,F2: Universal
miikfjde-1,Sweat gland channel outer
miilgomb-1,Sweat gland channel outer
mijchcip-1,Sweat gland channel outer
mijdbcgm-1,Sweat gland channel inner
mijfjlhg-1,Sweat gland channel inner
mijfofea-1,Sweat gland channel outer
mijgmdla-1,Sweat gland channel inner
mijgoffa-1,Sweat gland channel outer
mikcjaom-1,F5: RAMP1+
mikdfaob-1,Sweat gland channel outer
mikgbchj-1,F5: RAMP1+
mikkjeje-1,Sweat gland channel inner
mildjkfc-1,Sweat gland channel inner
millfpik-1,Sweat gland channel outer
mimedmoa-1,Sweat gland channel inner
mimhdlfp-1,Sweat gland channel inner
mimknopd-1,Sweat gland channel inner
mimncfkd-1,Sweat gland channel outer
minbgioo-1,Sweat gland channel inner
mindmmfm-1,Sweat gland channel outer
mindopnf-1,Sweat gland channel outer
minedacm-1,F2: Universal
minhcnoj-1,F2: Universal
miodbelo-1,F2: Universal
miodjepn-1,F2: Universal
mipmhcmp-1,F2: Universal
mjaddcaj-1,Sweat gland channel outer
mjaddfgc-1,Sweat gland channel outer
mjaeognj-1,Sweat gland channel outer
mjaifdkc-1,Pericyte1
mjbciloa-1,Pericyte1
mjbebddd-1,F3: FRC-like
mjbialhe-1,F2: Universal
mjbjegoc-1,T
mjbklcfg-1,F2: Universal
mjbllbmk-1,F2: Universal
mjcclopk-1,Mac2
mjchfnhm-1,Mast cell
mjckhcog-1,F2: Universal
mjcmpgdf-1,F2: Universal
mjcoemhb-1,F2: Universal
mjdaflmn-1,F2: Universal
mjddlnle-1,F2: Universal
mjdgihob-1,Sweat gland channel outer
mjdgikno-1,Sweat gland channel outer
mjdhcjpe-1,Sweat gland channel inner
mjdiplcg-1,Sweat gland channel inner
mjeadlpa-1,Sweat gland channel outer
mjedbbcp-1,VE3_Ven
mjenbokl-1,Pericyte1
mjeofkhe-1,Pericyte1
mjfdcehk-1,VE3_Ven
mjfddajh-1,Sweat gland channel inner
mjfdpegm-1,Sweat gland channel outer
mjfgnikn-1,Sweat gland channel outer
mjflccog-1,Pericyte1
mjfnojdp-1,F2: Universal
mjgaekkh-1,F2: Universal
mjgbejkh-1,Pericyte2_VSMC
mjgehaaa-1,VE3_Ven
mjgfjlaa-1,VE3_Ven
mjgjekea-1,F2: Universal
mjhbbooe-1,F2/3: Perivascular
mjhfedkj-1,Sweat gland channel outer
mjhglbpd-1,VE3_Ven
mjhifbbe-1,VE3_Ven
mjhigfln-1,Pericyte1
mjhkfeld-1,Pericyte1
mjhljmbj-1,F2: Universal
mjhnojhh-1,Smooth muscle
mjiagcbj-1,Mac2
mjibiili-1,Mac2
mjiddjdf-1,F2: Universal
mjieilci-1,F2: Universal
mjifemgh-1,F2: Universal
mjihnofm-1,Pericyte1
mjilhfcg-1,Mast cell
mjilidpc-1,Smooth muscle
mjimlnbm-1,Smooth muscle
mjipofch-1,Smooth muscle
mjjajmpa-1,mSchwann
mjjipabm-1,mSchwann
mjjjjicn-1,F5: NGFR+
mjkeehca-1,F2: Universal
mjlakcff-1,F2: Universal
mjlhcibg-1,F2: Universal
mjlhelka-1,F2: Universal
mjllckpf-1,Adipocyte
mjlpfkkk-1,F2: Universal
mjmaieja-1,Adipocyte
mjmeiaji-1,Adipocyte
mjmfekje-1,Adipocyte
mjmgkilj-1,mSchwann
mjmhegif-1,Mac_CX3CR1+
mjmhpclc-1,mSchwann
mjmkapoe-1,nmSchwann
mjmlilbc-1,VE4_Cap
mjnbbhem-1,Pericyte1
mjnbobdo-1,VE4_Cap
mjnlnfae-1,Sweat gland channel inner
mjnmolph-1,F5: RAMP1+
mjnpamoc-1,Sweat gland channel outer
mjoefkji-1,Sweat gland channel outer
mjoimnid-1,F5: RAMP1+
mjojndji-1,Sweat gland channel inner
mjomfdjn-1,Sweat gland channel outer
mjonbida-1,Sweat gland channel inner
mjondkeh-1,F2/3: Perivascular
mjopbglo-1,cDC
mjopciam-1,Pericyte1
mjpnjcip-1,Pericyte1
mjpnoohd-1,F2/3: Perivascular
mkacfaeh-1,F2/3: Perivascular
mkafgljo-1,Pericyte1
mkaofjmg-1,Pericyte1
mkaoonop-1,VE3_Ven
mkbhfolh-1,VE3_Ven
mkbigeod-1,VE3_Ven
mkbmcene-1,Pericyte1
mkckaheh-1,Pericyte1
mkcnfkia-1,F2/3: Perivascular
mkcolgpc-1,Pericyte1
mkcoloem-1,VE3_Ven
mkdaonmc-1,Pericyte1
mkdbmmke-1,Pericyte1
mkdceenf-1,Mac2
mkdjmjld-1,Adipocyte
mkebmkga-1,F2: Universal
mkefbnli-1,VE3_Ven
mkeldajg-1,Pericyte1
mkemakkf-1,VE3_Ven
mkemhfgo-1,F3: FRC-like
mkfddmnb-1,VE3_Ven
mkfkkpie-1,VE4_Cap
mkgfhmml-1,VE3_Ven
mkgpmmei-1,Pericyte1
mkhiijcn-1,Pericyte1
mkhimcfd-1,Adipocyte
mkhmkmfn-1,nmSchwann
mkinciae-1,Adipocyte
mkjdihpg-1,Pericyte1
mkjfecdo-1,VE3_Ven
mkkdjbde-1,F2: Universal
mkkfbffc-1,F2: Universal
mkllndbf-1,F2: Universal
mklpaikp-1,Pericyte1
mkmeodio-1,Adipocyte
mkmflmcg-1,VE3_Ven
mkmfpenh-1,VE4_Cap
mkmhagpf-1,F2/3: Perivascular
mkmmkehi-1,Pericyte1
mkmmmdje-1,VE3_Ven
mknalnbg-1,Pericyte1
mkncjiao-1,VE3_Ven
mknedkoe-1,Pericyte1
mknljnif-1,VE3_Ven
mkoageij-1,VE3_Ven
mkochdmh-1,VE1_Art
mkoflaeh-1,Pericyte1
mkogfghg-1,VE1_Art
mkohlmmh-1,VE4_Cap
mkpcaaip-1,VE3_Ven
mlaaofdi-1,Pericyte1
mladklmc-1,F2/3: Perivascular
mlaiajbc-1,Pericyte1
mlaobfoe-1,VE3_Ven
mlbclkmp-1,Pericyte1
mlbigagf-1,Tc1
mlbjappl-1,F2: Universal
mlbochjj-1,F2: Universal
mlcakbnd-1,Pericyte1
mlcdhfnl-1,Pericyte1
mlcmjjpn-1,Pericyte1
mlddgnff-1,VE3_Ven
mldikmfl-1,VE3_Ven
mldkfhlj-1,VE3_Ven
mlefpboj-1,VE3_Ven
mlejhbpm-1,F2/3: Perivascular
mlenomoe-1,Sweat gland
mlhedhpp-1,Adipocyte
mlhkmghn-1,F2/3: Perivascular
mlhoekei-1,Sweat gland channel outer
mliagjcm-1,Sweat gland channel outer
mliaplij-1,Sweat gland channel outer
mliglkgg-1,Sweat gland channel outer
mlihidek-1,Sweat gland channel inner
mlijldfb-1,Sweat gland channel outer
mlilbcoi-1,F2: Universal
mljbmimn-1,KC
mljeipdo-1,Sweat gland channel inner
mljgbjjk-1,F2: Universal
mlkdbdbg-1,F2: Universal
mlkfepfk-1,F2: Universal
mlkgepac-1,F2: Universal
mlkhhhjj-1,F2: Universal
mlklhbjl-1,VE3_Ven
mllemnkf-1,VE3_Ven
mllmpbnm-1,F2: Universal
mllnfnpd-1,Pericyte1
mllpobfo-1,VE3_Ven
mlmbbmmc-1,VE3_Ven
mlmbpgaa-1,VE3_Ven
mlmeojhg-1,F2/3: Perivascular
mlmmcihm-1,Pericyte1
mlnhhemi-1,VE3_Ven
mlnhiiin-1,VE4_Cap
mlnhpogg-1,F5: RAMP1+
mlnjenng-1,Pericyte1
mlnjmgkl-1,F2: Universal
mlnjmncf-1,Mac2
mlnkmoeo-1,F2: Universal
mlnlhjif-1,F2: Universal
mlnpofpk-1,Mast cell
mlobfomj-1,F2/3: Perivascular
mlobghlb-1,VE3_Ven
mlocnfcp-1,VE3_Ven
mlogjojo-1,VE3_Ven
mloglogk-1,VE3_Ven
mlohmcjj-1,Pericyte1
mloiaomn-1,cDC2
mlokaahh-1,Pericyte1
mlokoleh-1,F2: Universal
mlpmflel-1,Sweat gland
mlpmkjde-1,Sweat gland
mlpoodda-1,Sweat gland
mlppmcfc-1,Sweat gland
mmaahlgj-1,Sweat gland
mmahgabe-1,Sweat gland
mmamloab-1,F5: RAMP1+
mmapbdcd-1,VE4_Cap
mmbflgnk-1,Sweat gland Myoepithelial
mmbopapm-1,Sweat gland
mmbpffoo-1,Sweat gland
mmciallj-1,Sweat gland
mmckjido-1,Sweat gland
mmcnpfjc-1,Sweat gland
mmdcpbde-1,Sweat gland
mmddfnne-1,Sweat gland
mmdgbklb-1,Sweat gland
mmdhcafb-1,Sweat gland
mmdlelgh-1,Sweat gland
mmdokcee-1,Sweat gland
mmegedle-1,Sweat gland
mmehlbkd-1,Sweat gland
mmephpea-1,Sweat gland
mmfanlhl-1,Sweat gland
mmfbjdhg-1,Sweat gland
mmfdnmja-1,Sweat gland
mmfejlhe-1,Sweat gland
mmfjgbej-1,Sweat gland
mmfkokmg-1,Sweat gland
mmgbeodn-1,Sweat gland
mmgnajlj-1,Sweat gland
mmhadoji-1,F2/3: Perivascular
mmhdhaln-1,Sweat gland
mmhjehkf-1,F5: RAMP1+
mmiieepc-1,Sweat gland
mmikmcde-1,Sweat gland
mmimkpim-1,Sweat gland
mmjecngc-1,F5: RAMP1+
mmjgdkdi-1,Sweat gland
mmjigadk-1,Sweat gland
mmjkleoh-1,Sweat gland
mmjpcedg-1,Sweat gland
mmjpjono-1,Sweat gland Myoepithelial
mmkhgchk-1,Sweat gland
mmkhglfg-1,Sweat gland
mmkkkffa-1,Sweat gland
mmkofgoa-1,Sweat gland
mmlcmlll-1,Sweat gland Myoepithelial
mmlhipne-1,Sweat gland
mmmhcpmm-1,Sweat gland
mmmjgfab-1,Sweat gland
mmmminai-1,nmSchwann
mmnbfdng-1,Sweat gland
mmneiknj-1,Sweat gland
mmnkelbj-1,Sweat gland
mmnmnjed-1,Sweat gland
mmnodeih-1,Sweat gland
mmodjoik-1,Sweat gland
mmoklpko-1,Sweat gland Myoepithelial
mmpcoben-1,Sweat gland Myoepithelial
mmpfchan-1,Sweat gland Myoepithelial
mmpmihgg-1,Sweat gland
mmpogboh-1,Sweat gland Myoepithelial
mnagnjck-1,Mast cell
mnakppod-1,VE3_Ven
mnandhae-1,Sweat gland
mnbbhijg-1,Sweat gland
mnbdajlh-1,Sweat gland
mnbdlhnj-1,Sweat gland channel outer
mnbhbjgl-1,F5: RAMP1+
mnbigckp-1,Sweat gland channel outer
mnbjcija-1,Sweat gland channel inner
mnbjgnjg-1,Sweat gland channel inner
mnbkbhon-1,Sweat gland channel inner
mnblmkim-1,Sweat gland channel outer
mnchkhln-1,Sweat gland channel outer
mndaeedb-1,Sweat gland
mndpcapc-1,Sweat gland Myoepithelial
mnehfjim-1,VE4_Cap
mnepaegb-1,Sweat gland channel outer
mnfdknce-1,Sweat gland channel inner
mnffphdl-1,Sweat gland channel inner
mnfghpka-1,Sweat gland channel inner
mnfgodem-1,Sweat gland channel outer
mnfijmfn-1,Sweat gland
mngdhcdo-1,F5: RAMP1+
mngfeakn-1,Sweat gland channel outer
mngpgmko-1,VE4_Cap
mnhbchgg-1,Sweat gland channel outer
mnhokmil-1,Sweat gland
mniccoee-1,Sweat gland channel inner
mnjbdekg-1,Sweat gland channel inner
mnjkngbd-1,Sweat gland channel outer
mnkbjbbb-1,Sweat gland channel outer
mnkblggo-1,Sweat gland channel outer
mnkdlkkj-1,Sweat gland channel outer
mnkghmhf-1,Sweat gland channel outer
mnkleofm-1,Sweat gland channel inner
mnlapcpa-1,Sweat gland channel inner
mnlbanpn-1,F5: RAMP1+
mnlcfojn-1,Sweat gland channel inner
mnlimocf-1,Sweat gland channel inner
mnllcdpc-1,Sweat gland channel inner
mnloehgn-1,Sweat gland channel outer
mnlpbkep-1,Sweat gland channel outer
mnmgiedp-1,Sweat gland channel outer
mnmmnafl-1,Sweat gland channel inner
mnmnfmhi-1,Sweat gland channel inner
mnnhjolc-1,Sweat gland channel outer
mnoaipka-1,Sweat gland channel outer
mnoakngd-1,Sweat gland channel outer
mnocbjmi-1,Sweat gland channel outer
mnohbggo-1,Sweat gland channel inner
mnohohga-1,Sweat gland
mnonfbbi-1,Sweat gland
mnpahdpa-1,Sweat gland
mnpbfmah-1,Sweat gland
mnphhlic-1,Sweat gland
moadcccg-1,Sweat gland Myoepithelial
moaeipji-1,VE4_Cap
moaemcca-1,Mast cell
moafkioa-1,Sweat gland Myoepithelial
moalfnbn-1,Sweat gland Myoepithelial
mobcbnmo-1,Sweat gland
mobhldnm-1,Sweat gland
mobknihl-1,Sweat gland
moccfeid-1,Sweat gland
mocfidjp-1,Sweat gland
mocleaob-1,Sweat gland Myoepithelial
mocmifok-1,Sweat gland
mocojkfb-1,Sweat gland
modeegof-1,Sweat gland Myoepithelial
modlpghj-1,Sweat gland Myoepithelial
modmadni-1,Sweat gland Myoepithelial
modmoaio-1,Sweat gland
moeadocl-1,Sweat gland
moecficb-1,Sweat gland
moehfjig-1,Sweat gland
moehpgcn-1,Sweat gland Myoepithelial
moejbbfa-1,F5: RAMP1+
moemgldh-1,Pericyte1
moemnffk-1,Sweat gland
moeochha-1,Sweat gland
mofgiiak-1,Sweat gland
mofkdglj-1,F2: Universal
mogbegmc-1,F2: Universal
mogekcoi-1,F5: RAMP1+
mogggcgo-1,F5: RAMP1+
mogkajcl-1,Sweat gland channel outer
mohjpmij-1,Sweat gland
mohopmph-1,F2: Universal
moiaoifj-1,Sweat gland
moibfldn-1,Sweat gland
moibnbhk-1,nmSchwann
moicmmic-1,Sweat gland
moifdoeb-1,Sweat gland
moikifnk-1,Sweat gland Myoepithelial
moiliccm-1,Sweat gland
moillckn-1,Sweat gland
moinapam-1,Sweat gland
moiphgkn-1,Sweat gland
moipiojc-1,Sweat gland
mojbhhgh-1,Sweat gland
mojggdnl-1,Sweat gland
mojkmdoc-1,nmSchwann
mokbfkmi-1,Sweat gland
mokgiaae-1,Sweat gland
mokiakhb-1,Sweat gland
mokjihmp-1,Sweat gland Myoepithelial
molfdloe-1,Sweat gland Myoepithelial
moljdhdm-1,F5: RAMP1+
molmealf-1,VE4_Cap
molmmaab-1,Pericyte1
molpgggh-1,VE4_Cap
momafcgh-1,VE4_Cap
momklgip-1,Pericyte1
mommalep-1,F5: RAMP1+
monngehg-1,Sweat gland
moogcman-1,Sweat gland
moogcndb-1,Sweat gland
moohnbgp-1,Sweat gland
mopbdaip-1,Sweat gland
mopcjnko-1,Sweat gland
mopdancg-1,Sweat gland
mopedcaa-1,Sweat gland
mopekcpo-1,Sweat gland Myoepithelial
mopekkfi-1,Sweat gland
mophicdk-1,Sweat gland
mopopdmj-1,Sweat gland Myoepithelial
moppnhkm-1,nmSchwann
mpaafdlh-1,Sweat gland
mpabjcol-1,Sweat gland
mpadnhbj-1,Sweat gland
mpahejhd-1,F2/3: Perivascular
mpaljegb-1,Sweat gland
mpaopneg-1,Sweat gland
mpbbjeap-1,Sweat gland
mpbcmcbg-1,Sweat gland
mpcbdeea-1,Sweat gland
mpcblhlk-1,Sweat gland
mpcmpfjl-1,Sweat gland Myoepithelial
mpcnmldd-1,Sweat gland Myoepithelial
mpcofgjc-1,Sweat gland
mpdhkgbm-1,Sweat gland
mpdjlamp-1,Sweat gland
mpdmodgf-1,Sweat gland
mpdnkndj-1,Sweat gland
mpeiahpg-1,Sweat gland Myoepithelial
mpekadag-1,F5: RAMP1+
mpfhcbaj-1,Sweat gland
mpfpllch-1,Sweat gland
mpggndko-1,Sweat gland
mpgijfad-1,Sweat gland
mpgpabkh-1,Sweat gland
mpgpmffb-1,Sweat gland
mphcnpfe-1,Sweat gland Myoepithelial
mpheecmf-1,Sweat gland
mphhlmhb-1,Sweat gland
mphkbehd-1,Sweat gland
mpikpajl-1,Sweat gland
mpjaadhl-1,Sweat gland
mpjkhimk-1,Mac2
mpjnjlkd-1,F5: RAMP1+
mpkccfhe-1,F5: RAMP1+
mpkdcafo-1,F5: RAMP1+
mpkfojip-1,Sweat gland
mpkkmgml-1,Sweat gland
mplacocf-1,Sweat gland
mplbbljj-1,Sweat gland
mplgamkb-1,Sweat gland
mpliiieb-1,Sweat gland
mplinied-1,Sweat gland
mpmkdigk-1,Sweat gland
mpneddhp-1,Sweat gland
mpngdnao-1,Sweat gland
mpnjchol-1,Sweat gland
mpnjgjlm-1,Sweat gland
mpnjlmhn-1,VE4_Cap
mpnnhaei-1,Sweat gland
mpomhnmh-1,Sweat gland
mppadmpg-1,Pericyte2_VSMC
mppdemkc-1,VE1_Art
mppigloo-1,VE1_Art
mpplfkcf-1,Pericyte2_VSMC
mppndmnf-1,F2: Universal
mpppoeba-1,F2: Universal
naafdglh-1,F2: Universal
naajcdde-1,F2: Universal
naajjlnb-1,F2: Universal
naalaijh-1,F2: Universal
nabnildo-1,Pericyte2_VSMC
nabplbgl-1,Pericyte2_VSMC
nacahoja-1,Pericyte2_VSMC
nacbkkgb-1,Pericyte2_VSMC
nachnbfj-1,Sweat gland
naciddfb-1,Sweat gland
nacioonl-1,Sweat gland
nackfeop-1,VE4_Cap
nacockgd-1,cDC
nacoelni-1,Mac2
nadfeiej-1,VE4_Cap
nadhglmg-1,F5: NGFR+
nadllmhk-1,F5: NGFR+
nadonogf-1,F2/3: Perivascular
naelimee-1,cDC
nagfbnob-1,cDC2
nahdkppo-1,VE4_Cap
nahlnnbb-1,Sweat gland
nahoabpg-1,VE4_Cap
naiekmaj-1,F5: RAMP1+
naimajni-1,Sweat gland
naipdejl-1,Sweat gland
najchoop-1,Sweat gland
najkfjon-1,Sweat gland
najnbalh-1,nmSchwann
najpillh-1,KC
nakfidmc-1,nmSchwann
nakgfjgk-1,nmSchwann
nakjbhbb-1,F5: NGFR+
nalpfknj-1,Sweat gland
nambkmnc-1,F2/3: Perivascular
namhnaig-1,F5: RAMP1+
namkglpc-1,Sweat gland
namnlejg-1,Sweat gland
namoilim-1,VE4_Cap
nanbblpn-1,Sweat gland
naoanbnk-1,Sweat gland
naodjmak-1,Sweat gland
naogcopn-1,Sweat gland Myoepithelial
naogihdl-1,Pericyte1
naoigjae-1,Pericyte1
naojppkc-1,F5: NGFR+
naomeobg-1,nmSchwann
napabpkc-1,Sweat gland
napdjnlh-1,Sweat gland
napffgen-1,Sweat gland
nbabagad-1,Sweat gland
nbabonai-1,Sweat gland
nbagpemk-1,Sweat gland
nbaijdac-1,Sweat gland Myoepithelial
nbajfjfj-1,Sweat gland Myoepithelial
nbalonfi-1,nmSchwann
nbanekao-1,Sweat gland
nbbapccj-1,Sweat gland Myoepithelial
nbbbkjhh-1,Sweat gland
nbbckndf-1,Sweat gland
nbbeomne-1,F5: RAMP1+
nbbpnohp-1,nmSchwann
nbcbjoke-1,Sweat gland Myoepithelial
nbcefamh-1,Sweat gland
nbcempfm-1,Sweat gland
nbciphfb-1,F5: RAMP1+
nbcjmnpe-1,nmSchwann
nbcmdank-1,nmSchwann
nbcnahkh-1,nmSchwann
nbdaocik-1,VE4_Cap
nbdilnjf-1,F5: RAMP1+
nbdlmled-1,nmSchwann
nbdmgegp-1,Pericyte2_VSMC
nbdondan-1,Pericyte2_VSMC
nbeikfce-1,Pericyte2_VSMC
nbeplccb-1,Pericyte2_VSMC
nbfhdfda-1,F2: Universal
nbfiggbb-1,Smooth muscle
nbfkhkih-1,Pericyte2_VSMC
nbgbphce-1,Pericyte2_VSMC
nbggfkpn-1,Pericyte2_VSMC
nbgkdljl-1,Pericyte2_VSMC
nbgnabad-1,Pericyte2_VSMC
nbgnmjai-1,Pericyte2_VSMC
nbidnhne-1,Pericyte2_VSMC
nbikefgg-1,Pericyte2_VSMC
nbjoajjo-1,F2/3: Perivascular
nbkeagne-1,Mast cell
nbkimloc-1,F2: Universal
nblepcah-1,F2/3: Perivascular
nblgcfop-1,VE1_Art
nblmonmp-1,Pericyte2_VSMC
nbmapclc-1,Pericyte2_VSMC
nbmbffhh-1,Pericyte2_VSMC
nbmmhdba-1,Pericyte2_VSMC
nbmnncjd-1,Pericyte2_VSMC
nbnclhmb-1,Pericyte2_VSMC
nbnfknmf-1,Sweat gland
nbnjoffl-1,Sweat gland
nbnnndae-1,Sweat gland
nbnpbkoj-1,Sweat gland
nboajjdb-1,Sweat gland
nbofneao-1,VE4_Cap
nbojpiak-1,Pericyte1
nbonboho-1,Sweat gland
nbopdppa-1,Sweat gland
nbpangfn-1,Sweat gland
ncbalmjl-1,Sweat gland
ncbcfbbb-1,Sweat gland
ncbdhlik-1,Sweat gland
ncbmcldl-1,Sweat gland
nccdmeag-1,Sweat gland
nccghplf-1,Sweat gland
ncckgifc-1,Sweat gland
ncconlna-1,Sweat gland
ncdjfiol-1,Mast cell
ncdjpifj-1,VE4_Cap
ncdnalmd-1,F5: RAMP1+
ncdpocio-1,Sweat gland Myoepithelial
nceeffni-1,F2/3: Perivascular
ncehbdmn-1,VE4_Cap
ncehnmlc-1,Sweat gland Myoepithelial
nceiacha-1,Sweat gland Myoepithelial
ncenidme-1,Sweat gland
nceojnpm-1,Sweat gland
ncfamjpg-1,F5: RAMP1+
ncffkipp-1,Sweat gland Myoepithelial
ncflghne-1,Sweat gland Myoepithelial
ncfnpnkl-1,Sweat gland
ncfpjgnl-1,VE3_Ven
ncfppifb-1,F5: RAMP1+
ncglpajh-1,nmSchwann
ncgplkmk-1,F5: RAMP1+
nchbcpoi-1,nmSchwann
nchcjfao-1,nmSchwann
nchfebon-1,nmSchwann
nchhdbfi-1,F5: NGFR+
nchhenhl-1,F2/3: Perivascular
ncibkfok-1,F2/3: Perivascular
ncijhmok-1,F2/3: Perivascular
nciomibe-1,Sweat gland
ncjgjifa-1,Sweat gland
ncjmaboc-1,Sweat gland
nckejobm-1,Sweat gland
nckgpdnb-1,Pericyte1
ncklhfgj-1,F2/3: Perivascular
nckmkaaa-1,F2/3: Perivascular
nckpdokj-1,Mac2
nclabgkn-1,VE4_Cap
nclbnooe-1,Sweat gland
nclcjdeo-1,Sweat gland
nclhibbd-1,Sweat gland
ncljjbma-1,Sweat gland
nclleiak-1,F2/3: Perivascular
ncmoipea-1,Sweat gland
ncmpehan-1,Mast cell
ncncgolb-1,Pericyte1
ncnebfdi-1,nmSchwann
ncnehfmj-1,Mac2
ncpcfhmm-1,F2: Universal
ndaceoni-1,F2: Universal
ndachljf-1,F2: Universal
ndanlppl-1,F2: Universal
ndbdfjjb-1,F2: Universal
ndbehkln-1,Pericyte1
ndbjgcgn-1,F5: NGFR+
ndbkldij-1,nmSchwann
ndboggjm-1,mSchwann
ndbogkab-1,nmSchwann
ndcalldh-1,VE4_Cap
ndccfddf-1,F5: NGFR+
ndcijlfn-1,F5: NGFR+
ndclejic-1,nmSchwann
ndclidei-1,Sweat gland
nddehjgn-1,Sweat gland
nddghlhh-1,Sweat gland Myoepithelial
nddkahmo-1,Sweat gland
nddkpbnp-1,Sweat gland
nddnhhgj-1,Sweat gland
ndeekgdi-1,Sweat gland
ndefbebg-1,Sweat gland Myoepithelial
ndeiendh-1,Sweat gland
ndelhhcm-1,F5: RAMP1+
ndepdbkc-1,Mac2
ndfaohen-1,F2/3: Perivascular
ndfbdklm-1,Pericyte1
ndfofnoc-1,VE3_Ven
ndgbceha-1,F3: FRC-like
ndgbjlnn-1,F2/3: Perivascular
ndgfcbpb-1,Sweat gland
ndggjfce-1,Sweat gland
ndghfkcj-1,Sweat gland
ndgimajm-1,Sweat gland Myoepithelial
ndgjbhjp-1,Sweat gland Myoepithelial
ndgjcnje-1,Sweat gland Myoepithelial
ndglkeao-1,Sweat gland
ndhajkfn-1,Sweat gland
ndhbmfde-1,Sweat gland
ndhmjdjj-1,Sweat gland
ndifdkad-1,F5: RAMP1+
ndiiaeop-1,Sweat gland
ndilbhmk-1,Sweat gland
ndioilhe-1,Sweat gland
ndjdobje-1,Sweat gland
ndjfdnki-1,Sweat gland
ndjgmkci-1,F5: RAMP1+
ndjiphai-1,F2: Universal
ndjmopfk-1,Sweat gland
ndkbmkog-1,VE4_Cap
ndkclbih-1,F2/3: Perivascular
ndkgpgoj-1,VE3_Ven
ndkknhjm-1,VE4_Cap
ndlcpndd-1,nmSchwann
ndlhglja-1,Sweat gland
ndlhikdo-1,Sweat gland Myoepithelial
ndljhadd-1,VE4_Cap
ndljigje-1,VE4_Cap
ndloldol-1,Pericyte1
ndmjmgdk-1,VE3_Ven
ndmmpekb-1,Pericyte1
ndnaholg-1,F5: RAMP1+
ndnfpdnm-1,VE4_Cap
ndnlcdhl-1,Mac2
ndnoaokd-1,Pericyte1
ndnpiekm-1,Sweat gland
ndnpobjn-1,Sweat gland
ndodfpbd-1,Sweat gland
ndofgfmf-1,F5: RAMP1+
ndofhefa-1,Sweat gland
ndohbfdl-1,F5: RAMP1+
ndpepijn-1,nmSchwann
ndpfgnao-1,Sweat gland
ndpmllbp-1,Sweat gland
neaabkkf-1,Sweat gland
neablbgo-1,Sweat gland Myoepithelial
neaimlac-1,Sweat gland
nebcgcha-1,Sweat gland
nebehbkb-1,Sweat gland
nebhfkja-1,Sweat gland
nebidofi-1,VE4_Cap
neblapgn-1,VE4_Cap
nebplcfk-1,Sweat gland Myoepithelial
necacckg-1,F5: RAMP1+
necdpdfo-1,F5: RAMP1+
necenibd-1,Sweat gland
necjfhha-1,Sweat gland
nednfeio-1,Sweat gland
nedpobkb-1,Sweat gland
neediono-1,Sweat gland Myoepithelial
neeiaodo-1,Sweat gland
neekjlao-1,Sweat gland Myoepithelial
neeniahi-1,Sweat gland
nefcfpap-1,Sweat gland
nefkmpdg-1,Sweat gland
nefpdgdd-1,Sweat gland
negaabie-1,Sweat gland
negemhmo-1,Sweat gland
negiingn-1,F2/3: Perivascular
nehmmaoj-1,Pericyte2_VSMC
nehpbank-1,Mac2
neifjhnf-1,nmSchwann
neihcjep-1,Adipocyte
neiknblc-1,Adipocyte
neilehkh-1,VE4_Cap
neimafln-1,Pericyte1
nejbndjf-1,Pericyte1
nejdfhdd-1,VE4_Cap
nejfjjll-1,F2/3: Perivascular
nejhgobe-1,F2/3: Perivascular
nejhooco-1,Mac2
nejlmgcn-1,Pericyte1
nejmpfap-1,VE4_Cap
nejpdmof-1,VE4_Cap
nekcegec-1,Pericyte1
nekklbci-1,nmSchwann
nekmeobj-1,nmSchwann
nekohekg-1,Sweat gland
nelbhagf-1,Sweat gland Myoepithelial
nelcembd-1,F5: RAMP1+
nelefcio-1,VE4_Cap
nelhlhkl-1,F2: Universal
nelkldde-1,F2: Universal
nelnbkfc-1,F2: Universal
nemdlegj-1,F2: Universal
nemdlejm-1,Sweat gland
nemjaebn-1,KC
nemjlejo-1,F2/3: Perivascular
nemlfgom-1,Sweat gland
nenbilmd-1,Sweat gland
nenhpdim-1,Sweat gland
nenkeffd-1,Sweat gland
nenloepm-1,cDC2: MMP12hi
neoibeph-1,F5: RAMP1+
neoninki-1,Sweat gland
neoogajf-1,Sweat gland Myoepithelial
nepcllld-1,cDC2: MMP12hi
nepegiia-1,Sweat gland
nfafenah-1,Sweat gland Myoepithelial
nfaggcmj-1,Sweat gland
nfangolg-1,Sweat gland
nfbekcod-1,Sweat gland
nfbjlekh-1,Sweat gland
nfbkjked-1,Sweat gland
nfbomiko-1,Sweat gland
nfceabpk-1,VE4_Cap
nfcemljh-1,Sweat gland
nfclclab-1,Sweat gland
nfcledda-1,Sweat gland
nfdaahhm-1,Sweat gland
nfdekbdg-1,Sweat gland
nfdeoado-1,Sweat gland
nfdjpmep-1,Sweat gland
nfdkaomc-1,Sweat gland Myoepithelial
nfdkkkin-1,Sweat gland
nfedpmjj-1,Sweat gland Myoepithelial
nffcbjge-1,Sweat gland
nffgnpda-1,Sweat gland
nfflibeg-1,Sweat gland Myoepithelial
nffnkalj-1,Sweat gland Myoepithelial
nffogokg-1,Sweat gland
nfgeemam-1,Sweat gland
nfgfcgbh-1,Sweat gland
nfgjlpbp-1,Sweat gland
nfgpemem-1,Sweat gland
nfhbbioj-1,Sweat gland
nfhccmjo-1,Sweat gland
nfhefhdn-1,Pericyte1
nfhjffho-1,VE3_Ven
nfhkfaef-1,VE3_Ven
nfiapmlm-1,F5: RAMP1+
nficcdfe-1,Sweat gland Myoepithelial
nfiehnle-1,F5: RAMP1+
nfifplki-1,Sweat gland Myoepithelial
nfjbjppn-1,Sweat gland
nfjeflid-1,nmSchwann
nfjgkacn-1,nmSchwann
nfjibndp-1,F5: RAMP1+
nfjjfkmb-1,Sweat gland Myoepithelial
nfjloneh-1,VE4_Cap
nfjogdkf-1,VE4_Cap
nfkaappn-1,VE4_Cap
nfkkhbpd-1,Sweat gland
nfkkpkni-1,Sweat gland
nfklncmf-1,Sweat gland
nfknpdof-1,Sweat gland
nflafmdd-1,Sweat gland
nflenind-1,Sweat gland
nflfhdbp-1,Sweat gland
nfllohbm-1,Sweat gland Myoepithelial
nfloehdm-1,Sweat gland Myoepithelial
nfmjmjjj-1,Sweat gland
nfmppjcp-1,Sweat gland
nfnanbbm-1,Sweat gland Myoepithelial
nfnbfggc-1,Mast cell
nfnldaee-1,F5: RAMP1+
nfnldpkh-1,Pericyte1
nfnmbgkn-1,VE4_Cap
nfobamie-1,VE4_Cap
nfofmpcm-1,Tc1
nfogcekf-1,Sweat gland
nfokhcod-1,Sweat gland
nfonkikn-1,Sweat gland
nfoohcal-1,Sweat gland
nfoojpon-1,VE4_Cap
nfphbheb-1,Mac2
nfpkmhjl-1,Pericyte1
nfpnoefe-1,Pericyte1
ngaanpco-1,Sweat gland
ngabcpap-1,Sweat gland
ngajgeef-1,Sweat gland
ngakadpl-1,Sweat gland
ngbneioc-1,F2: Universal
ngcbganl-1,VE4_Cap
ngcepfnl-1,Mast cell
ngcgmgjm-1,Sweat gland
ngchbfop-1,Sweat gland
ngcnmdij-1,Sweat gland
ngdfofnm-1,Sweat gland
ngdihoja-1,Sweat gland
ngdjkeej-1,Sweat gland
ngeakjeg-1,Sweat gland
ngefpedn-1,Sweat gland
ngelcico-1,F5: RAMP1+
ngfdibkg-1,Sweat gland
ngfffncd-1,Sweat gland
ngfghhng-1,Sweat gland Myoepithelial
ngfncakn-1,Sweat gland
nggaffmc-1,Sweat gland
nggcnpoj-1,Sweat gland
nggifgnl-1,Sweat gland
nghdfbma-1,Sweat gland
nghmmajh-1,VE4_Cap
nghpandb-1,VE4_Cap
nghpgbgd-1,VE4_Cap
ngiaclno-1,F5: RAMP1+
ngicbmff-1,Sweat gland
ngiecpaj-1,Sweat gland
ngigcghm-1,F5: RAMP1+
ngihjfom-1,Sweat gland Myoepithelial
ngikfbah-1,Sweat gland
ngimomlb-1,Sweat gland
ngjeecjb-1,F5: RAMP1+
ngjhbkbl-1,Sweat gland
ngjjdhad-1,Pericyte1
ngjjlehd-1,Pericyte1
ngjofgmf-1,F5: RAMP1+
ngkfeddo-1,VE4_Cap
ngkfhdcf-1,Sweat gland
ngkgioll-1,Sweat gland
ngkmpdfo-1,Sweat gland
ngknfnah-1,Sweat gland
ngkooaba-1,Sweat gland
ngkplkon-1,Sweat gland Myoepithelial
nglbeddb-1,Sweat gland
nglchbhi-1,Sweat gland
nglcnino-1,Sweat gland
nglcoajn-1,Sweat gland
nglpbgbc-1,Sweat gland
ngmacala-1,Sweat gland
ngmajkom-1,Sweat gland
ngmnfggo-1,Sweat gland
ngmnkmhd-1,Sweat gland
ngnmilom-1,Sweat gland
ngocbdbl-1,Sweat gland
ngoccngk-1,Sweat gland
ngofhmcj-1,Sweat gland
ngoflgjn-1,Sweat gland
ngolfdmp-1,Sweat gland
ngomojmg-1,Sweat gland
ngpbhbln-1,Sweat gland
ngpgeack-1,Sweat gland
ngpgnpae-1,Sweat gland
ngpngejh-1,Sweat gland
nhaifcpn-1,Sweat gland
nhambgod-1,Sweat gland
nhamebbh-1,Sweat gland
nhanomak-1,Sweat gland
nhbbhpkd-1,Sweat gland
nhbdmnbf-1,Sweat gland
nhbldcho-1,Sweat gland
nhcapcak-1,Sweat gland
nhccajko-1,Sweat gland
nhcelgcf-1,Sweat gland
nhcgfllp-1,Sweat gland
nhcikchm-1,Sweat gland
nhcjeefa-1,Pericyte1
nhdgkmmj-1,Mast cell
nhdhiabh-1,F2: Universal
nhdjiena-1,VE3_Ven
nhehjidf-1,VE3_Ven
nhemnnnn-1,Tc3_IFNGhi
nhenboap-1,F2/3: Perivascular
nhfbakei-1,VE3_Ven
nhffdnce-1,VE3_Ven
nhfhmaea-1,VE3_Ven
nhflemja-1,VE4_Cap
nhfnhgfi-1,mSchwann
nhfopejc-1,VE4_Cap
nhfpmdgg-1,Pericyte1
nhgelcgb-1,Pericyte1
nhgimkdf-1,F2/3: Perivascular
nhgnkbpg-1,F2/3: Perivascular
nhhlmijo-1,cDC2
nhhmkndd-1,Pericyte1
nhichbdm-1,Pericyte1
nhifdhem-1,Pericyte1
nhifijfj-1,Pericyte1
nhilgkid-1,Pericyte1
nhiljjik-1,VE3_Ven
nhinacle-1,Pericyte1
nhindici-1,F2: Universal
nhjdmpem-1,F3: FRC-like
nhjlbjjj-1,VE3_Ven
nhkbbgcl-1,VE3_Ven
nhkidjfc-1,VE3_Ven
nhlbnanp-1,VE3_Ven
nhlcbang-1,F5: NGFR+
nhlndkkj-1,mSchwann
nhmmaaod-1,F5: NGFR+
nhncpnla-1,Pericyte1
nhndnmgi-1,F2: Universal
nhneaoco-1,F2/3: Perivascular
nhnfcfdf-1,Pericyte1
nhobpmpp-1,VE4_Cap
nhpbpjpl-1,VE4_Cap
nhphjlob-1,VE4_Cap
nhpjbffk-1,VE3_Ven
nhplogak-1,Pericyte1
nhpnllmi-1,F2/3: Perivascular
niaakeam-1,Pericyte1
niaebomo-1,F2/3: Perivascular
niagbajb-1,F2/3: Perivascular
niajepjk-1,Pericyte1
niammkhf-1,Pericyte1
nibdgmeg-1,VE4_Cap
nibecpmj-1,F5: NGFR+
nibgldgc-1,F2/3: Perivascular
nibiokhp-1,Pericyte2_VSMC
nibokegi-1,Pericyte1
nicakabj-1,mSchwann
nicikode-1,F5: NGFR+
nicilafi-1,F2/3: Perivascular
niclddga-1,Pericyte1
nicledbn-1,cDC2: MMP12hi
nicpmgme-1,VE3_Ven
nidigmcm-1,VE3_Ven
nidjhckp-1,VE3_Ven
nidjmehg-1,F2/3: Perivascular
nidkmlge-1,Pericyte1
nidoefbi-1,Pericyte1
niefogge-1,Mac2
nieggpdo-1,F3: FRC-like
niehiako-1,Pericyte2_VSMC
niekbgpf-1,Pericyte2_VSMC
nifakbmn-1,Pericyte2_VSMC
nifbmdfk-1,Pericyte2_VSMC
nifeeape-1,Pericyte2_VSMC
nifffngm-1,Pericyte2_VSMC
nifncnlg-1,Pericyte2_VSMC
nifpcnhk-1,VE1_Art
nigbfeah-1,VE1_Art
nigffnlc-1,VE1_Art
nighodol-1,VE1_Art
nigkfnkf-1,Pericyte2_VSMC
niglpojo-1,Pericyte2_VSMC
nignlcje-1,VE1_Art
nihegoib-1,VE1_Art
niinogmp-1,F2: Universal
nijegjpf-1,Pericyte1
nijelcbc-1,VE3_Ven
nijiaapi-1,Pericyte2_VSMC
nijmkhjk-1,Pericyte2_VSMC
nikbbnja-1,Pericyte2_VSMC
nikgagme-1,Pericyte2_VSMC
nikgbehi-1,Pericyte2_VSMC
nikjekag-1,VE1_Art
nikmndgk-1,Pericyte2_VSMC
nilbgmbn-1,Pericyte2_VSMC
nilemhop-1,Pericyte2_VSMC
nilffjon-1,VE1_Art
nilfocba-1,Sweat gland Myoepithelial
nilhlbdp-1,Sweat gland
nilmiblo-1,Sweat gland
nilmnibd-1,Sweat gland
nilpbinh-1,Sweat gland
nimacpjh-1,F2/3: Perivascular
nimigkme-1,F2/3: Perivascular
nimnndnl-1,Adipocyte
ninfchma-1,Mac2
ningneml-1,nmSchwann
niniccbk-1,Sweat gland
ninihaga-1,F5: RAMP1+
ninjfpaa-1,nmSchwann
ninkmoil-1,VE4_Cap
ninmfiih-1,Pericyte1
niobcand-1,nmSchwann
niocioaj-1,Pericyte1
niohpien-1,Pericyte1
nioiohib-1,Pericyte1
nioneili-1,F2/3: Perivascular
nipgjgnb-1,nmSchwann
niphacij-1,nmSchwann
nipibmpm-1,mSchwann
nipllmaf-1,F5: NGFR+
nippeipk-1,F5: NGFR+
njagffdo-1,KC5
njbdmacj-1,F1: Superficial
njbjgknb-1,KC
njcbgpce-1,KC5
njcfnpfi-1,KC5
njcgkada-1,Pericyte1
njchedlp-1,KC1
njdaoion-1,KC5
njddkggo-1,T
njdimknf-1,KC
njdmjgga-1,Mast cell
njfkpenb-1,F2: Universal
njfmkdhd-1,Smooth muscle
njfojkfi-1,Smooth muscle
njfpdabn-1,Smooth muscle
njgadieb-1,Smooth muscle
njhakckm-1,Smooth muscle
njidmfam-1,Smooth muscle
njiihjnf-1,Pericyte1
njimlpbm-1,F2: Universal
njjnnpjc-1,T
njkemlnp-1,F2: Universal
njknflkd-1,F2: Universal
njlpmpnn-1,T
njnhbcbe-1,Smooth muscle
njnifiab-1,Smooth muscle
njnmomdm-1,T
njoefggm-1,F2: Universal
njogcocl-1,F2: Universal
njpdbdcl-1,Pericyte1
njpdfffp-1,Pericyte1
njpdmbpk-1,Mast cell
njpfpgec-1,Mast cell
njpihbed-1,F1: Superficial
njpjgfnl-1,Pericyte1
nkaanolc-1,Mac2
nkadmdcm-1,Mast cell
nkambhcn-1,KC1
nkbaagmp-1,F2: Universal
nkbdkdop-1,Smooth muscle
nkbedbcl-1,F2: Universal
nkbfpplg-1,Smooth muscle
nkbglkco-1,Mast cell
nkboffgn-1,F2: Universal
nkcclbel-1,F2: Universal
nkcldmia-1,KC5
nkfgenmh-1,F2: Universal
nkgfdlfm-1,KC3
nkghfjin-1,KC5
nkgkgaik-1,KC5
nkgllbkm-1,KC3
nkgnbibm-1,F2: Universal
nkhhojim-1,KC5
nkighgkk-1,Mast cell
nkjginbd-1,F2: Universal
nkkhjbih-1,F1: Superficial
nkkhkakh-1,KC5
nkklkpmf-1,LE
nklnndco-1,LE
nknfpnkd-1,KC1
nknggaci-1,F1: Superficial
nknjiale-1,KC1
nkojplle-1,F1: Superficial
nkpmmbja-1,KC5
nlaeoiak-1,KC
nlaillck-1,F1: Superficial
nlajffkd-1,F2: Universal
nlaoegkf-1,T
nlapeapo-1,nmSchwann
nlbbcklb-1,F2: Universal
nlbcamjp-1,Mac2
nldhlepi-1,F2: Universal
nldjblfc-1,Pericyte1
nldjkddi-1,F2: Universal
nlebhpga-1,KC1
nlfckojf-1,F1: Superficial
nlfkgccf-1,T
nlgfbeah-1,F1: Superficial
nlhfjbhi-1,Pericyte1
nlhfpecg-1,Pericyte2_VSMC
nlhhkoan-1,KC5
nlhiinil-1,KC5
nljkgpke-1,VE3_Ven
nljmodgp-1,VE3_Ven
nljogdhd-1,KC
nlkafkpo-1,VE3_Ven
nlkdlned-1,F3: FRC-like
nlkggili-1,Pericyte1
nlkldhnp-1,F1: Superficial
nlkpneab-1,VE3_Ven
nlllgaaj-1,VE3_Ven
nllnjpdk-1,VE3_Ven
nlmflamj-1,Pericyte1
nlmgdpfn-1,cDC2
nlmlkadm-1,Mast cell
nlmmkimh-1,F1: Superficial
nlmpekhl-1,F1: Superficial
nlndnmem-1,F1: Superficial
nlnegejj-1,LE
nlngehof-1,F1: Superficial
nlnjkneb-1,VE3_Ven
nlnopahc-1,Pericyte1
nlofblfl-1,KC1
nlofgfdd-1,Mac2
nlpdjgmk-1,Mac2
nlpelofb-1,F1: Superficial
nlpgkomj-1,cDC
nmaagglj-1,F1: Superficial
nmackegm-1,Pericyte1
nmacnfgo-1,VE3_Ven
nmaofnpi-1,F1: Superficial
nmbipjmp-1,Mast cell
nmbmopdc-1,Mac2
nmbnahmn-1,Mast cell
nmbnimmk-1,Pericyte1
nmcmpkjn-1,F2: Universal
nmcnjodg-1,F2: Universal
nmdodchf-1,Mast cell
nmdoncfd-1,T
nmeaedmb-1,F1: Superficial
nmfhkdjo-1,Pericyte1
nmglfecj-1,KC5
nmgmeloa-1,KC1
nmilppkk-1,F5: RAMP1+
nmjdcbjh-1,F3: FRC-like
nmjijbmh-1,cDC
nmjkbamf-1,F3: FRC-like
nmjmdmaj-1,Mast cell
nmkbldob-1,F5: RAMP1+
nmmlnnhm-1,F2: Universal
nmmmgfeb-1,Tc1
nmneondh-1,F2: Universal
nmpalphl-1,Sweat gland
nmpbienc-1,Adipocyte
nmpipmki-1,F5: RAMP1+
nmpjadln-1,F5: RAMP1+
nmpjkdig-1,F2: Universal
nmpkoibm-1,F2: Universal
nmppoeni-1,F5: RAMP1+
nnaggdoh-1,Mac2
nnapebmb-1,F5: RAMP1+
nnbclchm-1,NK
nnbejgko-1,F5: RAMP1+
nnbldgcd-1,nmSchwann
nnbnmnad-1,F5: RAMP1+
nnbnpikm-1,F5: RAMP1+
nnbphkhb-1,nmSchwann
nncgjdgg-1,Sweat gland
nnchkeio-1,VE4_Cap
nncinecp-1,nmSchwann
nncjnbmb-1,F5: RAMP1+
nncobghk-1,Sweat gland Myoepithelial
nnddlmjg-1,F5: RAMP1+
nndnladg-1,Sweat gland channel inner
nndplcho-1,Sweat gland Myoepithelial
nnebfkem-1,KC
nnfaoaan-1,F2: Universal
nnflbamo-1,F2: Universal
nnggaeoj-1,F2: Universal
nngohehn-1,F2: Universal
nnhnmnef-1,F2: Universal
nnipgbgi-1,F2: Universal
nnjllkii-1,F2: Universal
nnlbdoim-1,F2: Universal
nnlbiocd-1,F2: Universal
nnmbboon-1,Adipocyte
nnmhpcnk-1,F2: Universal
nnmlaigk-1,F2: Universal
nnmlklbp-1,Pericyte1
nnncahnc-1,Pericyte1
nnojfaoc-1,F2: Universal
nnoklepd-1,F2/3: Perivascular
nobcfmjo-1,nmSchwann
nobcofpf-1,Smooth muscle
nodlgapo-1,T
nodnjeap-1,F2: Universal
noegkefh-1,Smooth muscle
noflkohh-1,F2: Universal
noflncdf-1,Smooth muscle
nogdafic-1,F5: RAMP1+
nogjcfbo-1,Smooth muscle
nohhmkhd-1,F2/3: Perivascular
nohleloh-1,F2: Universal
nohpejnp-1,F2: Universal
noiaobpl-1,Smooth muscle
noiimnao-1,F2: Universal
noikdaed-1,F2: Universal
noiphbdk-1,F2: Universal
noipjdnj-1,nmSchwann
nojadodp-1,Smooth muscle
nojajjig-1,Smooth muscle
nojpfemj-1,Smooth muscle
nokabpeb-1,Smooth muscle
nokccoig-1,Smooth muscle
nokldhii-1,Smooth muscle
nolfajbn-1,Pericyte1
nolhndoa-1,Pericyte1
nombpifj-1,Pericyte1
nomcgejf-1,T
nomfdnoh-1,T
nonaejhn-1,F2/3: Perivascular
nonakbjk-1,Mast cell
noneoice-1,F2/3: Perivascular
nonlfabb-1,Pericyte1
nonojchp-1,Smooth muscle
nonpoeid-1,Smooth muscle
nopgcdjg-1,Smooth muscle
nopgfffb-1,Smooth muscle
nopklmmp-1,Smooth muscle
npacpkjp-1,Smooth muscle
npailhba-1,Smooth muscle
npbglkfc-1,Smooth muscle
npbjggld-1,Smooth muscle
npblcgpi-1,Smooth muscle
npbmlfkg-1,Smooth muscle
npcafecj-1,Smooth muscle
npcapack-1,Smooth muscle
npcbedfg-1,Smooth muscle
npccomii-1,Smooth muscle
npcdjdol-1,Smooth muscle
npcecnci-1,nmSchwann
npcjhhde-1,Pericyte1
npcpjnli-1,Smooth muscle
npcppeac-1,F2: Universal
npddahbn-1,Mac2
npdeclbp-1,F2: Universal
npdfanhf-1,Mast cell
npdjlceo-1,VE1_Art
npdkjjfm-1,Pericyte1
npeabecp-1,Mac2
npehfekb-1,Mac2
npgepmko-1,Mac2
npgfnokl-1,F2: Universal
npggkebb-1,F2: Universal
nphedfef-1,T
nphmngog-1,Mast cell
nphphmcg-1,Mast cell
npieddhk-1,F2: Universal
npjakeam-1,F2: Universal
npjhhigp-1,F2: Universal
npkbblhd-1,F2: Universal
npkbjbkc-1,Mast cell
nplgeknj-1,F2: Universal
nplilifj-1,F2: Universal
nplpmbgh-1,F2: Universal
npmgoain-1,F2: Universal
npmkenac-1,F2: Universal
npoedggf-1,F2/3: Perivascular
npokjckg-1,F2: Universal
oaahhieo-1,F2: Universal
oaakikgi-1,Mac2
oabbicpb-1,Pericyte2_VSMC
oabckagd-1,Pericyte1
oabhhgko-1,F1: Superficial
oacepdaf-1,Pericyte2_VSMC
oaclcfjh-1,KC5
oaddaajk-1,F1: Superficial
oadddeem-1,Mac2
oadgkenb-1,T
oadgobih-1,F1: Superficial
oadnjdpm-1,KC5
oafcjlei-1,Pericyte1
oagehkdd-1,Mast cell
oaggmgik-1,F2: Universal
oagkmbkb-1,F2: Universal
oahbemnm-1,F2: Universal
oahepnbl-1,F1: Superficial
oahfceae-1,LE
oaiknaek-1,F1: Superficial
oajifiab-1,F1: Superficial
oajkgdec-1,F1: Superficial
oaknkjif-1,KC5
oalbllca-1,KC1
oaljonll-1,KC5
oalpcecb-1,KC5
oamconlh-1,KC5
oanbcgbh-1,F1: Superficial
oanbibgb-1,Pericyte1
oanocchj-1,F2: Universal
oanojjka-1,T
oanomolp-1,LE
oaokbicf-1,Mac2
oaplemcb-1,Melanocyte
oaplhlgf-1,Melanocyte
obabfpom-1,KC5
obafocbk-1,KC5
obahodld-1,KC5
obaicdfp-1,T
obamehpf-1,Mast cell
obampagg-1,nmSchwann
obbbbpbe-1,KC1
obbkdpbk-1,Mast cell
obboaekd-1,KC1
obcagakc-1,F1: Superficial
obcobmco-1,F1: Superficial
obdmanoi-1,Mast cell
obdmbdno-1,Mast cell
obdmgomd-1,KC5
obdmjbkc-1,KC
obdmlilm-1,KC5
obdoilbj-1,KC5
obeblpbk-1,KC5
obendmaf-1,KC3
obepmogh-1,KC3
obfioheg-1,KC
obfipogf-1,KC1
obfjnacd-1,KC3
obfkcinc-1,KC3
obgfkhpd-1,F2: Universal
obgphcdj-1,Pericyte1
obhbjgcl-1,F1: Superficial
obhicdnp-1,LE
obhkefdl-1,Mast cell
obioimpi-1,LE
obkgcaec-1,Mast cell
obkhhhnh-1,F1: Superficial
obkinelm-1,Mast cell
oblaihid-1,F1: Superficial
obnejbkl-1,F2: Universal
obnkmkad-1,KC
obnmcdcb-1,F1: Superficial
oboecklf-1,F2: Universal
obooagkf-1,F2: Universal
ocabpjan-1,Mast cell
ocadhach-1,Pericyte1
ocadoeba-1,F1: Superficial
ocamaphm-1,F1: Superficial
ocbeffbe-1,F1: Superficial
occminma-1,F2: Universal
ocdkonjf-1,Pericyte1
ocgbmcnd-1,F2: Universal
ocgjhmie-1,F2: Universal
ochfjdnm-1,F3: FRC-like
ochjnkjg-1,F2: Universal
ochomgci-1,F2: Universal
ochpggcc-1,F2: Universal
ociaccpl-1,F2: Universal
ocidjnco-1,F3: FRC-like
ocigcfeh-1,Pericyte1
ockphnnd-1,F2: Universal
oclcaigp-1,F2: Universal
oclckedg-1,F2: Universal
oclgfcoh-1,F2: Universal
oclpmccg-1,F2: Universal
ocmjakdo-1,Mac2
ocnfaink-1,F2: Universal
ocnhmohn-1,F2: Universal
ocopbcgp-1,F2: Universal
ocpbjglh-1,F2: Universal
ocpfmgei-1,Mac2
ocpmlgdg-1,F2: Universal
odaihibe-1,F2: Universal
odammmaj-1,VE3_Ven
odanllpp-1,Pericyte1
odapocng-1,Mast cell
oddcbcbm-1,F2: Universal
oddgnnjc-1,F2: Universal
oddpnlpc-1,F2: Universal
odecfkke-1,F2: Universal
odecjapn-1,F2: Universal
odfohnoj-1,F2: Universal
odggcllp-1,F2: Universal
odgielck-1,F2: Universal
odhgbegi-1,F2: Universal
odhhllof-1,Mast cell
odhknepf-1,F2: Universal
odidgaic-1,F2: Universal
odjdbdfe-1,F2: Universal
odjlloin-1,F2: Universal
odkdkkhi-1,F2: Universal
odlfcoop-1,F2: Universal
odlmojjl-1,F2: Universal
odlpommo-1,F2: Universal
odmkgpdj-1,F2: Universal
odmnpibo-1,T
odnadbeg-1,F2: Universal
odneeekm-1,F2: Universal
odnjiffk-1,F2: Universal
odohaopf-1,Pericyte1
oeaeiaje-1,Mast cell
oeafmgfj-1,F2: Universal
oeahigdg-1,F2: Universal
oeammnpn-1,F2: Universal
oeapebem-1,F2: Universal
oebepodh-1,F2: Universal
oebghiog-1,F2: Universal
oebmpnpi-1,F2: Universal
oecbbino-1,F2: Universal
oeeaigpb-1,Pericyte1
oeefjile-1,F2: Universal
oeeknkoa-1,F2: Universal
oeemohef-1,F2/3: Perivascular
oefihgdh-1,F5: RAMP1+
oegajmom-1,nmSchwann
oegefono-1,Sweat gland
oeghhfpp-1,nmSchwann
oeghogeb-1,nmSchwann
oehbmpik-1,nmSchwann
oehffoaf-1,F5: RAMP1+
oeigiibi-1,Smooth muscle
oeiimjda-1,Smooth muscle
oejeblap-1,nmSchwann
oejicdme-1,nmSchwann
oejjnfhe-1,Sweat gland channel inner
oejkddff-1,F2/3: Perivascular
oejmelfd-1,Sweat gland channel inner
oejpckbm-1,Sweat gland channel inner
oekdafke-1,Sweat gland channel outer
oekflbhd-1,F5: RAMP1+
oeledoai-1,LE
oelejkpk-1,LE
oelnbfpd-1,F2: Universal
oelndflm-1,F2: Universal
oemcnlnj-1,F2: Universal
oemmgjaa-1,F2: Universal
oemokjhj-1,T
oemoklli-1,F2: Universal
oeneiilp-1,F2: Universal
oepfjokb-1,F2/3: Perivascular
oepgmbfp-1,Pericyte1
oepkakbg-1,F2/3: Perivascular
oepnppdo-1,Adipocyte
ofadampd-1,Adipocyte
ofafajpb-1,Adipocyte
ofagkeac-1,Mast cell
ofbdjopa-1,F2: Universal
ofbfajmi-1,Th
ofbhamfg-1,Pericyte1
ofcjgjam-1,F2/3: Perivascular
ofcjiehk-1,F5: RAMP1+
ofdfbepa-1,F5: RAMP1+
ofdfdfhn-1,Pericyte2_VSMC
ofdhjeim-1,Pericyte1
ofdiepbn-1,F5: RAMP1+
ofeajofn-1,F5: RAMP1+
ofeikcbk-1,Adipocyte
ofekldep-1,F2: Universal
offbkehe-1,F5: RAMP1+
offcnonf-1,F2: Universal
offdpckh-1,Adipocyte
offgjjfd-1,Adipocyte
offkldhm-1,F5: RAMP1+
offkmhnp-1,nmSchwann
offncdeo-1,F5: RAMP1+
offogibd-1,Sweat gland Myoepithelial
ofgcfhlp-1,Sweat gland Myoepithelial
ofgchlbi-1,Pericyte1
ofgdnpik-1,Sweat gland Myoepithelial
ofgmadbo-1,Pericyte1
ofgmncla-1,F5: RAMP1+
ofhkpdmg-1,Pericyte2_VSMC
ofiddkbc-1,Pericyte2_VSMC
ofihapni-1,F2: Universal
ofipaoal-1,Pericyte1
ofjclnln-1,Pericyte2_VSMC
ofjiakdd-1,Pericyte2_VSMC
ofjijfbj-1,nmSchwann
ofjmofmi-1,F5: RAMP1+
ofjodmdo-1,nmSchwann
ofkjhhbo-1,Sweat gland
oflckgle-1,F5: RAMP1+
ofnainhi-1,Pericyte2_VSMC
ofnbfomk-1,Pericyte2_VSMC
ofonmnij-1,F5: RAMP1+
ogadgami-1,F5: RAMP1+
ogbjmcna-1,Pericyte1
ogblmbjd-1,F3: FRC-like
ogbnkaja-1,F2/3: Perivascular
ogcedfnk-1,F5: NGFR+
ogcoglaj-1,VE3_Ven
ogcpmkkh-1,VE3_Ven
ogdffkak-1,F2/3: Perivascular
ogdkgnfh-1,Adipocyte
ogebcpcc-1,F2: Universal
ogehbjij-1,Adipocyte
ogeiemfe-1,Adipocyte
ogejgobg-1,nmSchwann
ogekelmc-1,T
ogfamigd-1,Sweat gland
ogfncjkn-1,Pericyte2_VSMC
ogfnochc-1,nmSchwann
oggfhdif-1,Pericyte2_VSMC
oggkcbho-1,Adipocyte
oggmomjh-1,Adipocyte
oggndihi-1,Adipocyte
oggoomdm-1,Adipocyte
oghdfmba-1,VE4_Cap
ogheicie-1,Pericyte1
ogiamlhc-1,Adipocyte
ogihdkki-1,F2/3: Perivascular
ogilllhf-1,Adipocyte
ogiobjam-1,Adipocyte
ogjdiong-1,Pericyte2_VSMC
ogjejhof-1,VE1_Art
ogjgfhjo-1,Pericyte1
ogjpgpbp-1,nmSchwann
ogkecaee-1,VE1_Art
ogkgpnba-1,VE1_Art
ogkmkhbl-1,nmSchwann
oglgjmai-1,Pericyte1
ogmbaffh-1,Pericyte1
ognchegk-1,VE4_Cap
ognchkme-1,VE4_Cap
ogneopjo-1,Pericyte1
ognhkcka-1,Smooth muscle
ogoljfbd-1,F2: Universal
ogopmbpk-1,F2: Universal
ogopppfm-1,F2: Universal
ogpaepbb-1,F2: Universal
ogpaiobb-1,F2: Universal
ohbgpklj-1,T
ohcdibhh-1,Tc0
ohclacjj-1,F2: Universal
oheekloe-1,Mac2
ohfccpee-1,F2: Universal
ohfhpcdm-1,F2: Universal
ohfmiahh-1,F2: Universal
ohfmnecg-1,Pericyte1
ohgaepoo-1,F5: RAMP1+
ohkenmej-1,F2: Universal
ohkmmbkh-1,F2: Universal
ohlddnjk-1,F2/3: Perivascular
ohlhkjfb-1,Adipocyte
ohlnaifb-1,F2: Universal
ohmianen-1,Mast cell
ohncanjk-1,F2: Universal
ohnjflnh-1,F5: RAMP1+
ohnnbboe-1,F5: RAMP1+
ohoiajck-1,Sweat gland channel inner
ohpdjoal-1,Pericyte1
ohpedcde-1,Sweat gland Myoepithelial
ohpfmnmm-1,Mast cell
oiahbmfa-1,F2: Universal
oiaidgho-1,F5: RAMP1+
oianbohm-1,F2: Universal
oiapkbmo-1,F2: Universal
oidcggig-1,Pericyte2_VSMC
oidehhck-1,F5: RAMP1+
oidookdb-1,nmSchwann
oiebbllf-1,F2: Universal
oiegfcjn-1,Sweat gland Myoepithelial
oieiimdp-1,Pericyte2_VSMC
oiemkofb-1,Pericyte2_VSMC
oienfpkj-1,Pericyte2_VSMC
oienjpfc-1,Pericyte2_VSMC
oifcbfeb-1,Pericyte2_VSMC
oifmpplf-1,Pericyte2_VSMC
oigejpmk-1,F5: RAMP1+
oigenbcg-1,Sweat gland
oigijjhl-1,F2: Universal
oihoiojp-1,F2: Universal
oijckndl-1,nmSchwann
oijgjbjg-1,KC5
oijmgeln-1,F5: RAMP1+
oijofjan-1,Mast cell
oikclgbg-1,F5: RAMP1+
oikemhfh-1,Sweat gland Myoepithelial
oiklfmpk-1,Mast cell
oiknolhc-1,KC
oikoeocd-1,nmSchwann
oilbkekf-1,Sweat gland Myoepithelial
oilcaimp-1,nmSchwann
oilcaoah-1,mSchwann
oilibefb-1,nmSchwann
oilkdfga-1,mSchwann
